project_id_demo,project_domain,technology_difficulty,team_size,technologies_count,total_tasks,completed_tasks,pending_tasks,delayed_tasks,progress_percentage,testing_percentage,documentation_percentage,presentation_percentage,bugs,days_remaining,collaboration_rating,previous_evaluation_score,completion_ratio,delay_ratio,remaining_work,schedule_pressure,test_coverage_gap,doc_coverage_gap,bug_density,final_result
DEMO-0001,Mobile Applications,Easy,2,2,18,11,6,1,61.1,31.5,62.6,47.2,4,23,3.6,89.3,0.6111,0.0556,7,0.3043,29.6,0.0,0.3636,1
DEMO-0002,Machine Learning & AI,Medium,2,2,23,23,0,0,100.0,79.7,76.3,98.7,0,9,2.7,87.0,1.0,0.0,0,0.0,20.3,23.7,0.0,1
DEMO-0003,Cybersecurity,Medium,3,1,24,24,0,0,100.0,74.0,78.2,81.7,0,30,4.3,87.2,1.0,0.0,0,0.0,26.0,21.8,0.0,1
DEMO-0004,Internet of Things (IoT),Medium,3,1,24,22,2,0,91.7,69.9,72.5,52.4,3,15,3.1,81.7,0.9167,0.0,2,0.1333,21.8,19.2,0.1364,1
DEMO-0005,Blockchain,Hard,2,2,18,11,7,0,61.1,55.0,55.8,60.2,3,27,4.2,78.1,0.6111,0.0,7,0.2593,6.1,5.3,0.2727,1
DEMO-0006,Cloud Computing,Hard,2,3,37,16,21,0,43.2,13.0,24.3,39.8,4,90,4.0,80.7,0.4324,0.0,21,0.2333,30.2,18.9,0.25,0
DEMO-0007,Web Development,Medium,2,1,33,30,3,0,90.9,59.3,71.9,70.4,1,14,3.8,93.8,0.9091,0.0,3,0.2143,31.6,19.0,0.0333,1
DEMO-0008,Internet of Things (IoT),Medium,2,6,33,10,17,6,30.3,8.1,31.7,24.7,3,44,2.7,76.1,0.303,0.1818,23,0.5227,22.2,0.0,0.3,0
DEMO-0009,Internet of Things (IoT),Medium,2,5,18,15,3,0,83.3,54.1,64.2,43.9,0,39,5.0,93.5,0.8333,0.0,3,0.0769,29.2,19.1,0.0,1
DEMO-0010,Cybersecurity,Hard,1,2,22,14,7,1,63.6,59.8,51.5,52.5,2,54,4.6,97.0,0.6364,0.0455,8,0.1481,3.8,12.1,0.1429,1
DEMO-0011,Internet of Things (IoT),Easy,2,2,35,31,4,0,88.6,63.0,68.2,65.9,1,11,3.2,75.1,0.8857,0.0,4,0.3636,25.6,20.4,0.0323,1
DEMO-0012,Web Development,Medium,1,5,40,21,18,1,52.5,46.8,32.3,42.5,0,51,4.1,69.4,0.525,0.025,19,0.3725,5.7,20.2,0.0,1
DEMO-0013,Cloud Computing,Easy,3,2,26,11,12,3,42.3,3.6,15.5,26.8,4,55,4.7,75.2,0.4231,0.1154,15,0.2727,38.7,26.8,0.3636,0
DEMO-0014,Machine Learning & AI,Medium,2,3,43,3,22,18,7.0,0.0,0.0,6.0,3,73,4.2,67.8,0.0698,0.4186,40,0.5479,7.0,7.0,1.0,0
DEMO-0015,Cloud Computing,Hard,3,1,37,34,3,0,91.9,67.0,84.3,77.7,0,15,3.9,98.0,0.9189,0.0,3,0.2,24.9,7.6,0.0,1
DEMO-0016,Machine Learning & AI,Medium,1,3,12,9,3,0,75.0,37.7,74.2,72.4,3,10,4.9,88.7,0.75,0.0,3,0.3,37.3,0.8,0.3333,1
DEMO-0017,Web Development,Easy,4,4,25,9,15,1,36.0,4.8,32.4,23.9,6,43,4.9,71.6,0.36,0.04,16,0.3721,31.2,3.6,0.6667,0
DEMO-0018,Blockchain,Medium,3,3,11,5,6,0,45.5,17.4,27.8,28.5,2,114,3.6,59.3,0.4545,0.0,6,0.0526,28.1,17.7,0.4,1
DEMO-0019,Internet of Things (IoT),Medium,1,6,31,19,9,3,61.3,48.3,35.3,36.0,1,46,3.3,87.5,0.6129,0.0968,12,0.2609,13.0,26.0,0.0526,1
DEMO-0020,Cloud Computing,Easy,3,5,30,16,12,2,53.3,25.4,39.7,43.5,2,49,2.7,81.6,0.5333,0.0667,14,0.2857,27.9,13.6,0.125,1
DEMO-0021,Cloud Computing,Easy,1,1,12,1,11,0,8.3,0.0,0.0,4.2,4,48,4.4,74.2,0.0833,0.0,11,0.2292,8.3,8.3,4.0,0
DEMO-0022,Data Science & Analytics,Easy,1,1,39,18,18,3,46.2,9.9,22.7,33.0,4,97,3.6,82.5,0.4615,0.0769,21,0.2165,36.3,23.5,0.2222,0
DEMO-0023,Data Science & Analytics,Medium,1,6,27,16,10,1,59.3,49.2,49.7,31.6,0,27,3.3,66.0,0.5926,0.037,11,0.4074,10.1,9.6,0.0,1
DEMO-0024,Blockchain,Medium,3,6,11,9,2,0,81.8,41.0,69.5,65.6,4,14,3.7,83.2,0.8182,0.0,2,0.1429,40.8,12.3,0.4444,1
DEMO-0025,Blockchain,Medium,3,4,20,20,0,0,100.0,85.7,89.3,63.0,0,18,3.0,86.2,1.0,0.0,0,0.0,14.3,10.7,0.0,1
DEMO-0026,Blockchain,Medium,5,4,26,26,0,0,100.0,99.7,100.0,51.6,0,17,3.0,94.6,1.0,0.0,0,0.0,0.3,0.0,0.0,1
DEMO-0027,Machine Learning & AI,Medium,1,2,39,28,7,4,71.8,34.8,72.8,60.2,3,31,3.5,82.7,0.7179,0.1026,11,0.3548,37.0,0.0,0.1071,1
DEMO-0028,Internet of Things (IoT),Easy,3,6,17,13,3,1,76.5,69.0,63.3,57.0,0,24,4.9,73.1,0.7647,0.0588,4,0.1667,7.5,13.2,0.0,1
DEMO-0029,Machine Learning & AI,Medium,3,6,27,22,4,1,81.5,65.0,52.5,71.3,1,47,4.0,93.1,0.8148,0.037,5,0.1064,16.5,29.0,0.0455,1
DEMO-0030,Cybersecurity,Easy,1,3,31,12,15,4,38.7,28.2,27.1,24.0,3,75,4.1,57.4,0.3871,0.129,19,0.2533,10.5,11.6,0.25,1
DEMO-0031,Mobile Applications,Medium,2,2,29,17,11,1,58.6,44.6,50.4,38.5,4,41,4.9,90.3,0.5862,0.0345,12,0.2927,14.0,8.2,0.2353,1
DEMO-0032,Data Science & Analytics,Medium,2,5,28,24,4,0,85.7,83.2,58.8,70.2,0,8,2.8,92.2,0.8571,0.0,4,0.5,2.5,26.9,0.0,1
DEMO-0033,Data Science & Analytics,Medium,1,1,26,18,7,1,69.2,61.0,47.0,38.7,1,11,4.0,98.0,0.6923,0.0385,8,0.7273,8.2,22.2,0.0556,1
DEMO-0034,Blockchain,Medium,2,5,37,12,20,5,32.4,22.9,34.8,19.0,1,42,2.9,59.5,0.3243,0.1351,25,0.5952,9.5,0.0,0.0833,0
DEMO-0035,Data Science & Analytics,Medium,1,6,28,15,10,3,53.6,23.5,31.5,35.0,4,38,4.8,78.2,0.5357,0.1071,13,0.3421,30.1,22.1,0.2667,1
DEMO-0036,Cloud Computing,Medium,4,5,44,26,14,4,59.1,28.6,25.0,59.1,2,66,4.6,65.7,0.5909,0.0909,18,0.2727,30.5,34.1,0.0769,1
DEMO-0037,Machine Learning & AI,Medium,3,3,21,16,4,1,76.2,62.4,58.7,67.1,0,3,3.6,76.0,0.7619,0.0476,5,1.6667,13.8,17.5,0.0,1
DEMO-0038,Blockchain,Hard,3,1,44,27,16,1,61.4,46.9,58.7,39.5,1,72,3.7,89.5,0.6136,0.0227,17,0.2361,14.5,2.7,0.037,1
DEMO-0039,Internet of Things (IoT),Medium,2,1,45,23,21,1,51.1,27.6,40.9,37.9,5,63,3.1,67.4,0.5111,0.0222,22,0.3492,23.5,10.2,0.2174,1
DEMO-0040,Machine Learning & AI,Hard,2,4,31,27,3,1,87.1,70.3,82.6,67.0,4,11,3.3,86.8,0.871,0.0323,4,0.3636,16.8,4.5,0.1481,1
DEMO-0041,Cybersecurity,Hard,5,2,34,12,15,7,35.3,8.9,16.5,18.3,4,82,4.9,69.5,0.3529,0.2059,22,0.2683,26.4,18.8,0.3333,0
DEMO-0042,Data Science & Analytics,Easy,4,1,19,10,6,3,52.6,34.9,20.3,48.7,0,67,3.5,70.6,0.5263,0.1579,9,0.1343,17.7,32.3,0.0,1
DEMO-0043,Data Science & Analytics,Hard,1,1,25,25,0,0,100.0,60.6,83.0,52.3,2,23,3.2,73.8,1.0,0.0,0,0.0,39.4,17.0,0.08,1
DEMO-0044,Blockchain,Medium,3,2,21,5,14,2,23.8,11.2,0.3,22.6,1,115,3.9,84.4,0.2381,0.0952,16,0.1391,12.6,23.5,0.2,0
DEMO-0045,Cloud Computing,Medium,2,3,39,34,4,1,87.2,57.1,85.6,55.6,2,23,4.7,84.5,0.8718,0.0256,5,0.2174,30.1,1.6,0.0588,1
DEMO-0046,Data Science & Analytics,Hard,4,2,32,2,28,2,6.2,0.0,0.0,3.2,7,78,2.6,59.1,0.0625,0.0625,30,0.3846,6.2,6.2,3.5,0
DEMO-0047,Cloud Computing,Medium,2,2,18,15,2,1,83.3,46.6,51.4,75.1,0,26,4.9,98.0,0.8333,0.0556,3,0.1154,36.7,31.9,0.0,1
DEMO-0048,Blockchain,Hard,3,3,15,15,0,0,100.0,66.8,67.1,55.4,2,19,3.7,76.0,1.0,0.0,0,0.0,33.2,32.9,0.1333,1
DEMO-0049,Cybersecurity,Hard,1,1,39,33,5,1,84.6,81.5,61.6,70.7,0,18,4.9,92.0,0.8462,0.0256,6,0.3333,3.1,23.0,0.0,1
DEMO-0050,Machine Learning & AI,Hard,3,4,36,36,0,0,100.0,78.8,99.7,95.1,1,14,3.4,85.8,1.0,0.0,0,0.0,21.2,0.3,0.0278,1
DEMO-0051,Mobile Applications,Hard,3,1,23,15,6,2,65.2,53.4,61.8,37.4,1,46,2.5,74.3,0.6522,0.087,8,0.1739,11.8,3.4,0.0667,1
DEMO-0052,Machine Learning & AI,Medium,3,1,11,2,8,1,18.2,8.9,18.5,9.7,4,87,4.4,61.6,0.1818,0.0909,9,0.1034,9.3,0.0,2.0,0
DEMO-0053,Internet of Things (IoT),Hard,1,6,43,16,22,5,37.2,4.2,29.1,30.2,5,82,3.9,74.5,0.3721,0.1163,27,0.3293,33.0,8.1,0.3125,0
DEMO-0054,Cloud Computing,Medium,2,1,17,17,0,0,100.0,82.1,90.9,70.8,1,12,3.3,87.7,1.0,0.0,0,0.0,17.9,9.1,0.0588,1
DEMO-0055,Machine Learning & AI,Medium,2,1,15,6,6,3,40.0,29.1,20.1,34.4,1,74,4.0,55.9,0.4,0.2,9,0.1216,10.9,19.9,0.1667,1
DEMO-0056,Internet of Things (IoT),Easy,2,1,32,30,2,0,93.8,72.6,73.9,77.0,2,11,4.0,81.4,0.9375,0.0,2,0.1818,21.2,19.9,0.0667,1
DEMO-0057,Web Development,Easy,3,3,31,14,8,9,45.2,31.4,34.0,29.9,2,75,4.0,79.3,0.4516,0.2903,17,0.2267,13.8,11.2,0.1429,1
DEMO-0058,Web Development,Medium,2,6,37,18,17,2,48.6,29.1,41.4,40.5,2,30,3.1,77.3,0.4865,0.0541,19,0.6333,19.5,7.2,0.1111,1
DEMO-0059,Internet of Things (IoT),Medium,1,2,26,13,11,2,50.0,32.3,26.9,43.6,2,71,2.5,81.4,0.5,0.0769,13,0.1831,17.7,23.1,0.1538,1
DEMO-0060,Blockchain,Medium,3,4,28,4,24,0,14.3,0.0,0.0,8.9,3,102,3.5,78.5,0.1429,0.0,24,0.2353,14.3,14.3,0.75,0
DEMO-0061,Cybersecurity,Easy,3,1,42,24,15,3,57.1,49.2,24.7,44.6,3,46,3.6,70.7,0.5714,0.0714,18,0.3913,7.9,32.4,0.125,1
DEMO-0062,Cybersecurity,Hard,2,2,38,5,23,10,13.2,0.0,16.6,12.1,5,55,4.1,67.4,0.1316,0.2632,33,0.6,13.2,0.0,1.0,0
DEMO-0063,Blockchain,Medium,2,6,12,7,4,1,58.3,43.4,26.9,43.9,5,40,2.6,88.0,0.5833,0.0833,5,0.125,14.9,31.4,0.7143,1
DEMO-0064,Machine Learning & AI,Medium,4,4,36,15,14,7,41.7,25.0,22.5,33.4,1,18,3.3,68.7,0.4167,0.1944,21,1.1667,16.7,19.2,0.0667,0
DEMO-0065,Cybersecurity,Medium,3,6,35,8,20,7,22.9,0.0,5.5,12.5,2,108,3.6,66.6,0.2286,0.2,27,0.25,22.9,17.4,0.25,0
DEMO-0066,Machine Learning & AI,Hard,2,4,22,9,6,7,40.9,29.8,18.0,36.2,2,54,4.3,79.6,0.4091,0.3182,13,0.2407,11.1,22.9,0.2222,0
DEMO-0067,Internet of Things (IoT),Hard,2,6,38,14,9,15,36.8,27.6,24.6,27.7,4,75,4.9,57.3,0.3684,0.3947,24,0.32,9.2,12.2,0.2857,0
DEMO-0068,Machine Learning & AI,Hard,1,4,33,13,19,1,39.4,10.5,15.3,24.1,7,48,4.7,79.3,0.3939,0.0303,20,0.4167,28.9,24.1,0.5385,0
DEMO-0069,Blockchain,Medium,1,1,33,10,12,11,30.3,0.0,20.2,22.3,2,93,2.5,57.3,0.303,0.3333,23,0.2473,30.3,10.1,0.2,0
DEMO-0070,Machine Learning & AI,Medium,3,5,37,10,21,6,27.0,0.0,0.5,21.6,6,47,4.1,56.8,0.2703,0.1622,27,0.5745,27.0,26.5,0.6,0
DEMO-0071,Cloud Computing,Medium,2,2,36,8,25,3,22.2,0.0,22.6,15.4,4,75,3.1,65.0,0.2222,0.0833,28,0.3733,22.2,0.0,0.5,0
DEMO-0072,Cybersecurity,Easy,3,1,31,9,20,2,29.0,9.1,22.8,16.5,0,88,2.6,72.9,0.2903,0.0645,22,0.25,19.9,6.2,0.0,0
DEMO-0073,Web Development,Medium,2,4,44,31,10,3,70.5,58.9,41.9,50.8,1,51,3.3,84.3,0.7045,0.0682,13,0.2549,11.6,28.6,0.0323,1
DEMO-0074,Cybersecurity,Hard,2,1,37,14,16,7,37.8,28.1,16.1,27.0,4,116,3.6,59.2,0.3784,0.1892,23,0.1983,9.7,21.7,0.2857,0
DEMO-0075,Cybersecurity,Medium,2,6,13,2,7,4,15.4,5.7,14.2,10.6,6,104,2.6,57.1,0.1538,0.3077,11,0.1058,9.7,1.2,3.0,0
DEMO-0076,Cybersecurity,Medium,3,5,18,12,5,1,66.7,34.7,49.9,42.1,2,40,4.3,82.4,0.6667,0.0556,6,0.15,32.0,16.8,0.1667,1
DEMO-0077,Data Science & Analytics,Easy,1,1,38,7,19,12,18.4,0.0,13.7,15.6,4,58,4.5,76.0,0.1842,0.3158,31,0.5345,18.4,4.7,0.5714,0
DEMO-0078,Internet of Things (IoT),Hard,1,4,11,5,4,2,45.5,21.8,31.0,25.6,7,56,4.1,62.2,0.4545,0.1818,6,0.1071,23.7,14.5,1.4,0
DEMO-0079,Cybersecurity,Easy,3,5,21,18,2,1,85.7,78.2,53.2,46.2,0,20,4.1,84.9,0.8571,0.0476,3,0.15,7.5,32.5,0.0,1
DEMO-0080,Cloud Computing,Medium,1,6,20,12,6,2,60.0,46.2,33.4,32.4,5,53,4.4,77.5,0.6,0.1,8,0.1509,13.8,26.6,0.4167,1
DEMO-0081,Blockchain,Medium,1,6,44,23,10,11,52.3,44.0,35.8,42.0,5,62,4.7,76.2,0.5227,0.25,21,0.3387,8.3,16.5,0.2174,1
DEMO-0082,Cybersecurity,Hard,1,3,42,39,2,1,92.9,83.8,79.2,58.0,0,32,4.5,98.0,0.9286,0.0238,3,0.0938,9.1,13.7,0.0,1
DEMO-0083,Internet of Things (IoT),Hard,2,5,39,21,14,4,53.8,30.2,30.2,38.5,2,42,4.3,72.6,0.5385,0.1026,18,0.4286,23.6,23.6,0.0952,1
DEMO-0084,Blockchain,Easy,2,3,45,12,29,4,26.7,1.0,22.1,18.3,1,64,3.9,65.0,0.2667,0.0889,33,0.5156,25.7,4.6,0.0833,0
DEMO-0085,Blockchain,Medium,1,2,31,22,8,1,71.0,50.4,49.3,52.4,1,13,3.4,82.0,0.7097,0.0323,9,0.6923,20.6,21.7,0.0455,1
DEMO-0086,Cloud Computing,Hard,3,6,11,4,5,2,36.4,9.1,11.9,25.1,2,55,3.1,59.8,0.3636,0.1818,7,0.1273,27.3,24.5,0.5,0
DEMO-0087,Internet of Things (IoT),Easy,2,2,36,19,16,1,52.8,36.6,48.5,35.4,2,31,4.2,91.5,0.5278,0.0278,17,0.5484,16.2,4.3,0.1053,1
DEMO-0088,Cloud Computing,Medium,1,2,27,12,13,2,44.4,32.0,29.7,42.9,2,38,3.2,64.4,0.4444,0.0741,15,0.3947,12.4,14.7,0.1667,1
DEMO-0089,Blockchain,Hard,5,2,28,6,11,11,21.4,8.7,22.8,13.2,2,59,3.5,63.2,0.2143,0.3929,22,0.3729,12.7,0.0,0.3333,0
DEMO-0090,Machine Learning & AI,Easy,2,2,36,22,9,5,61.1,55.2,46.9,53.1,2,21,4.8,85.8,0.6111,0.1389,14,0.6667,5.9,14.2,0.0909,1
DEMO-0091,Machine Learning & AI,Hard,1,4,41,12,24,5,29.3,0.0,6.6,18.6,7,52,3.3,75.9,0.2927,0.122,29,0.5577,29.3,22.7,0.5833,0
DEMO-0092,Machine Learning & AI,Easy,2,3,22,3,12,7,13.6,4.4,6.6,9.0,0,65,2.5,57.6,0.1364,0.3182,19,0.2923,9.2,7.0,0.0,0
DEMO-0093,Cloud Computing,Hard,2,6,10,3,3,4,30.0,0.1,4.3,24.6,6,62,3.4,56.8,0.3,0.4,7,0.1129,29.9,25.7,2.0,0
DEMO-0094,Data Science & Analytics,Easy,3,5,33,26,6,1,78.8,67.4,61.0,42.6,2,61,3.8,72.1,0.7879,0.0303,7,0.1148,11.4,17.8,0.0769,1
DEMO-0095,Mobile Applications,Easy,2,5,22,15,5,2,68.2,64.1,54.9,51.6,0,46,3.9,72.3,0.6818,0.0909,7,0.1522,4.1,13.3,0.0,1
DEMO-0096,Cloud Computing,Medium,2,1,23,13,10,0,56.5,34.0,60.4,39.8,5,30,4.4,88.4,0.5652,0.0,10,0.3333,22.5,0.0,0.3846,1
DEMO-0097,Blockchain,Medium,4,4,34,13,16,5,38.2,10.4,21.8,19.2,2,34,4.9,65.8,0.3824,0.1471,21,0.6176,27.8,16.4,0.1538,1
DEMO-0098,Blockchain,Medium,3,2,39,18,20,1,46.2,9.5,23.8,23.5,1,49,2.7,66.6,0.4615,0.0256,21,0.4286,36.7,22.4,0.0556,1
DEMO-0099,Web Development,Easy,1,4,24,14,9,1,58.3,27.4,42.3,36.1,0,33,5.0,62.9,0.5833,0.0417,10,0.303,30.9,16.0,0.0,1
DEMO-0100,Cloud Computing,Easy,4,6,21,13,7,1,61.9,44.9,52.0,54.3,3,42,3.1,81.0,0.619,0.0476,8,0.1905,17.0,9.9,0.2308,1
DEMO-0101,Machine Learning & AI,Hard,4,5,36,31,4,1,86.1,54.7,82.8,54.6,2,11,4.0,80.7,0.8611,0.0278,5,0.4545,31.4,3.3,0.0645,1
DEMO-0102,Internet of Things (IoT),Medium,4,3,29,27,2,0,93.1,87.4,66.6,64.3,0,11,4.1,85.2,0.931,0.0,2,0.1818,5.7,26.5,0.0,1
DEMO-0103,Data Science & Analytics,Medium,3,6,40,29,11,0,72.5,61.7,67.4,45.2,1,31,4.1,92.1,0.725,0.0,11,0.3548,10.8,5.1,0.0345,1
DEMO-0104,Data Science & Analytics,Hard,2,4,39,8,20,11,20.5,21.4,0.0,18.1,2,80,2.8,64.1,0.2051,0.2821,31,0.3875,0.0,20.5,0.25,0
DEMO-0105,Machine Learning & AI,Easy,2,3,13,7,3,3,53.8,42.4,35.8,27.4,4,53,4.2,97.9,0.5385,0.2308,6,0.1132,11.4,18.0,0.5714,1
DEMO-0106,Mobile Applications,Hard,2,2,22,9,10,3,40.9,27.9,9.3,33.7,2,23,2.7,64.9,0.4091,0.1364,13,0.5652,13.0,31.6,0.2222,0
DEMO-0107,Web Development,Medium,3,1,41,31,9,1,75.6,58.9,46.3,58.3,3,25,2.6,76.7,0.7561,0.0244,10,0.4,16.7,29.3,0.0968,1
DEMO-0108,Internet of Things (IoT),Medium,3,6,35,30,5,0,85.7,55.6,62.3,76.7,2,16,4.3,64.1,0.8571,0.0,5,0.3125,30.1,23.4,0.0667,1
DEMO-0109,Web Development,Easy,1,1,31,16,11,4,51.6,25.6,42.9,35.6,4,51,3.2,85.2,0.5161,0.129,15,0.2941,26.0,8.7,0.25,1
DEMO-0110,Cloud Computing,Easy,3,6,19,15,3,1,78.9,72.0,67.3,55.5,0,16,2.7,73.5,0.7895,0.0526,4,0.25,6.9,11.6,0.0,1
DEMO-0111,Cybersecurity,Hard,1,4,34,25,5,4,73.5,54.1,71.1,47.8,1,16,3.4,87.6,0.7353,0.1176,9,0.5625,19.4,2.4,0.04,1
DEMO-0112,Data Science & Analytics,Medium,1,1,18,6,8,4,33.3,12.4,18.8,22.0,2,90,3.0,61.9,0.3333,0.2222,12,0.1333,20.9,14.5,0.3333,0
DEMO-0113,Cybersecurity,Medium,3,4,25,9,13,3,36.0,34.2,20.9,35.0,2,51,3.6,73.0,0.36,0.12,16,0.3137,1.8,15.1,0.2222,1
DEMO-0114,Blockchain,Medium,1,3,25,13,11,1,52.0,23.7,21.2,48.6,2,73,3.9,77.5,0.52,0.04,12,0.1644,28.3,30.8,0.1538,1
DEMO-0115,Mobile Applications,Easy,1,6,32,5,15,12,15.6,0.0,0.0,10.7,6,85,4.4,59.5,0.1562,0.375,27,0.3176,15.6,15.6,1.2,0
DEMO-0116,Cybersecurity,Hard,2,3,36,29,7,0,80.6,66.6,64.2,44.2,4,17,3.6,86.4,0.8056,0.0,7,0.4118,14.0,16.4,0.1379,1
DEMO-0117,Mobile Applications,Easy,2,1,20,18,2,0,90.0,55.1,74.0,62.8,4,15,4.7,97.8,0.9,0.0,2,0.1333,34.9,16.0,0.2222,1
DEMO-0118,Web Development,Medium,1,6,14,9,4,1,64.3,48.9,51.7,44.8,2,29,3.4,85.6,0.6429,0.0714,5,0.1724,15.4,12.6,0.2222,1
DEMO-0119,Cloud Computing,Hard,2,6,18,7,8,3,38.9,19.1,20.0,37.3,6,49,3.9,72.5,0.3889,0.1667,11,0.2245,19.8,18.9,0.8571,0
DEMO-0120,Cybersecurity,Hard,2,3,10,5,4,1,50.0,24.9,37.1,29.2,5,61,2.6,75.5,0.5,0.1,5,0.082,25.1,12.9,1.0,0
DEMO-0121,Cloud Computing,Easy,2,4,41,26,8,7,63.4,58.8,27.3,34.9,2,59,4.4,72.1,0.6341,0.1707,15,0.2542,4.6,36.1,0.0769,1
DEMO-0122,Data Science & Analytics,Medium,4,1,38,38,0,0,100.0,78.7,81.9,80.8,0,14,4.5,93.5,1.0,0.0,0,0.0,21.3,18.1,0.0,1
DEMO-0123,Cloud Computing,Medium,1,6,28,10,18,0,35.7,10.7,16.7,22.3,4,62,4.6,82.2,0.3571,0.0,18,0.2903,25.0,19.0,0.4,1
DEMO-0124,Data Science & Analytics,Easy,2,6,36,10,26,0,27.8,0.0,4.5,20.7,1,74,2.5,70.3,0.2778,0.0,26,0.3514,27.8,23.3,0.1,1
DEMO-0125,Data Science & Analytics,Medium,3,1,44,30,11,3,68.2,57.4,45.2,60.1,2,35,2.7,64.0,0.6818,0.0682,14,0.4,10.8,23.0,0.0667,1
DEMO-0126,Mobile Applications,Hard,1,4,10,8,2,0,80.0,73.2,69.9,54.4,1,4,3.4,88.0,0.8,0.0,2,0.5,6.8,10.1,0.125,1
DEMO-0127,Blockchain,Medium,3,2,37,25,9,3,67.6,62.1,52.8,48.1,0,25,3.7,58.5,0.6757,0.0811,12,0.48,5.5,14.8,0.0,1
DEMO-0128,Mobile Applications,Easy,2,3,18,9,5,4,50.0,36.6,42.4,33.8,2,47,4.1,79.8,0.5,0.2222,9,0.1915,13.4,7.6,0.2222,1
DEMO-0129,Data Science & Analytics,Hard,1,1,18,12,5,1,66.7,41.1,49.9,61.6,2,36,4.7,68.0,0.6667,0.0556,6,0.1667,25.6,16.8,0.1667,1
DEMO-0130,Internet of Things (IoT),Medium,2,1,25,18,7,0,72.0,49.3,67.1,67.0,2,60,3.6,76.9,0.72,0.0,7,0.1167,22.7,4.9,0.1111,1
DEMO-0131,Data Science & Analytics,Hard,3,1,14,3,10,1,21.4,15.4,0.0,11.6,3,59,3.8,65.3,0.2143,0.0714,11,0.1864,6.0,21.4,1.0,0
DEMO-0132,Cybersecurity,Medium,2,6,14,8,5,1,57.1,29.5,60.0,47.6,5,87,4.4,86.3,0.5714,0.0714,6,0.069,27.6,0.0,0.625,1
DEMO-0133,Web Development,Easy,5,5,43,33,9,1,76.7,45.6,77.2,40.8,4,30,4.1,77.0,0.7674,0.0233,10,0.3333,31.1,0.0,0.1212,1
DEMO-0134,Web Development,Medium,2,3,20,7,13,0,35.0,24.3,30.4,25.8,1,70,4.8,79.3,0.35,0.0,13,0.1857,10.7,4.6,0.1429,0
DEMO-0135,Web Development,Medium,4,6,36,12,22,2,33.3,19.2,32.7,17.4,1,74,2.7,79.5,0.3333,0.0556,24,0.3243,14.1,0.6,0.0833,1
DEMO-0136,Cloud Computing,Medium,2,1,33,11,18,4,33.3,2.0,27.8,31.6,1,63,2.9,71.6,0.3333,0.1212,22,0.3492,31.3,5.5,0.0909,0
DEMO-0137,Cybersecurity,Medium,3,1,31,2,23,6,6.5,0.0,0.0,6.2,5,107,3.5,71.9,0.0645,0.1935,29,0.271,6.5,6.5,2.5,0
DEMO-0138,Mobile Applications,Medium,2,6,35,5,21,9,14.3,0.0,0.0,9.1,3,55,4.9,73.3,0.1429,0.2571,30,0.5455,14.3,14.3,0.6,0
DEMO-0139,Mobile Applications,Easy,1,4,30,5,23,2,16.7,4.1,0.0,8.7,3,53,2.9,54.0,0.1667,0.0667,25,0.4717,12.6,16.7,0.6,0
DEMO-0140,Blockchain,Medium,3,3,21,1,18,2,4.8,0.0,1.9,4.4,4,73,2.8,64.9,0.0476,0.0952,20,0.274,4.8,2.9,4.0,0
DEMO-0141,Mobile Applications,Medium,2,1,11,11,0,0,100.0,100.0,64.9,74.8,0,6,4.2,95.2,1.0,0.0,0,0.0,0.0,35.1,0.0,1
DEMO-0142,Machine Learning & AI,Medium,2,2,12,9,2,1,75.0,59.8,65.0,61.6,2,46,3.1,92.5,0.75,0.0833,3,0.0652,15.2,10.0,0.2222,1
DEMO-0143,Web Development,Hard,3,3,40,13,16,11,32.5,22.0,5.9,32.4,3,53,3.4,67.0,0.325,0.275,27,0.5094,10.5,26.6,0.2308,0
DEMO-0144,Machine Learning & AI,Easy,3,3,44,33,5,6,75.0,47.6,56.8,63.7,4,27,2.6,76.6,0.75,0.1364,11,0.4074,27.4,18.2,0.1212,1
DEMO-0145,Machine Learning & AI,Medium,1,4,44,15,27,2,34.1,1.7,33.5,32.7,2,61,2.6,79.5,0.3409,0.0455,29,0.4754,32.4,0.6,0.1333,0
DEMO-0146,Machine Learning & AI,Hard,3,3,14,8,5,1,57.1,26.9,25.3,33.5,5,72,4.2,89.8,0.5714,0.0714,6,0.0833,30.2,31.8,0.625,1
DEMO-0147,Internet of Things (IoT),Medium,3,4,29,21,8,0,72.4,47.3,57.2,65.5,3,36,3.1,88.1,0.7241,0.0,8,0.2222,25.1,15.2,0.1429,1
DEMO-0148,Machine Learning & AI,Medium,1,3,30,5,20,5,16.7,3.7,10.9,9.3,8,43,2.6,57.3,0.1667,0.1667,25,0.5814,13.0,5.8,1.6,0
DEMO-0149,Machine Learning & AI,Hard,2,4,32,22,4,6,68.8,58.4,61.1,40.3,0,45,2.9,79.7,0.6875,0.1875,10,0.2222,10.4,7.7,0.0,1
DEMO-0150,Mobile Applications,Medium,5,4,11,7,3,1,63.6,53.7,46.2,61.2,3,65,3.2,77.9,0.6364,0.0909,4,0.0615,9.9,17.4,0.4286,1
DEMO-0151,Web Development,Medium,2,4,19,5,10,4,26.3,0.0,18.6,19.3,6,116,3.2,77.2,0.2632,0.2105,14,0.1207,26.3,7.7,1.2,0
DEMO-0152,Cybersecurity,Hard,2,4,12,3,6,3,25.0,0.0,12.8,19.3,7,86,3.1,74.8,0.25,0.25,9,0.1047,25.0,12.2,2.3333,0
DEMO-0153,Blockchain,Hard,3,4,25,19,5,1,76.0,55.8,63.5,44.6,3,38,4.9,92.0,0.76,0.04,6,0.1579,20.2,12.5,0.1579,1
DEMO-0154,Blockchain,Easy,3,2,19,14,4,1,73.7,58.0,53.0,65.8,0,25,4.0,82.9,0.7368,0.0526,5,0.2,15.7,20.7,0.0,1
DEMO-0155,Machine Learning & AI,Easy,2,1,16,11,4,1,68.8,51.7,54.4,39.3,2,55,4.2,82.1,0.6875,0.0625,5,0.0909,17.1,14.4,0.1818,1
DEMO-0156,Cybersecurity,Medium,1,4,27,25,2,0,92.6,72.1,64.4,52.5,2,15,4.4,82.2,0.9259,0.0,2,0.1333,20.5,28.2,0.08,1
DEMO-0157,Mobile Applications,Easy,1,4,41,37,3,1,90.2,74.3,65.5,53.8,0,21,4.6,85.7,0.9024,0.0244,4,0.1905,15.9,24.7,0.0,1
DEMO-0158,Cybersecurity,Medium,2,4,42,25,15,2,59.5,35.9,32.9,37.4,5,79,2.7,80.4,0.5952,0.0476,17,0.2152,23.6,26.6,0.2,1
DEMO-0159,Internet of Things (IoT),Hard,2,6,23,8,2,13,34.8,10.9,20.6,31.4,4,63,4.3,70.8,0.3478,0.5652,15,0.2381,23.9,14.2,0.5,0
DEMO-0160,Blockchain,Hard,2,2,39,12,20,7,30.8,5.2,12.0,24.5,5,58,3.2,71.5,0.3077,0.1795,27,0.4655,25.6,18.8,0.4167,0
DEMO-0161,Cloud Computing,Medium,4,3,29,6,23,0,20.7,5.7,22.3,13.4,3,79,3.5,67.7,0.2069,0.0,23,0.2911,15.0,0.0,0.5,0
DEMO-0162,Internet of Things (IoT),Medium,3,6,44,22,17,5,50.0,36.4,35.8,36.8,4,32,4.3,58.5,0.5,0.1136,22,0.6875,13.6,14.2,0.1818,1
DEMO-0163,Cybersecurity,Medium,1,2,29,17,7,5,58.6,31.4,37.1,35.0,3,39,4.7,71.4,0.5862,0.1724,12,0.3077,27.2,21.5,0.1765,1
DEMO-0164,Web Development,Hard,1,2,31,17,9,5,54.8,29.4,30.2,32.2,6,74,2.6,71.2,0.5484,0.1613,14,0.1892,25.4,24.6,0.3529,0
DEMO-0165,Machine Learning & AI,Medium,1,1,18,10,7,1,55.6,28.0,46.5,31.4,2,39,3.8,69.8,0.5556,0.0556,8,0.2051,27.6,9.1,0.2,1
DEMO-0166,Web Development,Medium,2,6,43,29,11,3,67.4,31.9,47.6,38.1,1,23,4.0,83.9,0.6744,0.0698,14,0.6087,35.5,19.8,0.0345,1
DEMO-0167,Web Development,Medium,2,5,13,9,4,0,69.2,43.9,62.8,49.2,1,27,4.2,79.8,0.6923,0.0,4,0.1481,25.3,6.4,0.1111,1
DEMO-0168,Machine Learning & AI,Medium,4,5,17,9,5,3,52.9,27.6,39.8,30.7,2,81,3.7,80.8,0.5294,0.1765,8,0.0988,25.3,13.1,0.2222,0
DEMO-0169,Cybersecurity,Easy,1,1,17,13,4,0,76.5,61.3,73.7,56.0,3,13,4.5,82.5,0.7647,0.0,4,0.3077,15.2,2.8,0.2308,1
DEMO-0170,Cybersecurity,Hard,2,6,17,1,14,2,5.9,0.0,5.5,4.1,2,91,3.2,50.0,0.0588,0.1176,16,0.1758,5.9,0.4,2.0,0
DEMO-0171,Blockchain,Medium,3,1,18,18,0,0,100.0,79.0,91.1,51.4,0,43,4.7,95.2,1.0,0.0,0,0.0,21.0,8.9,0.0,1
DEMO-0172,Data Science & Analytics,Hard,1,4,38,2,32,4,5.3,0.0,0.0,4.4,2,84,3.8,57.4,0.0526,0.1053,36,0.4286,5.3,5.3,1.0,0
DEMO-0173,Blockchain,Medium,1,3,34,13,15,6,38.2,14.2,27.2,29.6,2,79,3.5,80.8,0.3824,0.1765,21,0.2658,24.0,11.0,0.1538,1
DEMO-0174,Data Science & Analytics,Easy,2,3,17,17,0,0,100.0,78.2,71.7,78.1,1,9,4.2,97.2,1.0,0.0,0,0.0,21.8,28.3,0.0588,1
DEMO-0175,Web Development,Hard,3,3,45,27,11,7,60.0,50.3,43.4,46.4,0,25,4.3,67.3,0.6,0.1556,18,0.72,9.7,16.6,0.0,0
DEMO-0176,Machine Learning & AI,Hard,3,4,16,6,8,2,37.5,26.1,28.3,35.5,5,76,4.1,75.4,0.375,0.125,10,0.1316,11.4,9.2,0.8333,0
DEMO-0177,Data Science & Analytics,Easy,3,5,37,25,8,4,67.6,45.2,36.2,66.9,3,26,4.4,80.1,0.6757,0.1081,12,0.4615,22.4,31.4,0.12,1
DEMO-0178,Cloud Computing,Medium,1,4,42,29,10,3,69.0,47.1,66.9,46.4,1,89,2.8,75.3,0.6905,0.0714,13,0.1461,21.9,2.1,0.0345,1
DEMO-0179,Machine Learning & AI,Medium,3,3,17,10,5,2,58.8,38.6,62.3,31.0,2,16,3.0,82.5,0.5882,0.1176,7,0.4375,20.2,0.0,0.2,1
DEMO-0180,Cloud Computing,Medium,1,1,28,7,16,5,25.0,0.0,4.2,17.4,2,86,4.5,69.5,0.25,0.1786,21,0.2442,25.0,20.8,0.2857,0
DEMO-0181,Web Development,Hard,2,6,30,30,0,0,100.0,91.0,79.8,79.4,0,11,3.0,82.6,1.0,0.0,0,0.0,9.0,20.2,0.0,1
DEMO-0182,Data Science & Analytics,Easy,3,2,21,14,6,1,66.7,50.0,68.0,64.3,4,36,2.6,90.1,0.6667,0.0476,7,0.1944,16.7,0.0,0.2857,1
DEMO-0183,Cloud Computing,Medium,2,3,14,10,3,1,71.4,63.0,62.7,43.5,1,31,3.8,88.0,0.7143,0.0714,4,0.129,8.4,8.7,0.1,1
DEMO-0184,Web Development,Easy,2,2,25,23,2,0,92.0,71.5,63.6,83.8,0,9,3.8,78.4,0.92,0.0,2,0.2222,20.5,28.4,0.0,1
DEMO-0185,Cloud Computing,Hard,1,5,15,15,0,0,100.0,82.7,72.0,76.9,0,14,4.7,91.7,1.0,0.0,0,0.0,17.3,28.0,0.0,1
DEMO-0186,Mobile Applications,Medium,1,4,31,2,15,14,6.5,0.0,7.5,3.3,1,114,2.7,61.9,0.0645,0.4516,29,0.2544,6.5,0.0,0.5,0
DEMO-0187,Mobile Applications,Medium,2,3,29,17,10,2,58.6,40.9,31.1,38.0,1,52,3.4,88.5,0.5862,0.069,12,0.2308,17.7,27.5,0.0588,1
DEMO-0188,Machine Learning & AI,Easy,1,5,35,19,9,7,54.3,27.0,47.4,49.8,1,35,2.8,71.4,0.5429,0.2,16,0.4571,27.3,6.9,0.0526,1
DEMO-0189,Web Development,Hard,4,5,39,32,6,1,82.1,69.7,62.4,43.9,4,28,3.3,91.2,0.8205,0.0256,7,0.25,12.4,19.7,0.125,1
DEMO-0190,Cloud Computing,Medium,1,5,33,28,5,0,84.8,66.7,80.7,62.8,0,24,3.4,82.0,0.8485,0.0,5,0.2083,18.1,4.1,0.0,1
DEMO-0191,Machine Learning & AI,Medium,1,3,18,17,1,0,94.4,78.1,62.5,57.2,1,9,3.9,81.8,0.9444,0.0,1,0.1111,16.3,31.9,0.0588,1
DEMO-0192,Data Science & Analytics,Medium,1,4,24,18,4,2,75.0,66.8,68.4,73.7,2,19,4.2,82.7,0.75,0.0833,6,0.3158,8.2,6.6,0.1111,1
DEMO-0193,Machine Learning & AI,Easy,4,6,19,12,6,1,63.2,57.4,61.0,46.4,1,31,4.7,74.8,0.6316,0.0526,7,0.2258,5.8,2.2,0.0833,1
DEMO-0194,Mobile Applications,Medium,2,3,26,17,7,2,65.4,36.8,38.0,40.0,4,43,3.4,85.8,0.6538,0.0769,9,0.2093,28.6,27.4,0.2353,1
DEMO-0195,Data Science & Analytics,Hard,1,2,38,17,18,3,44.7,39.5,40.8,33.1,1,87,3.7,61.6,0.4474,0.0789,21,0.2414,5.2,3.9,0.0588,1
DEMO-0196,Blockchain,Easy,1,5,20,3,12,5,15.0,0.0,0.0,12.3,2,107,4.6,69.8,0.15,0.25,17,0.1589,15.0,15.0,0.6667,0
DEMO-0197,Data Science & Analytics,Hard,1,4,19,16,2,1,84.2,62.7,67.1,46.7,1,18,3.8,93.1,0.8421,0.0526,3,0.1667,21.5,17.1,0.0625,1
DEMO-0198,Machine Learning & AI,Medium,1,5,12,9,2,1,75.0,42.7,46.8,62.9,2,17,3.8,80.9,0.75,0.0833,3,0.1765,32.3,28.2,0.2222,1
DEMO-0199,Blockchain,Easy,3,4,32,20,11,1,62.5,40.5,33.5,53.4,3,23,3.9,81.6,0.625,0.0312,12,0.5217,22.0,29.0,0.15,1
DEMO-0200,Internet of Things (IoT),Medium,2,3,16,5,9,2,31.2,14.0,16.0,22.0,5,95,3.7,62.4,0.3125,0.125,11,0.1158,17.2,15.2,1.0,0
DEMO-0201,Cloud Computing,Hard,2,6,35,30,3,2,85.7,68.5,70.3,72.7,4,39,2.6,94.3,0.8571,0.0571,5,0.1282,17.2,15.4,0.1333,1
DEMO-0202,Mobile Applications,Hard,2,5,37,12,22,3,32.4,0.0,28.1,31.8,5,52,4.9,74.6,0.3243,0.0811,25,0.4808,32.4,4.3,0.4167,0
DEMO-0203,Data Science & Analytics,Easy,4,5,28,9,14,5,32.1,1.6,6.3,22.5,2,101,3.5,73.0,0.3214,0.1786,19,0.1881,30.5,25.8,0.2222,1
DEMO-0204,Mobile Applications,Hard,2,6,45,36,7,2,80.0,75.1,69.4,56.3,1,9,3.9,76.7,0.8,0.0444,9,1.0,4.9,10.6,0.0278,1
DEMO-0205,Mobile Applications,Hard,5,5,26,22,2,2,84.6,77.4,87.6,84.4,1,43,4.3,90.0,0.8462,0.0769,4,0.093,7.2,0.0,0.0455,1
DEMO-0206,Cybersecurity,Medium,1,3,25,7,15,3,28.0,16.3,14.0,16.6,0,91,4.8,73.2,0.28,0.12,18,0.1978,11.7,14.0,0.0,0
DEMO-0207,Internet of Things (IoT),Medium,4,2,24,8,12,4,33.3,34.0,14.6,33.1,1,91,4.7,63.6,0.3333,0.1667,16,0.1758,0.0,18.7,0.125,1
DEMO-0208,Cloud Computing,Medium,3,2,13,8,3,2,61.5,31.6,52.4,46.7,0,43,4.2,83.9,0.6154,0.1538,5,0.1163,29.9,9.1,0.0,1
DEMO-0209,Mobile Applications,Medium,2,3,21,13,6,2,61.9,41.5,53.2,36.5,3,31,4.9,73.4,0.619,0.0952,8,0.2581,20.4,8.7,0.2308,1
DEMO-0210,Cloud Computing,Hard,2,4,22,1,18,3,4.5,0.0,0.0,3.5,9,81,2.7,64.2,0.0455,0.1364,21,0.2593,4.5,4.5,9.0,0
DEMO-0211,Cloud Computing,Medium,2,4,31,8,20,3,25.8,8.4,0.0,16.6,3,65,4.2,62.4,0.2581,0.0968,23,0.3538,17.4,25.8,0.375,1
DEMO-0212,Mobile Applications,Medium,2,6,19,16,2,1,84.2,68.8,72.8,55.3,3,22,3.2,84.0,0.8421,0.0526,3,0.1364,15.4,11.4,0.1875,1
DEMO-0213,Cloud Computing,Hard,3,3,43,37,6,0,86.0,61.6,84.8,45.7,2,9,3.9,89.0,0.8605,0.0,6,0.6667,24.4,1.2,0.0541,1
DEMO-0214,Mobile Applications,Easy,2,1,34,14,19,1,41.2,18.3,16.7,27.3,3,72,3.7,85.2,0.4118,0.0294,20,0.2778,22.9,24.5,0.2143,1
DEMO-0215,Data Science & Analytics,Easy,4,5,21,9,8,4,42.9,30.9,30.9,32.7,4,29,3.4,73.8,0.4286,0.1905,12,0.4138,12.0,12.0,0.4444,1
DEMO-0216,Data Science & Analytics,Hard,2,1,37,29,5,3,78.4,43.4,58.4,64.5,3,23,3.1,93.4,0.7838,0.0811,8,0.3478,35.0,20.0,0.1034,1
DEMO-0217,Cloud Computing,Medium,3,3,36,13,22,1,36.1,17.5,34.1,18.4,3,51,3.2,88.1,0.3611,0.0278,23,0.451,18.6,2.0,0.2308,0
DEMO-0218,Web Development,Easy,1,4,23,12,10,1,52.2,23.5,28.4,28.0,3,69,3.0,80.5,0.5217,0.0435,11,0.1594,28.7,23.8,0.25,1
DEMO-0219,Blockchain,Hard,1,6,25,14,6,5,56.0,22.3,50.1,43.4,5,41,3.1,63.7,0.56,0.2,11,0.2683,33.7,5.9,0.3571,0
DEMO-0220,Web Development,Hard,1,1,25,15,8,2,60.0,32.8,36.6,44.3,4,47,2.9,78.8,0.6,0.08,10,0.2128,27.2,23.4,0.2667,1
DEMO-0221,Data Science & Analytics,Easy,2,6,13,1,11,1,7.7,0.0,0.0,5.2,2,62,3.1,73.8,0.0769,0.0769,12,0.1935,7.7,7.7,2.0,0
DEMO-0222,Cloud Computing,Medium,2,5,21,13,7,1,61.9,34.4,53.6,56.3,5,54,3.4,90.0,0.619,0.0476,8,0.1481,27.5,8.3,0.3846,1
DEMO-0223,Blockchain,Medium,4,5,33,26,5,2,78.8,66.8,58.9,64.7,1,17,2.7,79.0,0.7879,0.0606,7,0.4118,12.0,19.9,0.0385,1
DEMO-0224,Machine Learning & AI,Easy,1,1,41,11,30,0,26.8,1.7,19.3,23.0,3,42,4.8,70.4,0.2683,0.0,30,0.7143,25.1,7.5,0.2727,0
DEMO-0225,Mobile Applications,Medium,2,3,45,41,3,1,91.1,77.9,82.3,56.1,2,28,3.0,86.9,0.9111,0.0222,4,0.1429,13.2,8.8,0.0488,1
DEMO-0226,Machine Learning & AI,Medium,2,6,16,12,3,1,75.0,68.5,53.8,62.2,2,30,5.0,75.5,0.75,0.0625,4,0.1333,6.5,21.2,0.1667,1
DEMO-0227,Cybersecurity,Medium,5,3,36,21,10,5,58.3,28.9,56.0,40.7,1,15,5.0,75.4,0.5833,0.1389,15,1.0,29.4,2.3,0.0476,1
DEMO-0228,Cloud Computing,Easy,5,2,30,3,12,15,10.0,0.0,7.6,6.8,5,64,3.2,67.7,0.1,0.5,27,0.4219,10.0,2.4,1.6667,0
DEMO-0229,Cloud Computing,Hard,1,4,23,16,6,1,69.6,28.6,49.2,54.9,3,18,4.5,93.2,0.6957,0.0435,7,0.3889,41.0,20.4,0.1875,1
DEMO-0230,Blockchain,Medium,4,2,10,6,3,1,60.0,38.3,36.2,59.1,6,47,3.9,85.2,0.6,0.1,4,0.0851,21.7,23.8,1.0,1
DEMO-0231,Blockchain,Easy,2,4,13,8,4,1,61.5,55.6,43.9,61.4,2,52,3.1,74.0,0.6154,0.0769,5,0.0962,5.9,17.6,0.25,1
DEMO-0232,Cybersecurity,Medium,2,1,36,21,13,2,58.3,51.1,28.1,42.0,4,40,3.6,82.7,0.5833,0.0556,15,0.375,7.2,30.2,0.1905,1
DEMO-0233,Cybersecurity,Easy,3,1,17,13,4,0,76.5,54.3,62.9,66.6,2,22,3.0,84.2,0.7647,0.0,4,0.1818,22.2,13.6,0.1538,1
DEMO-0234,Data Science & Analytics,Medium,5,6,11,5,5,1,45.5,18.9,28.6,43.5,5,58,4.7,89.6,0.4545,0.0909,6,0.1034,26.6,16.9,1.0,1
DEMO-0235,Blockchain,Easy,2,6,16,11,5,0,68.8,63.9,45.7,68.7,1,16,3.2,86.0,0.6875,0.0,5,0.3125,4.9,23.1,0.0909,1
DEMO-0236,Blockchain,Hard,3,1,45,43,2,0,95.6,61.2,68.4,80.6,0,10,3.1,98.0,0.9556,0.0,2,0.2,34.4,27.2,0.0,1
DEMO-0237,Cybersecurity,Medium,1,6,18,10,8,0,55.6,34.6,29.2,43.5,2,31,3.3,65.1,0.5556,0.0,8,0.2581,21.0,26.4,0.2,1
DEMO-0238,Mobile Applications,Easy,3,2,11,7,4,0,63.6,29.3,69.0,37.7,3,33,4.0,70.4,0.6364,0.0,4,0.1212,34.3,0.0,0.4286,1
DEMO-0239,Internet of Things (IoT),Easy,1,1,40,13,18,9,32.5,18.0,14.7,31.3,2,83,3.1,81.2,0.325,0.225,27,0.3253,14.5,17.8,0.1538,0
DEMO-0240,Internet of Things (IoT),Easy,4,4,41,26,7,8,63.4,43.8,44.4,61.5,1,40,4.0,62.9,0.6341,0.1951,15,0.375,19.6,19.0,0.0385,1
DEMO-0241,Web Development,Medium,2,1,25,10,12,3,40.0,31.2,24.9,29.2,3,50,3.2,86.1,0.4,0.12,15,0.3,8.8,15.1,0.3,0
DEMO-0242,Machine Learning & AI,Medium,2,1,42,6,24,12,14.3,0.0,0.0,12.2,2,65,4.7,70.3,0.1429,0.2857,36,0.5538,14.3,14.3,0.3333,0
DEMO-0243,Machine Learning & AI,Medium,1,1,38,31,5,2,81.6,64.1,82.4,76.3,1,27,2.9,90.8,0.8158,0.0526,7,0.2593,17.5,0.0,0.0323,1
DEMO-0244,Web Development,Medium,2,4,28,23,5,0,82.1,50.9,55.5,50.8,1,47,4.1,76.4,0.8214,0.0,5,0.1064,31.2,26.6,0.0435,1
DEMO-0245,Web Development,Easy,2,5,45,37,8,0,82.2,62.9,63.1,45.6,1,16,2.9,87.7,0.8222,0.0,8,0.5,19.3,19.1,0.027,1
DEMO-0246,Machine Learning & AI,Hard,3,3,12,5,6,1,41.7,19.9,36.4,35.3,5,74,3.3,67.8,0.4167,0.0833,7,0.0946,21.8,5.3,1.0,0
DEMO-0247,Internet of Things (IoT),Medium,1,6,43,33,9,1,76.7,42.6,70.5,58.3,2,8,3.7,90.5,0.7674,0.0233,10,1.25,34.1,6.2,0.0606,1
DEMO-0248,Internet of Things (IoT),Medium,5,1,17,1,13,3,5.9,0.0,0.0,4.8,1,51,4.1,59.5,0.0588,0.1765,16,0.3137,5.9,5.9,1.0,0
DEMO-0249,Mobile Applications,Medium,2,3,10,2,7,1,20.0,5.0,8.4,11.6,2,90,4.7,67.0,0.2,0.1,8,0.0889,15.0,11.6,1.0,0
DEMO-0250,Blockchain,Hard,1,5,29,17,3,9,58.6,51.4,52.1,33.7,3,25,3.3,70.6,0.5862,0.3103,12,0.48,7.2,6.5,0.1765,0
DEMO-0251,Machine Learning & AI,Medium,2,5,17,14,2,1,82.4,41.1,75.1,73.5,1,13,4.8,88.4,0.8235,0.0588,3,0.2308,41.3,7.3,0.0714,1
DEMO-0252,Data Science & Analytics,Hard,1,3,40,30,6,4,75.0,52.3,68.2,64.7,3,31,3.5,85.1,0.75,0.1,10,0.3226,22.7,6.8,0.1,1
DEMO-0253,Cloud Computing,Hard,3,5,15,7,2,6,46.7,21.0,41.7,35.8,3,68,4.2,80.3,0.4667,0.4,8,0.1176,25.7,5.0,0.4286,0
DEMO-0254,Mobile Applications,Easy,2,5,16,6,8,2,37.5,24.1,21.0,25.1,3,79,2.6,88.3,0.375,0.125,10,0.1266,13.4,16.5,0.5,1
DEMO-0255,Web Development,Easy,1,4,35,6,24,5,17.1,0.0,9.4,12.5,3,54,2.7,62.9,0.1714,0.1429,29,0.537,17.1,7.7,0.5,0
DEMO-0256,Mobile Applications,Medium,3,6,39,14,22,3,35.9,17.9,28.7,24.2,2,63,2.8,82.5,0.359,0.0769,25,0.3968,18.0,7.2,0.1429,0
DEMO-0257,Mobile Applications,Medium,2,3,44,20,22,2,45.5,32.3,12.0,35.7,2,50,3.9,83.0,0.4545,0.0455,24,0.48,13.2,33.5,0.1,1
DEMO-0258,Mobile Applications,Medium,3,4,17,14,2,1,82.4,50.0,66.6,44.9,2,29,4.7,94.1,0.8235,0.0588,3,0.1034,32.4,15.8,0.1429,1
DEMO-0259,Web Development,Hard,3,4,44,13,26,5,29.5,0.5,9.3,28.2,6,44,4.0,63.9,0.2955,0.1136,31,0.7045,29.0,20.2,0.4615,0
DEMO-0260,Machine Learning & AI,Hard,1,5,13,1,6,6,7.7,0.0,0.0,6.6,2,94,3.5,51.0,0.0769,0.4615,12,0.1277,7.7,7.7,2.0,0
DEMO-0261,Data Science & Analytics,Easy,2,3,36,16,20,0,44.4,9.6,38.6,32.3,3,108,4.0,66.9,0.4444,0.0,20,0.1852,34.8,5.8,0.1875,1
DEMO-0262,Blockchain,Medium,2,3,24,8,12,4,33.3,2.6,26.5,28.4,3,52,4.0,73.2,0.3333,0.1667,16,0.3077,30.7,6.8,0.375,0
DEMO-0263,Cloud Computing,Medium,1,5,15,3,8,4,20.0,0.0,0.0,14.5,4,78,3.9,65.7,0.2,0.2667,12,0.1538,20.0,20.0,1.3333,0
DEMO-0264,Cloud Computing,Medium,1,5,29,24,4,1,82.8,85.3,63.5,53.3,0,19,2.8,97.2,0.8276,0.0345,5,0.2632,0.0,19.3,0.0,1
DEMO-0265,Cloud Computing,Easy,2,3,10,5,3,2,50.0,14.9,45.5,25.8,3,18,4.9,83.9,0.5,0.2,5,0.2778,35.1,4.5,0.6,1
DEMO-0266,Data Science & Analytics,Hard,2,4,25,14,5,6,56.0,31.7,43.5,41.3,5,41,3.1,73.6,0.56,0.24,11,0.2683,24.3,12.5,0.3571,1
DEMO-0267,Cloud Computing,Easy,4,1,28,20,8,0,71.4,55.8,46.7,45.2,1,8,3.1,75.8,0.7143,0.0,8,1.0,15.6,24.7,0.05,1
DEMO-0268,Internet of Things (IoT),Medium,2,2,43,15,19,9,34.9,7.2,32.0,25.2,2,51,4.3,70.4,0.3488,0.2093,28,0.549,27.7,2.9,0.1333,0
DEMO-0269,Mobile Applications,Easy,2,2,17,15,2,0,88.2,60.9,60.0,64.7,3,20,4.1,80.7,0.8824,0.0,2,0.1,27.3,28.2,0.2,1
DEMO-0270,Blockchain,Medium,3,3,26,6,19,1,23.1,20.1,8.8,17.2,1,61,4.0,71.0,0.2308,0.0385,20,0.3279,3.0,14.3,0.1667,0
DEMO-0271,Machine Learning & AI,Medium,2,5,16,14,2,0,87.5,53.3,75.6,72.8,1,11,2.9,71.9,0.875,0.0,2,0.1818,34.2,11.9,0.0714,1
DEMO-0272,Web Development,Medium,4,4,40,24,10,6,60.0,63.7,42.9,47.0,1,53,3.3,77.1,0.6,0.15,16,0.3019,0.0,17.1,0.0417,1
DEMO-0273,Mobile Applications,Medium,4,3,15,12,3,0,80.0,67.7,49.0,57.5,2,15,2.8,85.4,0.8,0.0,3,0.2,12.3,31.0,0.1667,1
DEMO-0274,Internet of Things (IoT),Medium,1,5,29,21,7,1,72.4,57.6,39.2,67.7,0,58,2.9,65.7,0.7241,0.0345,8,0.1379,14.8,33.2,0.0,1
DEMO-0275,Web Development,Medium,2,1,40,32,6,2,80.0,70.6,60.5,64.6,0,8,4.5,91.1,0.8,0.05,8,1.0,9.4,19.5,0.0,1
DEMO-0276,Blockchain,Medium,5,5,44,16,17,11,36.4,23.3,25.8,30.9,3,96,2.9,71.3,0.3636,0.25,28,0.2917,13.1,10.6,0.1875,0
DEMO-0277,Machine Learning & AI,Easy,3,5,34,31,3,0,91.2,66.0,81.1,64.4,2,19,4.0,79.9,0.9118,0.0,3,0.1579,25.2,10.1,0.0645,1
DEMO-0278,Data Science & Analytics,Medium,1,3,32,16,13,3,50.0,9.8,30.9,30.2,4,34,3.0,78.5,0.5,0.0938,16,0.4706,40.2,19.1,0.25,1
DEMO-0279,Data Science & Analytics,Medium,1,1,13,8,5,0,61.5,56.4,35.5,58.3,0,39,4.0,78.8,0.6154,0.0,5,0.1282,5.1,26.0,0.0,1
DEMO-0280,Cybersecurity,Easy,1,2,16,7,8,1,43.8,27.2,45.2,30.1,1,78,4.3,58.4,0.4375,0.0625,9,0.1154,16.6,0.0,0.1429,1
DEMO-0281,Internet of Things (IoT),Medium,1,5,13,6,5,2,46.2,40.1,32.8,36.5,2,81,4.6,68.8,0.4615,0.1538,7,0.0864,6.1,13.4,0.3333,1
DEMO-0282,Data Science & Analytics,Hard,1,4,39,19,9,11,48.7,31.5,40.0,38.3,3,38,3.5,98.0,0.4872,0.2821,20,0.5263,17.2,8.7,0.1579,0
DEMO-0283,Web Development,Medium,2,6,16,8,8,0,50.0,48.7,33.0,46.4,4,65,2.6,86.7,0.5,0.0,8,0.1231,1.3,17.0,0.5,1
DEMO-0284,Blockchain,Easy,4,6,39,30,9,0,76.9,53.6,64.0,62.0,1,38,4.5,83.8,0.7692,0.0,9,0.2368,23.3,12.9,0.0333,1
DEMO-0285,Cybersecurity,Medium,1,6,33,31,1,1,93.9,90.0,76.6,58.2,0,10,4.1,98.0,0.9394,0.0303,2,0.2,3.9,17.3,0.0,1
DEMO-0286,Internet of Things (IoT),Hard,3,3,32,21,5,6,65.6,37.6,51.4,50.2,1,17,4.7,72.4,0.6562,0.1875,11,0.6471,28.0,14.2,0.0476,1
DEMO-0287,Mobile Applications,Easy,4,1,15,9,6,0,60.0,38.4,38.6,30.6,2,45,2.7,84.3,0.6,0.0,6,0.1333,21.6,21.4,0.2222,1
DEMO-0288,Cybersecurity,Medium,2,6,30,14,11,5,46.7,28.1,20.5,28.6,2,49,4.9,74.3,0.4667,0.1667,16,0.3265,18.6,26.2,0.1429,1
DEMO-0289,Cybersecurity,Medium,5,5,20,13,4,3,65.0,63.6,61.0,50.8,2,18,4.2,84.6,0.65,0.15,7,0.3889,1.4,4.0,0.1538,1
DEMO-0290,Data Science & Analytics,Medium,1,3,17,15,2,0,88.2,81.8,59.2,58.7,0,17,3.2,98.0,0.8824,0.0,2,0.1176,6.4,29.0,0.0,1
DEMO-0291,Machine Learning & AI,Hard,3,4,31,21,9,1,67.7,26.8,55.7,55.6,5,40,3.8,81.8,0.6774,0.0323,10,0.25,40.9,12.0,0.2381,1
DEMO-0292,Internet of Things (IoT),Easy,2,4,15,11,3,1,73.3,64.1,47.5,52.3,1,8,3.4,80.4,0.7333,0.0667,4,0.5,9.2,25.8,0.0909,1
DEMO-0293,Data Science & Analytics,Hard,1,6,38,24,13,1,63.2,48.5,35.9,41.2,3,33,5.0,76.4,0.6316,0.0263,14,0.4242,14.7,27.3,0.125,0
DEMO-0294,Blockchain,Easy,2,3,36,15,19,2,41.7,23.9,20.3,31.2,3,85,3.1,73.7,0.4167,0.0556,21,0.2471,17.8,21.4,0.2,1
DEMO-0295,Cloud Computing,Hard,3,4,17,13,3,1,76.5,59.9,54.2,60.5,4,43,3.6,88.3,0.7647,0.0588,4,0.093,16.6,22.3,0.3077,1
DEMO-0296,Mobile Applications,Medium,3,1,26,12,13,1,46.2,32.6,35.0,35.3,4,50,3.8,74.4,0.4615,0.0385,14,0.28,13.6,11.2,0.3333,1
DEMO-0297,Mobile Applications,Medium,1,3,30,23,4,3,76.7,43.1,71.5,56.9,2,19,4.8,82.1,0.7667,0.1,7,0.3684,33.6,5.2,0.087,1
DEMO-0298,Internet of Things (IoT),Hard,3,5,43,39,3,1,90.7,60.2,92.0,61.1,2,26,3.4,94.1,0.907,0.0233,4,0.1538,30.5,0.0,0.0513,1
DEMO-0299,Cybersecurity,Easy,2,6,17,6,9,2,35.3,7.4,19.4,31.0,8,44,3.0,77.1,0.3529,0.1176,11,0.25,27.9,15.9,1.3333,0
DEMO-0300,Web Development,Medium,4,1,14,6,8,0,42.9,20.5,21.0,27.4,1,82,3.4,77.9,0.4286,0.0,8,0.0976,22.4,21.9,0.1667,1
DEMO-0301,Internet of Things (IoT),Medium,1,5,10,5,4,1,50.0,4.7,25.8,42.5,2,35,3.6,67.7,0.5,0.1,5,0.1429,45.3,24.2,0.4,0
DEMO-0302,Cybersecurity,Hard,2,5,24,11,7,6,45.8,23.3,27.3,24.8,3,64,2.8,71.5,0.4583,0.25,13,0.2031,22.5,18.5,0.2727,0
DEMO-0303,Cloud Computing,Medium,3,2,45,27,11,7,60.0,43.5,56.2,41.9,0,66,4.1,67.4,0.6,0.1556,18,0.2727,16.5,3.8,0.0,1
DEMO-0304,Blockchain,Medium,5,6,20,5,9,6,25.0,0.0,15.3,15.9,4,113,4.9,60.2,0.25,0.3,15,0.1327,25.0,9.7,0.8,0
DEMO-0305,Blockchain,Hard,2,2,39,9,13,17,23.1,21.9,7.6,19.4,3,60,3.3,65.6,0.2308,0.4359,30,0.5,1.2,15.5,0.3333,0
DEMO-0306,Data Science & Analytics,Hard,1,6,41,16,23,2,39.0,10.6,12.6,27.0,3,46,4.6,69.7,0.3902,0.0488,25,0.5435,28.4,26.4,0.1875,0
DEMO-0307,Machine Learning & AI,Medium,4,3,20,13,6,1,65.0,45.4,38.1,49.0,5,50,3.2,81.9,0.65,0.05,7,0.14,19.6,26.9,0.3846,1
DEMO-0308,Cybersecurity,Hard,2,1,11,6,5,0,54.5,23.1,38.2,54.3,8,42,3.4,73.2,0.5455,0.0,5,0.119,31.4,16.3,1.3333,0
DEMO-0309,Cloud Computing,Medium,4,1,29,9,20,0,31.0,18.8,29.3,20.4,1,101,3.5,69.6,0.3103,0.0,20,0.198,12.2,1.7,0.1111,1
DEMO-0310,Mobile Applications,Medium,1,4,42,30,8,4,71.4,51.4,59.0,66.1,1,17,3.2,98.0,0.7143,0.0952,12,0.7059,20.0,12.4,0.0333,1
DEMO-0311,Blockchain,Hard,2,1,16,10,4,2,62.5,39.2,45.1,41.0,1,43,3.5,90.0,0.625,0.125,6,0.1395,23.3,17.4,0.1,1
DEMO-0312,Machine Learning & AI,Hard,2,5,21,11,9,1,52.4,12.5,27.9,37.6,2,51,4.3,80.7,0.5238,0.0476,10,0.1961,39.9,24.5,0.1818,1
DEMO-0313,Data Science & Analytics,Easy,1,6,29,18,10,1,62.1,55.2,66.4,40.7,2,21,3.9,81.1,0.6207,0.0345,11,0.5238,6.9,0.0,0.1111,1
DEMO-0314,Web Development,Easy,2,1,26,22,4,0,84.6,58.3,56.1,55.6,2,21,4.7,92.0,0.8462,0.0,4,0.1905,26.3,28.5,0.0909,1
DEMO-0315,Cybersecurity,Medium,4,4,18,4,13,1,22.2,0.0,13.0,19.7,5,66,3.3,72.5,0.2222,0.0556,14,0.2121,22.2,9.2,1.25,0
DEMO-0316,Internet of Things (IoT),Hard,1,1,21,5,14,2,23.8,10.0,14.8,15.2,7,53,3.4,64.0,0.2381,0.0952,16,0.3019,13.8,9.0,1.4,0
DEMO-0317,Web Development,Medium,4,1,13,9,3,1,69.2,49.0,31.1,43.4,1,21,4.8,94.5,0.6923,0.0769,4,0.1905,20.2,38.1,0.1111,1
DEMO-0318,Machine Learning & AI,Hard,2,6,36,25,10,1,69.4,46.3,54.7,66.6,2,16,4.6,77.8,0.6944,0.0278,11,0.6875,23.1,14.7,0.08,1
DEMO-0319,Cybersecurity,Medium,3,5,30,17,9,4,56.7,42.6,57.5,55.8,5,70,4.4,85.1,0.5667,0.1333,13,0.1857,14.1,0.0,0.2941,1
DEMO-0320,Cybersecurity,Medium,4,2,26,4,15,7,15.4,0.0,0.0,12.1,4,44,4.9,74.8,0.1538,0.2692,22,0.5,15.4,15.4,1.0,0
DEMO-0321,Internet of Things (IoT),Hard,5,2,26,20,3,3,76.9,47.9,72.3,73.8,3,34,4.6,74.7,0.7692,0.1154,6,0.1765,29.0,4.6,0.15,1
DEMO-0322,Internet of Things (IoT),Easy,4,3,28,21,6,1,75.0,44.8,66.4,67.2,0,16,3.2,81.7,0.75,0.0357,7,0.4375,30.2,8.6,0.0,1
DEMO-0323,Internet of Things (IoT),Medium,3,4,15,3,9,3,20.0,0.0,13.8,13.3,2,76,3.7,67.6,0.2,0.2,12,0.1579,20.0,6.2,0.6667,0
DEMO-0324,Web Development,Easy,2,4,29,29,0,0,100.0,87.6,91.2,63.0,3,7,2.6,98.0,1.0,0.0,0,0.0,12.4,8.8,0.1034,1
DEMO-0325,Cloud Computing,Medium,4,3,26,17,8,1,65.4,33.6,65.3,58.8,2,24,3.0,70.3,0.6538,0.0385,9,0.375,31.8,0.1,0.1176,1
DEMO-0326,Data Science & Analytics,Medium,3,4,17,17,0,0,100.0,71.3,95.3,93.4,1,4,4.6,90.0,1.0,0.0,0,0.0,28.7,4.7,0.0588,1
DEMO-0327,Internet of Things (IoT),Medium,5,5,21,14,3,4,66.7,45.3,44.5,61.3,2,41,2.6,69.4,0.6667,0.1905,7,0.1707,21.4,22.2,0.1429,1
DEMO-0328,Data Science & Analytics,Medium,5,5,10,5,5,0,50.0,22.4,41.2,46.6,1,83,3.2,78.9,0.5,0.0,5,0.0602,27.6,8.8,0.2,1
DEMO-0329,Blockchain,Easy,2,2,35,9,12,14,25.7,5.3,0.0,14.5,3,113,2.7,79.0,0.2571,0.4,26,0.2301,20.4,25.7,0.3333,0
DEMO-0330,Data Science & Analytics,Hard,2,5,37,10,18,9,27.0,5.8,5.6,22.2,8,61,4.8,56.7,0.2703,0.2432,27,0.4426,21.2,21.4,0.8,0
DEMO-0331,Mobile Applications,Medium,2,4,29,13,15,1,44.8,30.5,37.1,33.7,7,54,4.4,76.7,0.4483,0.0345,16,0.2963,14.3,7.7,0.5385,1
DEMO-0332,Blockchain,Easy,2,6,29,13,10,6,44.8,37.5,34.0,24.2,2,82,3.1,69.5,0.4483,0.2069,16,0.1951,7.3,10.8,0.1538,1
DEMO-0333,Web Development,Easy,1,2,40,15,14,11,37.5,18.1,24.1,33.8,1,34,2.8,68.5,0.375,0.275,25,0.7353,19.4,13.4,0.0667,0
DEMO-0334,Web Development,Medium,1,1,23,12,11,0,52.2,38.4,52.2,37.1,1,34,2.9,82.8,0.5217,0.0,11,0.3235,13.8,0.0,0.0833,1
DEMO-0335,Data Science & Analytics,Medium,4,5,25,3,17,5,12.0,0.0,0.0,9.5,4,95,4.8,64.3,0.12,0.2,22,0.2316,12.0,12.0,1.3333,0
DEMO-0336,Internet of Things (IoT),Medium,2,4,30,14,15,1,46.7,25.5,26.1,34.3,1,47,3.1,77.3,0.4667,0.0333,16,0.3404,21.2,20.6,0.0714,0
DEMO-0337,Cybersecurity,Hard,4,6,39,8,23,8,20.5,0.0,0.2,17.1,8,57,2.9,79.2,0.2051,0.2051,31,0.5439,20.5,20.3,1.0,0
DEMO-0338,Blockchain,Hard,2,2,23,16,5,2,69.6,51.1,61.9,42.7,6,53,3.1,80.5,0.6957,0.087,7,0.1321,18.5,7.7,0.375,1
DEMO-0339,Cybersecurity,Hard,3,5,27,27,0,0,100.0,62.9,71.6,89.1,2,18,4.5,68.3,1.0,0.0,0,0.0,37.1,28.4,0.0741,1
DEMO-0340,Web Development,Medium,1,1,23,19,4,0,82.6,61.5,76.8,47.0,1,10,3.6,73.0,0.8261,0.0,4,0.4,21.1,5.8,0.0526,1
DEMO-0341,Internet of Things (IoT),Hard,2,3,42,11,21,10,26.2,13.2,6.0,25.1,3,84,4.9,74.3,0.2619,0.2381,31,0.369,13.0,20.2,0.2727,0
DEMO-0342,Web Development,Medium,3,6,43,38,5,0,88.4,56.8,78.3,72.1,0,14,4.7,94.7,0.8837,0.0,5,0.3571,31.6,10.1,0.0,1
DEMO-0343,Cloud Computing,Medium,2,3,10,9,1,0,90.0,62.2,67.2,81.5,4,27,3.5,89.6,0.9,0.0,1,0.037,27.8,22.8,0.4444,1
DEMO-0344,Web Development,Medium,2,6,18,12,5,1,66.7,50.8,39.2,51.4,1,40,3.1,82.0,0.6667,0.0556,6,0.15,15.9,27.5,0.0833,1
DEMO-0345,Mobile Applications,Medium,3,3,42,25,16,1,59.5,27.2,41.8,56.4,0,79,4.2,77.1,0.5952,0.0238,17,0.2152,32.3,17.7,0.0,1
DEMO-0346,Cloud Computing,Medium,3,6,18,12,5,1,66.7,35.6,47.1,61.0,3,19,2.7,76.2,0.6667,0.0556,6,0.3158,31.1,19.6,0.25,1
DEMO-0347,Internet of Things (IoT),Medium,2,5,35,18,15,2,51.4,17.9,45.9,29.4,3,29,3.7,72.9,0.5143,0.0571,17,0.5862,33.5,5.5,0.1667,1
DEMO-0348,Mobile Applications,Medium,2,1,20,20,0,0,100.0,90.1,94.8,68.6,0,10,3.3,75.9,1.0,0.0,0,0.0,9.9,5.2,0.0,1
DEMO-0349,Machine Learning & AI,Hard,2,3,28,11,16,1,39.3,2.0,8.0,31.6,4,52,3.8,73.8,0.3929,0.0357,17,0.3269,37.3,31.3,0.3636,0
DEMO-0350,Data Science & Analytics,Easy,3,1,36,18,18,0,50.0,42.9,32.1,44.3,2,53,3.9,82.3,0.5,0.0,18,0.3396,7.1,17.9,0.1111,1
DEMO-0351,Internet of Things (IoT),Hard,2,1,43,2,39,2,4.7,0.0,0.0,3.8,7,78,4.0,66.4,0.0465,0.0465,41,0.5256,4.7,4.7,3.5,0
DEMO-0352,Cybersecurity,Medium,2,5,30,14,15,1,46.7,36.6,15.3,39.2,3,36,4.0,73.2,0.4667,0.0333,16,0.4444,10.1,31.4,0.2143,1
DEMO-0353,Web Development,Medium,1,2,36,31,4,1,86.1,77.9,57.1,66.9,0,9,3.7,92.8,0.8611,0.0278,5,0.5556,8.2,29.0,0.0,1
DEMO-0354,Web Development,Medium,5,6,16,6,7,3,37.5,27.8,5.9,25.7,0,53,4.5,63.1,0.375,0.1875,10,0.1887,9.7,31.6,0.0,1
DEMO-0355,Data Science & Analytics,Easy,3,5,28,19,8,1,67.9,56.0,61.2,37.0,2,49,2.8,79.7,0.6786,0.0357,9,0.1837,11.9,6.7,0.1053,1
DEMO-0356,Cloud Computing,Hard,1,5,30,29,1,0,96.7,57.7,100.0,92.9,2,20,3.7,98.0,0.9667,0.0,1,0.05,39.0,0.0,0.069,1
DEMO-0357,Blockchain,Medium,3,4,35,22,10,3,62.9,40.1,58.5,31.7,6,50,3.4,66.6,0.6286,0.0857,13,0.26,22.8,4.4,0.2727,1
DEMO-0358,Web Development,Hard,3,6,32,10,14,8,31.2,0.0,16.1,26.6,5,95,3.0,74.3,0.3125,0.25,22,0.2316,31.2,15.1,0.5,0
DEMO-0359,Blockchain,Easy,2,5,41,15,15,11,36.6,16.9,41.8,34.4,2,68,3.0,64.6,0.3659,0.2683,26,0.3824,19.7,0.0,0.1333,1
DEMO-0360,Cloud Computing,Medium,4,1,37,12,16,9,32.4,1.5,23.8,23.5,2,20,3.5,61.4,0.3243,0.2432,25,1.25,30.9,8.6,0.1667,0
DEMO-0361,Web Development,Hard,1,6,37,36,1,0,97.3,77.7,100.0,89.5,1,8,2.8,71.3,0.973,0.0,1,0.125,19.6,0.0,0.0278,1
DEMO-0362,Web Development,Hard,2,2,14,12,1,1,85.7,79.3,76.8,79.2,1,16,4.5,98.0,0.8571,0.0714,2,0.125,6.4,8.9,0.0833,1
DEMO-0363,Web Development,Medium,2,1,16,10,5,1,62.5,38.0,47.6,56.1,1,43,4.0,79.3,0.625,0.0625,6,0.1395,24.5,14.9,0.1,1
DEMO-0364,Web Development,Medium,2,2,16,8,7,1,50.0,25.3,34.4,43.1,0,89,3.0,76.6,0.5,0.0625,8,0.0899,24.7,15.6,0.0,1
DEMO-0365,Machine Learning & AI,Medium,2,6,32,18,13,1,56.2,45.3,37.9,42.3,2,79,4.6,74.4,0.5625,0.0312,14,0.1772,10.9,18.3,0.1111,1
DEMO-0366,Internet of Things (IoT),Medium,1,1,31,10,17,4,32.3,0.0,21.5,21.5,4,51,3.6,70.3,0.3226,0.129,21,0.4118,32.3,10.8,0.4,0
DEMO-0367,Internet of Things (IoT),Hard,2,6,24,13,7,4,54.2,42.8,30.1,36.8,2,62,2.8,76.3,0.5417,0.1667,11,0.1774,11.4,24.1,0.1538,1
DEMO-0368,Cybersecurity,Easy,1,2,28,10,15,3,35.7,6.3,14.8,24.6,4,53,3.3,72.9,0.3571,0.1071,18,0.3396,29.4,20.9,0.4,0
DEMO-0369,Cybersecurity,Hard,3,5,37,34,3,0,91.9,58.7,91.2,54.6,1,19,3.2,90.7,0.9189,0.0,3,0.1579,33.2,0.7,0.0294,1
DEMO-0370,Cloud Computing,Hard,4,5,41,16,24,1,39.0,18.8,16.5,29.2,3,81,2.9,69.4,0.3902,0.0244,25,0.3086,20.2,22.5,0.1875,1
DEMO-0371,Data Science & Analytics,Medium,2,3,35,25,9,1,71.4,52.8,56.6,65.8,0,31,3.9,84.7,0.7143,0.0286,10,0.3226,18.6,14.8,0.0,1
DEMO-0372,Data Science & Analytics,Medium,1,1,39,23,14,2,59.0,38.9,46.9,37.3,0,30,3.4,91.1,0.5897,0.0513,16,0.5333,20.1,12.1,0.0,1
DEMO-0373,Mobile Applications,Hard,4,1,17,5,10,2,29.4,4.7,16.3,29.4,5,102,4.8,41.7,0.2941,0.1176,12,0.1176,24.7,13.1,1.0,0
DEMO-0374,Cybersecurity,Hard,2,4,10,5,3,2,50.0,38.2,28.9,44.6,1,56,4.3,61.2,0.5,0.2,5,0.0893,11.8,21.1,0.2,0
DEMO-0375,Cybersecurity,Hard,2,6,36,6,19,11,16.7,13.4,0.0,11.8,4,100,4.4,58.7,0.1667,0.3056,30,0.3,3.3,16.7,0.6667,0
DEMO-0376,Cloud Computing,Medium,1,1,18,2,12,4,11.1,0.0,0.0,6.6,7,53,3.3,74.4,0.1111,0.2222,16,0.3019,11.1,11.1,3.5,0
DEMO-0377,Cloud Computing,Easy,1,5,21,3,17,1,14.3,0.0,3.3,11.0,7,100,4.4,67.5,0.1429,0.0476,18,0.18,14.3,11.0,2.3333,0
DEMO-0378,Internet of Things (IoT),Easy,1,4,40,18,15,7,45.0,30.8,46.3,41.1,0,99,4.5,56.2,0.45,0.175,22,0.2222,14.2,0.0,0.0,1
DEMO-0379,Data Science & Analytics,Medium,2,6,15,7,5,3,46.7,13.6,41.5,40.5,1,73,3.5,91.2,0.4667,0.2,8,0.1096,33.1,5.2,0.1429,1
DEMO-0380,Mobile Applications,Medium,4,2,20,4,14,2,20.0,0.0,0.0,15.5,4,68,2.7,76.8,0.2,0.1,16,0.2353,20.0,20.0,1.0,0
DEMO-0381,Cybersecurity,Medium,1,2,42,15,17,10,35.7,26.1,34.5,20.3,5,118,4.4,83.3,0.3571,0.2381,27,0.2288,9.6,1.2,0.3333,1
DEMO-0382,Internet of Things (IoT),Medium,2,4,27,22,5,0,81.5,74.8,69.4,55.3,3,15,4.3,92.2,0.8148,0.0,5,0.3333,6.7,12.1,0.1364,1
DEMO-0383,Data Science & Analytics,Medium,3,5,16,7,9,0,43.8,29.1,41.0,43.6,1,55,4.6,77.7,0.4375,0.0,9,0.1636,14.7,2.8,0.1429,1
DEMO-0384,Mobile Applications,Hard,3,2,20,3,11,6,15.0,0.0,0.2,9.2,2,59,3.4,68.2,0.15,0.3,17,0.2881,15.0,14.8,0.6667,0
DEMO-0385,Cybersecurity,Easy,1,2,14,9,5,0,64.3,51.2,32.5,61.8,4,43,2.9,65.5,0.6429,0.0,5,0.1163,13.1,31.8,0.4444,1
DEMO-0386,Blockchain,Medium,5,6,18,7,7,4,38.9,15.9,27.2,26.9,2,82,4.4,59.2,0.3889,0.2222,11,0.1341,23.0,11.7,0.2857,1
DEMO-0387,Web Development,Easy,2,1,29,7,17,5,24.1,13.6,7.7,22.6,7,51,3.2,66.6,0.2414,0.1724,22,0.4314,10.5,16.4,1.0,0
DEMO-0388,Blockchain,Medium,2,1,24,16,7,1,66.7,41.8,52.7,53.6,3,19,3.8,84.6,0.6667,0.0417,8,0.4211,24.9,14.0,0.1875,1
DEMO-0389,Mobile Applications,Hard,1,2,13,9,4,0,69.2,59.7,66.2,59.6,3,31,3.6,73.9,0.6923,0.0,4,0.129,9.5,3.0,0.3333,1
DEMO-0390,Data Science & Analytics,Hard,1,4,15,13,2,0,86.7,60.8,59.3,64.2,2,10,3.6,98.0,0.8667,0.0,2,0.2,25.9,27.4,0.1538,1
DEMO-0391,Cloud Computing,Medium,1,6,21,5,12,4,23.8,6.0,19.5,17.9,3,69,3.7,68.3,0.2381,0.1905,16,0.2319,17.8,4.3,0.6,0
DEMO-0392,Cybersecurity,Medium,2,5,14,5,9,0,35.7,21.3,9.8,30.7,3,65,4.3,65.6,0.3571,0.0,9,0.1385,14.4,25.9,0.6,1
DEMO-0393,Web Development,Medium,4,6,25,14,9,2,56.0,45.1,40.7,44.9,2,94,4.6,71.2,0.56,0.08,11,0.117,10.9,15.3,0.1429,1
DEMO-0394,Blockchain,Medium,2,1,43,38,4,1,88.4,49.8,61.6,85.1,0,9,2.8,73.7,0.8837,0.0233,5,0.5556,38.6,26.8,0.0,1
DEMO-0395,Machine Learning & AI,Medium,1,6,35,27,7,1,77.1,59.7,65.6,45.7,2,22,3.0,85.2,0.7714,0.0286,8,0.3636,17.4,11.5,0.0741,1
DEMO-0396,Data Science & Analytics,Medium,1,2,13,13,0,0,100.0,94.8,99.4,51.5,0,23,3.7,88.3,1.0,0.0,0,0.0,5.2,0.6,0.0,1
DEMO-0397,Web Development,Medium,5,6,12,3,7,2,25.0,5.7,10.5,23.6,2,77,4.5,70.8,0.25,0.1667,9,0.1169,19.3,14.5,0.6667,0
DEMO-0398,Blockchain,Medium,5,3,16,1,8,7,6.2,0.0,0.0,5.8,3,106,3.5,70.8,0.0625,0.4375,15,0.1415,6.2,6.2,3.0,0
DEMO-0399,Cybersecurity,Easy,2,1,30,21,5,4,70.0,42.5,51.5,38.5,1,34,3.2,70.6,0.7,0.1333,9,0.2647,27.5,18.5,0.0476,1
DEMO-0400,Web Development,Easy,3,3,45,45,0,0,100.0,97.2,94.2,99.7,0,4,2.9,98.0,1.0,0.0,0,0.0,2.8,5.8,0.0,1
DEMO-0401,Cloud Computing,Easy,2,4,17,14,2,1,82.4,56.8,58.9,78.7,2,34,4.1,87.6,0.8235,0.0588,3,0.0882,25.6,23.5,0.1429,1
DEMO-0402,Blockchain,Hard,1,1,28,1,23,4,3.6,0.0,1.7,1.9,4,100,3.0,54.7,0.0357,0.1429,27,0.27,3.6,1.9,4.0,0
DEMO-0403,Cybersecurity,Hard,4,2,43,27,16,0,62.8,47.6,55.0,40.3,7,46,4.6,74.8,0.6279,0.0,16,0.3478,15.2,7.8,0.2593,1
DEMO-0404,Cybersecurity,Medium,5,1,27,25,2,0,92.6,56.4,92.5,84.6,0,5,4.6,93.0,0.9259,0.0,2,0.4,36.2,0.1,0.0,1
DEMO-0405,Web Development,Hard,3,4,35,17,14,4,48.6,21.7,45.9,46.7,1,91,4.6,68.1,0.4857,0.1143,18,0.1978,26.9,2.7,0.0588,1
DEMO-0406,Web Development,Hard,3,4,20,13,6,1,65.0,41.3,44.5,44.7,2,44,4.2,80.8,0.65,0.05,7,0.1591,23.7,20.5,0.1538,1
DEMO-0407,Cybersecurity,Hard,1,1,17,14,2,1,82.4,51.3,51.0,69.7,1,10,4.1,78.4,0.8235,0.0588,3,0.3,31.1,31.4,0.0714,1
DEMO-0408,Blockchain,Medium,3,3,10,0,10,0,0.0,0.0,0.0,0.0,3,102,3.0,48.5,0.0,0.0,10,0.098,0.0,0.0,3.0,0
DEMO-0409,Blockchain,Medium,1,3,14,11,2,1,78.6,45.4,71.5,60.5,1,40,2.8,89.5,0.7857,0.0714,3,0.075,33.2,7.1,0.0909,1
DEMO-0410,Mobile Applications,Easy,2,2,10,3,6,1,30.0,13.1,17.9,20.5,1,52,2.9,80.6,0.3,0.1,7,0.1346,16.9,12.1,0.3333,1
DEMO-0411,Internet of Things (IoT),Medium,4,5,28,15,9,4,53.6,47.9,29.3,34.8,4,28,4.9,81.2,0.5357,0.1429,13,0.4643,5.7,24.3,0.2667,1
DEMO-0412,Cybersecurity,Medium,3,4,14,8,5,1,57.1,18.5,42.2,34.4,2,57,4.3,89.5,0.5714,0.0714,6,0.1053,38.6,14.9,0.25,1
DEMO-0413,Internet of Things (IoT),Medium,2,6,42,24,18,0,57.1,50.2,47.2,38.9,0,37,4.4,81.7,0.5714,0.0,18,0.4865,6.9,9.9,0.0,1
DEMO-0414,Cloud Computing,Easy,2,2,34,34,0,0,100.0,88.3,96.8,63.6,0,6,4.7,98.0,1.0,0.0,0,0.0,11.7,3.2,0.0,1
DEMO-0415,Blockchain,Easy,3,6,44,30,11,3,68.2,40.0,60.3,65.4,2,58,4.9,77.9,0.6818,0.0682,14,0.2414,28.2,7.9,0.0667,1
DEMO-0416,Blockchain,Medium,1,3,39,18,20,1,46.2,13.4,27.1,32.5,3,45,4.6,71.7,0.4615,0.0256,21,0.4667,32.8,19.1,0.1667,1
DEMO-0417,Internet of Things (IoT),Hard,1,1,15,9,2,4,60.0,31.1,28.1,56.6,7,38,2.8,75.3,0.6,0.2667,6,0.1579,28.9,31.9,0.7778,0
DEMO-0418,Web Development,Medium,3,6,32,11,16,5,34.4,8.3,1.1,28.8,2,83,4.8,73.8,0.3438,0.1562,21,0.253,26.1,33.3,0.1818,0
DEMO-0419,Machine Learning & AI,Medium,5,4,41,17,16,8,41.5,29.4,34.6,25.3,4,54,4.8,62.1,0.4146,0.1951,24,0.4444,12.1,6.9,0.2353,0
DEMO-0420,Web Development,Hard,4,4,13,5,5,3,38.5,23.9,36.9,21.6,3,69,2.5,72.3,0.3846,0.2308,8,0.1159,14.6,1.6,0.6,0
DEMO-0421,Data Science & Analytics,Medium,2,4,21,11,6,4,52.4,62.2,25.3,33.7,1,32,3.5,72.0,0.5238,0.1905,10,0.3125,0.0,27.1,0.0909,1
DEMO-0422,Machine Learning & AI,Medium,4,6,27,1,22,4,3.7,0.0,0.0,3.2,8,82,2.8,74.8,0.037,0.1481,26,0.3171,3.7,3.7,8.0,0
DEMO-0423,Machine Learning & AI,Easy,2,6,25,6,13,6,24.0,0.0,3.7,13.4,6,75,5.0,73.2,0.24,0.24,19,0.2533,24.0,20.3,1.0,0
DEMO-0424,Internet of Things (IoT),Medium,3,1,42,36,6,0,85.7,73.8,82.3,49.1,1,22,4.0,87.9,0.8571,0.0,6,0.2727,11.9,3.4,0.0278,1
DEMO-0425,Blockchain,Medium,3,2,24,7,11,6,29.2,14.4,16.0,15.2,2,38,4.2,71.0,0.2917,0.25,17,0.4474,14.8,13.2,0.2857,0
DEMO-0426,Cloud Computing,Hard,1,2,26,26,0,0,100.0,84.8,71.9,76.4,1,10,3.1,88.3,1.0,0.0,0,0.0,15.2,28.1,0.0385,1
DEMO-0427,Mobile Applications,Hard,1,6,17,7,7,3,41.2,11.3,26.7,29.2,3,75,4.7,75.8,0.4118,0.1765,10,0.1333,29.9,14.5,0.4286,0
DEMO-0428,Cybersecurity,Hard,2,6,17,11,5,1,64.7,39.9,48.8,58.0,2,18,3.0,83.1,0.6471,0.0588,6,0.3333,24.8,15.9,0.1818,1
DEMO-0429,Mobile Applications,Easy,3,4,45,31,13,1,68.9,39.8,37.6,52.5,2,22,4.6,84.1,0.6889,0.0222,14,0.6364,29.1,31.3,0.0645,1
DEMO-0430,Mobile Applications,Easy,1,2,28,8,19,1,28.6,18.9,23.0,19.3,3,112,4.9,59.8,0.2857,0.0357,20,0.1786,9.7,5.6,0.375,0
DEMO-0431,Cloud Computing,Medium,2,5,28,17,7,4,60.7,39.9,45.6,38.5,2,79,4.1,73.1,0.6071,0.1429,11,0.1392,20.8,15.1,0.1176,1
DEMO-0432,Data Science & Analytics,Easy,3,3,19,15,4,0,78.9,60.2,60.0,40.3,2,10,4.7,88.7,0.7895,0.0,4,0.4,18.7,18.9,0.1333,1
DEMO-0433,Internet of Things (IoT),Easy,1,2,39,36,3,0,92.3,75.5,95.6,75.9,4,8,2.8,75.6,0.9231,0.0,3,0.375,16.8,0.0,0.1111,1
DEMO-0434,Web Development,Hard,1,1,44,28,11,5,63.6,38.9,54.7,36.7,1,17,3.9,78.0,0.6364,0.1136,16,0.9412,24.7,8.9,0.0357,0
DEMO-0435,Web Development,Hard,1,3,16,9,6,1,56.2,22.5,51.6,31.3,4,36,5.0,67.0,0.5625,0.0625,7,0.1944,33.7,4.6,0.4444,1
DEMO-0436,Cloud Computing,Medium,2,1,33,33,0,0,100.0,79.0,97.0,90.9,1,12,4.7,88.8,1.0,0.0,0,0.0,21.0,3.0,0.0303,1
DEMO-0437,Cybersecurity,Hard,3,6,14,14,0,0,100.0,60.0,89.4,57.2,0,22,5.0,95.7,1.0,0.0,0,0.0,40.0,10.6,0.0,1
DEMO-0438,Cybersecurity,Medium,2,4,31,11,17,3,35.5,14.7,16.1,27.1,2,109,4.5,71.3,0.3548,0.0968,20,0.1835,20.8,19.4,0.1818,1
DEMO-0439,Cybersecurity,Easy,5,1,33,28,5,0,84.8,52.3,82.0,83.6,2,46,3.1,97.8,0.8485,0.0,5,0.1087,32.5,2.8,0.0714,1
DEMO-0440,Machine Learning & AI,Easy,3,2,34,24,4,6,70.6,41.5,66.8,40.5,3,21,2.7,90.4,0.7059,0.1765,10,0.4762,29.1,3.8,0.125,1
DEMO-0441,Blockchain,Easy,1,6,18,13,4,1,72.2,54.6,68.5,63.2,1,31,2.9,80.3,0.7222,0.0556,5,0.1613,17.6,3.7,0.0769,1
DEMO-0442,Data Science & Analytics,Medium,3,5,42,20,20,2,47.6,39.1,33.1,25.1,2,67,3.0,74.0,0.4762,0.0476,22,0.3284,8.5,14.5,0.1,1
DEMO-0443,Mobile Applications,Hard,2,3,35,32,1,2,91.4,76.1,70.0,70.4,2,13,3.0,88.6,0.9143,0.0571,3,0.2308,15.3,21.4,0.0625,1
DEMO-0444,Internet of Things (IoT),Medium,2,1,25,10,8,7,40.0,11.4,31.8,28.0,5,53,3.3,66.2,0.4,0.28,15,0.283,28.6,8.2,0.5,0
DEMO-0445,Machine Learning & AI,Medium,1,4,42,11,24,7,26.2,9.8,11.5,14.3,1,68,4.7,71.7,0.2619,0.1667,31,0.4559,16.4,14.7,0.0909,0
DEMO-0446,Machine Learning & AI,Hard,2,6,43,31,9,3,72.1,31.9,53.3,50.0,5,9,5.0,65.9,0.7209,0.0698,12,1.3333,40.2,18.8,0.1613,1
DEMO-0447,Data Science & Analytics,Easy,1,3,45,41,3,1,91.1,73.9,72.6,77.9,1,18,3.1,89.8,0.9111,0.0222,4,0.2222,17.2,18.5,0.0244,1
DEMO-0448,Data Science & Analytics,Medium,1,1,41,8,11,22,19.5,0.0,0.0,14.7,5,76,4.7,68.2,0.1951,0.5366,33,0.4342,19.5,19.5,0.625,0
DEMO-0449,Web Development,Medium,1,5,10,4,4,2,40.0,17.9,23.5,36.4,3,53,2.7,73.9,0.4,0.2,6,0.1132,22.1,16.5,0.75,0
DEMO-0450,Blockchain,Hard,1,3,14,2,6,6,14.3,0.0,6.0,7.4,6,81,4.4,77.7,0.1429,0.4286,12,0.1481,14.3,8.3,3.0,0
DEMO-0451,Blockchain,Hard,1,2,11,10,0,1,90.9,73.3,73.7,75.9,0,8,3.0,80.2,0.9091,0.0909,1,0.125,17.6,17.2,0.0,1
DEMO-0452,Blockchain,Medium,3,2,22,11,10,1,50.0,19.4,44.4,25.2,0,78,3.0,73.2,0.5,0.0455,11,0.141,30.6,5.6,0.0,1
DEMO-0453,Machine Learning & AI,Medium,5,6,30,12,16,2,40.0,20.1,30.3,37.1,3,118,3.6,70.6,0.4,0.0667,18,0.1525,19.9,9.7,0.25,1
DEMO-0454,Internet of Things (IoT),Medium,1,6,44,33,7,4,75.0,54.2,62.7,48.8,2,23,3.8,90.9,0.75,0.0909,11,0.4783,20.8,12.3,0.0606,1
DEMO-0455,Data Science & Analytics,Medium,2,5,37,21,14,2,56.8,33.1,49.6,40.8,2,41,4.3,66.9,0.5676,0.0541,16,0.3902,23.7,7.2,0.0952,1
DEMO-0456,Mobile Applications,Hard,3,1,15,9,4,2,60.0,31.6,45.7,31.0,5,32,4.6,81.3,0.6,0.1333,6,0.1875,28.4,14.3,0.5556,0
DEMO-0457,Blockchain,Easy,4,1,32,32,0,0,100.0,83.8,72.7,89.8,0,9,4.2,98.0,1.0,0.0,0,0.0,16.2,27.3,0.0,1
DEMO-0458,Web Development,Easy,1,3,43,35,7,1,81.4,72.4,61.5,74.4,2,26,3.6,91.8,0.814,0.0233,8,0.3077,9.0,19.9,0.0571,1
DEMO-0459,Machine Learning & AI,Medium,2,2,37,12,24,1,32.4,0.0,9.7,17.7,1,42,3.6,75.7,0.3243,0.027,25,0.5952,32.4,22.7,0.0833,0
DEMO-0460,Web Development,Medium,2,1,34,2,22,10,5.9,0.0,0.0,5.4,3,90,4.4,58.3,0.0588,0.2941,32,0.3556,5.9,5.9,1.5,0
DEMO-0461,Machine Learning & AI,Medium,2,5,16,5,10,1,31.2,0.0,4.4,28.0,1,85,2.7,72.9,0.3125,0.0625,11,0.1294,31.2,26.8,0.2,0
DEMO-0462,Blockchain,Medium,2,4,20,6,7,7,30.0,0.0,14.3,17.4,2,65,4.8,69.7,0.3,0.35,14,0.2154,30.0,15.7,0.3333,0
DEMO-0463,Web Development,Medium,3,2,33,9,22,2,27.3,16.2,8.5,20.4,4,95,4.9,80.9,0.2727,0.0606,24,0.2526,11.1,18.8,0.4444,0
DEMO-0464,Internet of Things (IoT),Medium,4,3,35,7,12,16,20.0,0.0,4.3,12.7,5,77,4.1,59.4,0.2,0.4571,28,0.3636,20.0,15.7,0.7143,0
DEMO-0465,Cybersecurity,Medium,2,1,38,16,18,4,42.1,9.4,34.6,27.8,2,59,3.4,73.6,0.4211,0.1053,22,0.3729,32.7,7.5,0.125,0
DEMO-0466,Cybersecurity,Easy,2,1,30,23,5,2,76.7,64.0,63.3,65.8,2,43,2.7,89.6,0.7667,0.0667,7,0.1628,12.7,13.4,0.087,1
DEMO-0467,Blockchain,Medium,2,2,13,6,5,2,46.2,29.8,27.3,42.9,2,12,4.8,85.1,0.4615,0.1538,7,0.5833,16.4,18.9,0.3333,1
DEMO-0468,Blockchain,Easy,2,5,12,8,4,0,66.7,50.8,68.5,59.2,0,71,4.0,70.3,0.6667,0.0,4,0.0563,15.9,0.0,0.0,1
DEMO-0469,Data Science & Analytics,Medium,2,1,33,32,1,0,97.0,78.0,96.2,91.3,0,6,2.8,86.7,0.9697,0.0,1,0.1667,19.0,0.8,0.0,1
DEMO-0470,Cybersecurity,Medium,3,4,27,19,7,1,70.4,45.5,46.0,53.6,3,26,3.9,69.5,0.7037,0.037,8,0.3077,24.9,24.4,0.1579,1
DEMO-0471,Cybersecurity,Hard,2,1,26,19,5,2,73.1,48.7,64.0,50.6,3,29,2.8,74.0,0.7308,0.0769,7,0.2414,24.4,9.1,0.1579,1
DEMO-0472,Cybersecurity,Hard,2,4,19,19,0,0,100.0,87.4,88.4,84.3,2,23,4.1,98.0,1.0,0.0,0,0.0,12.6,11.6,0.1053,1
DEMO-0473,Mobile Applications,Easy,4,2,27,3,20,4,11.1,0.0,0.0,7.1,3,60,2.6,63.2,0.1111,0.1481,24,0.4,11.1,11.1,1.0,0
DEMO-0474,Internet of Things (IoT),Medium,2,5,27,20,6,1,74.1,40.6,74.7,46.9,1,29,3.8,79.6,0.7407,0.037,7,0.2414,33.5,0.0,0.05,1
DEMO-0475,Blockchain,Medium,1,6,27,16,7,4,59.3,38.6,41.7,34.7,3,67,2.7,68.0,0.5926,0.1481,11,0.1642,20.7,17.6,0.1875,1
DEMO-0476,Machine Learning & AI,Hard,3,4,31,13,11,7,41.9,32.8,27.8,21.9,2,52,3.9,87.7,0.4194,0.2258,18,0.3462,9.1,14.1,0.1538,0
DEMO-0477,Machine Learning & AI,Hard,3,1,29,21,7,1,72.4,58.6,46.1,54.9,0,30,4.6,88.6,0.7241,0.0345,8,0.2667,13.8,26.3,0.0,1
DEMO-0478,Mobile Applications,Medium,2,6,11,2,6,3,18.2,0.0,17.0,17.5,4,79,4.1,81.5,0.1818,0.2727,9,0.1139,18.2,1.2,2.0,0
DEMO-0479,Data Science & Analytics,Hard,4,2,26,21,3,2,80.8,62.1,61.0,72.5,5,16,4.9,80.7,0.8077,0.0769,5,0.3125,18.7,19.8,0.2381,1
DEMO-0480,Web Development,Medium,3,4,19,9,8,2,47.4,38.9,46.2,43.3,2,32,2.6,71.3,0.4737,0.1053,10,0.3125,8.5,1.2,0.2222,1
DEMO-0481,Web Development,Easy,1,3,42,29,13,0,69.0,54.6,49.2,56.5,4,36,3.5,92.3,0.6905,0.0,13,0.3611,14.4,19.8,0.1379,1
DEMO-0482,Cloud Computing,Medium,1,4,30,19,10,1,63.3,50.9,39.4,46.2,2,17,3.4,85.1,0.6333,0.0333,11,0.6471,12.4,23.9,0.1053,1
DEMO-0483,Machine Learning & AI,Medium,3,5,32,13,16,3,40.6,25.3,14.7,25.2,1,59,3.4,67.7,0.4062,0.0938,19,0.322,15.3,25.9,0.0769,1
DEMO-0484,Cloud Computing,Easy,3,2,35,18,14,3,51.4,42.0,62.7,41.0,4,30,3.9,69.6,0.5143,0.0857,17,0.5667,9.4,0.0,0.2222,1
DEMO-0485,Mobile Applications,Medium,3,6,13,7,6,0,53.8,24.0,35.7,31.0,3,22,3.8,79.0,0.5385,0.0,6,0.2727,29.8,18.1,0.4286,1
DEMO-0486,Web Development,Hard,2,1,17,8,6,3,47.1,30.2,23.9,26.5,4,48,4.1,80.0,0.4706,0.1765,9,0.1875,16.9,23.2,0.5,0
DEMO-0487,Internet of Things (IoT),Easy,3,5,22,11,8,3,50.0,39.7,42.7,39.1,1,29,4.0,76.5,0.5,0.1364,11,0.3793,10.3,7.3,0.0909,1
DEMO-0488,Data Science & Analytics,Easy,4,2,39,35,3,1,89.7,61.5,84.4,67.9,0,12,4.1,79.3,0.8974,0.0256,4,0.3333,28.2,5.3,0.0,1
DEMO-0489,Cybersecurity,Medium,4,2,27,17,10,0,63.0,30.3,56.1,52.3,0,21,2.8,69.7,0.6296,0.0,10,0.4762,32.7,6.9,0.0,1
DEMO-0490,Cybersecurity,Medium,3,1,12,5,5,2,41.7,31.3,6.8,23.0,2,68,4.3,56.4,0.4167,0.1667,7,0.1029,10.4,34.9,0.4,0
DEMO-0491,Mobile Applications,Easy,2,1,14,5,8,1,35.7,19.0,22.3,21.9,4,40,3.6,71.4,0.3571,0.0714,9,0.225,16.7,13.4,0.8,1
DEMO-0492,Mobile Applications,Medium,2,6,16,4,6,6,25.0,6.5,4.5,23.9,2,98,3.8,69.5,0.25,0.375,12,0.1224,18.5,20.5,0.5,0
DEMO-0493,Data Science & Analytics,Medium,2,5,18,11,6,1,61.1,57.2,54.1,39.4,2,19,3.5,80.4,0.6111,0.0556,7,0.3684,3.9,7.0,0.1818,1
DEMO-0494,Machine Learning & AI,Hard,1,5,25,25,0,0,100.0,84.3,97.2,66.9,0,16,3.0,92.1,1.0,0.0,0,0.0,15.7,2.8,0.0,1
DEMO-0495,Internet of Things (IoT),Medium,3,6,13,8,3,2,61.5,33.5,54.7,46.4,2,95,3.4,79.0,0.6154,0.1538,5,0.0526,28.0,6.8,0.25,1
DEMO-0496,Internet of Things (IoT),Easy,1,2,44,29,9,6,65.9,47.4,46.7,51.1,1,27,3.6,97.9,0.6591,0.1364,15,0.5556,18.5,19.2,0.0345,1
DEMO-0497,Cybersecurity,Medium,2,1,25,7,13,5,28.0,0.0,25.8,15.1,3,50,3.6,54.0,0.28,0.2,18,0.36,28.0,2.2,0.4286,0
DEMO-0498,Internet of Things (IoT),Hard,1,4,40,31,7,2,77.5,57.6,65.5,72.4,1,29,3.8,81.9,0.775,0.05,9,0.3103,19.9,12.0,0.0323,1
DEMO-0499,Mobile Applications,Easy,4,6,41,16,20,5,39.0,15.7,17.1,29.2,2,40,3.2,72.8,0.3902,0.122,25,0.625,23.3,21.9,0.125,0
DEMO-0500,Mobile Applications,Easy,4,4,41,5,29,7,12.2,0.0,9.8,10.8,6,53,4.8,63.9,0.122,0.1707,36,0.6792,12.2,2.4,1.2,0
DEMO-0501,Cloud Computing,Hard,2,1,31,17,9,5,54.8,26.3,30.0,54.6,4,34,3.7,73.7,0.5484,0.1613,14,0.4118,28.5,24.8,0.2353,1
DEMO-0502,Cloud Computing,Easy,2,6,25,5,20,0,20.0,0.0,13.4,16.6,5,106,4.5,62.8,0.2,0.0,20,0.1887,20.0,6.6,1.0,0
DEMO-0503,Cybersecurity,Hard,3,4,39,8,25,6,20.5,0.0,23.2,20.0,2,97,2.9,60.0,0.2051,0.1538,31,0.3196,20.5,0.0,0.25,0
DEMO-0504,Data Science & Analytics,Easy,2,2,13,3,7,3,23.1,5.2,0.0,23.0,2,61,2.5,75.7,0.2308,0.2308,10,0.1639,17.9,23.1,0.6667,0
DEMO-0505,Web Development,Medium,2,1,42,18,22,2,42.9,18.4,19.4,38.4,2,50,4.9,78.4,0.4286,0.0476,24,0.48,24.5,23.5,0.1111,1
DEMO-0506,Cloud Computing,Medium,1,1,28,23,4,1,82.1,57.9,73.4,75.2,2,7,4.1,92.6,0.8214,0.0357,5,0.7143,24.2,8.7,0.087,1
DEMO-0507,Mobile Applications,Hard,5,2,42,34,7,1,81.0,51.8,56.9,48.4,2,7,3.2,83.4,0.8095,0.0238,8,1.1429,29.2,24.1,0.0588,1
DEMO-0508,Cybersecurity,Easy,2,1,25,15,9,1,60.0,41.6,61.8,54.8,3,38,4.8,78.6,0.6,0.04,10,0.2632,18.4,0.0,0.2,1
DEMO-0509,Machine Learning & AI,Medium,3,3,30,4,24,2,13.3,6.5,1.5,9.8,2,54,2.8,51.4,0.1333,0.0667,26,0.4815,6.8,11.8,0.5,0
DEMO-0510,Machine Learning & AI,Hard,1,5,34,31,2,1,91.2,91.2,67.0,73.7,1,8,2.7,98.0,0.9118,0.0294,3,0.375,0.0,24.2,0.0323,1
DEMO-0511,Blockchain,Medium,3,4,28,19,7,2,67.9,50.6,61.4,49.3,1,25,3.6,73.8,0.6786,0.0714,9,0.36,17.3,6.5,0.0526,1
DEMO-0512,Mobile Applications,Easy,2,1,43,37,4,2,86.0,72.7,64.1,74.6,1,11,3.6,82.9,0.8605,0.0465,6,0.5455,13.3,21.9,0.027,1
DEMO-0513,Cybersecurity,Easy,2,1,28,4,23,1,14.3,9.0,12.5,7.3,6,41,4.9,52.9,0.1429,0.0357,24,0.5854,5.3,1.8,1.5,0
DEMO-0514,Web Development,Medium,3,3,23,7,13,3,30.4,6.1,2.5,22.7,1,44,4.7,82.1,0.3043,0.1304,16,0.3636,24.3,27.9,0.1429,0
DEMO-0515,Mobile Applications,Hard,3,6,24,16,7,1,66.7,45.8,62.0,64.4,7,34,3.3,76.1,0.6667,0.0417,8,0.2353,20.9,4.7,0.4375,1
DEMO-0516,Web Development,Hard,2,2,18,8,9,1,44.4,29.3,47.0,33.7,4,33,2.5,82.6,0.4444,0.0556,10,0.303,15.1,0.0,0.5,0
DEMO-0517,Internet of Things (IoT),Medium,1,6,26,15,10,1,57.7,24.8,28.6,47.0,0,49,3.4,69.2,0.5769,0.0385,11,0.2245,32.9,29.1,0.0,1
DEMO-0518,Mobile Applications,Hard,4,3,36,34,1,1,94.4,85.7,78.3,83.7,0,9,4.6,95.4,0.9444,0.0278,2,0.2222,8.7,16.1,0.0,1
DEMO-0519,Internet of Things (IoT),Easy,2,2,36,8,25,3,22.2,0.0,13.5,20.2,2,79,3.6,59.4,0.2222,0.0833,28,0.3544,22.2,8.7,0.25,0
DEMO-0520,Internet of Things (IoT),Hard,1,5,31,15,6,10,48.4,17.7,29.5,25.7,0,49,3.8,71.1,0.4839,0.3226,16,0.3265,30.7,18.9,0.0,0
DEMO-0521,Machine Learning & AI,Hard,2,6,24,11,11,2,45.8,29.1,31.1,29.4,5,39,3.1,71.5,0.4583,0.0833,13,0.3333,16.7,14.7,0.4545,0
DEMO-0522,Cloud Computing,Medium,3,4,35,6,18,11,17.1,0.0,0.0,15.3,2,63,4.6,74.0,0.1714,0.3143,29,0.4603,17.1,17.1,0.3333,0
DEMO-0523,Blockchain,Medium,1,3,39,12,18,9,30.8,16.2,21.5,19.2,2,43,5.0,63.8,0.3077,0.2308,27,0.6279,14.6,9.3,0.1667,0
DEMO-0524,Mobile Applications,Medium,2,1,35,17,13,5,48.6,37.9,30.3,29.3,1,28,4.0,81.6,0.4857,0.1429,18,0.6429,10.7,18.3,0.0588,1
DEMO-0525,Data Science & Analytics,Medium,3,2,13,10,3,0,76.9,64.0,73.7,69.0,0,30,3.7,70.6,0.7692,0.0,3,0.1,12.9,3.2,0.0,1
DEMO-0526,Data Science & Analytics,Medium,2,6,15,13,2,0,86.7,77.5,58.3,64.8,1,16,4.5,72.8,0.8667,0.0,2,0.125,9.2,28.4,0.0769,1
DEMO-0527,Blockchain,Medium,2,4,28,22,5,1,78.6,62.2,62.1,53.9,2,38,3.1,64.9,0.7857,0.0357,6,0.1579,16.4,16.5,0.0909,1
DEMO-0528,Machine Learning & AI,Easy,3,4,10,5,5,0,50.0,40.0,31.8,39.9,1,41,3.4,69.7,0.5,0.0,5,0.122,10.0,18.2,0.2,1
DEMO-0529,Web Development,Hard,2,4,29,14,9,6,48.3,28.6,44.6,27.2,4,70,4.0,83.8,0.4828,0.2069,15,0.2143,19.7,3.7,0.2857,0
DEMO-0530,Cloud Computing,Hard,3,5,40,8,32,0,20.0,0.1,24.4,10.8,9,45,2.8,69.0,0.2,0.0,32,0.7111,19.9,0.0,1.125,0
DEMO-0531,Data Science & Analytics,Medium,2,1,25,13,10,2,52.0,23.9,38.3,47.7,3,31,4.6,70.3,0.52,0.08,12,0.3871,28.1,13.7,0.2308,1
DEMO-0532,Cloud Computing,Medium,2,4,32,8,22,2,25.0,6.1,3.4,14.9,4,75,3.8,74.4,0.25,0.0625,24,0.32,18.9,21.6,0.5,0
DEMO-0533,Mobile Applications,Hard,4,5,10,7,2,1,70.0,47.1,45.3,67.5,1,50,4.1,66.7,0.7,0.1,3,0.06,22.9,24.7,0.1429,1
DEMO-0534,Mobile Applications,Easy,1,6,19,14,4,1,73.7,57.7,67.0,68.5,2,27,5.0,85.9,0.7368,0.0526,5,0.1852,16.0,6.7,0.1429,1
DEMO-0535,Web Development,Medium,3,3,20,13,5,2,65.0,33.7,65.7,56.2,6,9,2.9,71.1,0.65,0.1,7,0.7778,31.3,0.0,0.4615,0
DEMO-0536,Blockchain,Easy,3,1,29,12,15,2,41.4,17.0,39.3,35.8,5,52,3.3,71.3,0.4138,0.069,17,0.3269,24.4,2.1,0.4167,1
DEMO-0537,Machine Learning & AI,Hard,1,3,39,8,17,14,20.5,10.2,0.5,13.5,3,69,4.6,70.1,0.2051,0.359,31,0.4493,10.3,20.0,0.375,0
DEMO-0538,Cloud Computing,Medium,2,1,41,21,17,3,51.2,31.4,44.4,29.6,2,75,3.0,73.2,0.5122,0.0732,20,0.2667,19.8,6.8,0.0952,1
DEMO-0539,Cloud Computing,Easy,3,5,45,37,6,2,82.2,69.5,73.9,56.6,0,25,4.8,80.7,0.8222,0.0444,8,0.32,12.7,8.3,0.0,1
DEMO-0540,Cybersecurity,Hard,1,4,40,19,13,8,47.5,43.9,25.1,34.1,5,65,3.7,74.8,0.475,0.2,21,0.3231,3.6,22.4,0.2632,0
DEMO-0541,Cybersecurity,Medium,2,1,24,21,2,1,87.5,51.4,72.6,52.4,1,32,4.4,82.1,0.875,0.0417,3,0.0938,36.1,14.9,0.0476,1
DEMO-0542,Web Development,Hard,2,2,32,19,11,2,59.4,47.9,54.1,50.0,4,52,2.5,79.8,0.5938,0.0625,13,0.25,11.5,5.3,0.2105,1
DEMO-0543,Blockchain,Medium,4,6,34,26,6,2,76.5,50.6,69.9,66.6,1,25,2.6,87.0,0.7647,0.0588,8,0.32,25.9,6.6,0.0385,1
DEMO-0544,Internet of Things (IoT),Medium,2,1,35,29,4,2,82.9,61.0,76.3,53.3,0,13,4.2,78.7,0.8286,0.0571,6,0.4615,21.9,6.6,0.0,1
DEMO-0545,Blockchain,Easy,2,5,16,11,5,0,68.8,56.1,42.5,48.2,2,32,3.3,82.4,0.6875,0.0,5,0.1562,12.7,26.3,0.1818,1
DEMO-0546,Data Science & Analytics,Medium,3,6,31,31,0,0,100.0,100.0,79.3,62.9,0,22,4.5,88.8,1.0,0.0,0,0.0,0.0,20.7,0.0,1
DEMO-0547,Web Development,Medium,1,4,39,23,14,2,59.0,32.8,53.1,39.1,2,78,2.6,78.9,0.5897,0.0513,16,0.2051,26.2,5.9,0.087,1
DEMO-0548,Blockchain,Easy,1,1,18,15,2,1,83.3,58.0,67.6,72.2,2,34,3.9,91.9,0.8333,0.0556,3,0.0882,25.3,15.7,0.1333,1
DEMO-0549,Web Development,Easy,5,6,16,8,7,1,50.0,19.6,39.4,31.5,3,53,4.0,78.5,0.5,0.0625,8,0.1509,30.4,10.6,0.375,1
DEMO-0550,Web Development,Medium,2,4,27,19,7,1,70.4,56.4,58.5,39.8,1,24,3.7,84.0,0.7037,0.037,8,0.3333,14.0,11.9,0.0526,1
DEMO-0551,Mobile Applications,Easy,1,3,24,4,14,6,16.7,19.0,3.4,12.2,3,98,3.0,72.1,0.1667,0.25,20,0.2041,0.0,13.3,0.75,0
DEMO-0552,Cloud Computing,Medium,3,5,15,7,5,3,46.7,29.5,30.7,24.0,1,48,4.0,66.7,0.4667,0.2,8,0.1667,17.2,16.0,0.1429,1
DEMO-0553,Blockchain,Hard,1,3,45,39,4,2,86.7,78.1,83.7,86.0,0,28,3.9,75.8,0.8667,0.0444,6,0.2143,8.6,3.0,0.0,1
DEMO-0554,Cloud Computing,Medium,2,1,30,19,8,3,63.3,52.3,35.8,44.3,3,27,3.8,74.5,0.6333,0.1,11,0.4074,11.0,27.5,0.1579,1
DEMO-0555,Machine Learning & AI,Medium,1,5,36,28,6,2,77.8,58.6,60.0,48.6,3,9,4.1,81.0,0.7778,0.0556,8,0.8889,19.2,17.8,0.1071,1
DEMO-0556,Web Development,Medium,4,6,34,11,8,15,32.4,6.5,15.2,21.4,2,40,2.7,80.0,0.3235,0.4412,23,0.575,25.9,17.2,0.1818,0
DEMO-0557,Data Science & Analytics,Easy,2,2,21,18,2,1,85.7,80.5,80.3,85.5,1,8,2.7,71.3,0.8571,0.0476,3,0.375,5.2,5.4,0.0556,1
DEMO-0558,Mobile Applications,Medium,2,5,11,6,3,2,54.5,22.4,54.6,50.3,2,67,4.4,80.1,0.5455,0.1818,5,0.0746,32.1,0.0,0.3333,1
DEMO-0559,Blockchain,Medium,1,2,40,18,21,1,45.0,36.3,27.9,38.2,2,90,3.2,78.3,0.45,0.025,22,0.2444,8.7,17.1,0.1111,1
DEMO-0560,Cloud Computing,Easy,4,5,33,24,8,1,72.7,45.0,46.0,41.0,3,38,3.2,73.3,0.7273,0.0303,9,0.2368,27.7,26.7,0.125,1
DEMO-0561,Web Development,Hard,2,2,10,3,4,3,30.0,0.0,13.5,22.3,5,52,4.7,80.4,0.3,0.3,7,0.1346,30.0,16.5,1.6667,0
DEMO-0562,Blockchain,Easy,4,3,24,10,13,1,41.7,13.8,18.7,39.7,1,77,4.7,72.1,0.4167,0.0417,14,0.1818,27.9,23.0,0.1,1
DEMO-0563,Web Development,Medium,1,3,42,3,25,14,7.1,0.0,0.0,4.4,5,118,4.3,51.3,0.0714,0.3333,39,0.3305,7.1,7.1,1.6667,0
DEMO-0564,Cloud Computing,Medium,1,2,14,14,0,0,100.0,69.9,73.9,52.6,0,18,2.7,81.4,1.0,0.0,0,0.0,30.1,26.1,0.0,1
DEMO-0565,Data Science & Analytics,Easy,2,2,41,21,17,3,51.2,23.9,21.4,32.5,1,85,2.9,83.5,0.5122,0.0732,20,0.2353,27.3,29.8,0.0476,1
DEMO-0566,Cloud Computing,Medium,2,3,27,19,5,3,70.4,70.5,55.5,52.7,0,25,2.7,74.9,0.7037,0.1111,8,0.32,0.0,14.9,0.0,1
DEMO-0567,Data Science & Analytics,Medium,3,2,22,17,4,1,77.3,59.8,56.4,44.7,5,25,4.5,81.2,0.7727,0.0455,5,0.2,17.5,20.9,0.2941,1
DEMO-0568,Machine Learning & AI,Medium,2,4,36,23,12,1,63.9,52.6,56.8,55.8,2,26,3.3,66.7,0.6389,0.0278,13,0.5,11.3,7.1,0.087,1
DEMO-0569,Web Development,Hard,2,4,32,24,6,2,75.0,66.6,55.2,51.8,2,44,3.9,83.8,0.75,0.0625,8,0.1818,8.4,19.8,0.0833,1
DEMO-0570,Data Science & Analytics,Hard,1,2,20,10,7,3,50.0,39.5,16.3,37.2,3,56,5.0,72.6,0.5,0.15,10,0.1786,10.5,33.7,0.3,1
DEMO-0571,Web Development,Medium,2,3,38,36,2,0,94.7,88.8,79.7,59.7,0,14,4.5,82.4,0.9474,0.0,2,0.1429,5.9,15.0,0.0,1
DEMO-0572,Mobile Applications,Hard,3,6,30,26,3,1,86.7,72.7,85.4,85.5,0,8,3.1,86.0,0.8667,0.0333,4,0.5,14.0,1.3,0.0,1
DEMO-0573,Mobile Applications,Medium,2,4,13,13,0,0,100.0,90.6,99.9,77.9,0,14,3.8,91.6,1.0,0.0,0,0.0,9.4,0.1,0.0,1
DEMO-0574,Mobile Applications,Medium,2,6,22,12,5,5,54.5,22.6,45.1,44.9,3,26,3.6,78.9,0.5455,0.2273,10,0.3846,31.9,9.4,0.25,1
DEMO-0575,Blockchain,Hard,2,3,10,6,4,0,60.0,32.4,42.1,54.6,5,37,4.7,73.6,0.6,0.0,4,0.1081,27.6,17.9,0.8333,1
DEMO-0576,Internet of Things (IoT),Hard,1,2,16,1,11,4,6.2,0.0,3.1,3.7,4,81,2.9,67.7,0.0625,0.25,15,0.1852,6.2,3.1,4.0,0
DEMO-0577,Internet of Things (IoT),Hard,1,4,17,12,3,2,70.6,57.5,57.7,38.6,4,15,3.8,91.2,0.7059,0.1176,5,0.3333,13.1,12.9,0.3333,1
DEMO-0578,Machine Learning & AI,Hard,1,4,32,22,8,2,68.8,59.9,44.9,48.2,1,18,3.4,95.0,0.6875,0.0625,10,0.5556,8.9,23.9,0.0455,1
DEMO-0579,Blockchain,Hard,3,2,15,11,4,0,73.3,57.4,48.2,55.7,1,25,4.2,83.0,0.7333,0.0,4,0.16,15.9,25.1,0.0909,1
DEMO-0580,Internet of Things (IoT),Hard,3,3,36,28,6,2,77.8,46.2,45.9,69.5,2,12,3.7,79.5,0.7778,0.0556,8,0.6667,31.6,31.9,0.0714,1
DEMO-0581,Cloud Computing,Medium,1,1,31,2,28,1,6.5,0.0,5.2,4.0,1,93,5.0,66.3,0.0645,0.0323,29,0.3118,6.5,1.3,0.5,0
DEMO-0582,Blockchain,Hard,2,2,10,5,3,2,50.0,28.0,30.5,43.7,3,80,3.0,75.8,0.5,0.2,5,0.0625,22.0,19.5,0.6,0
DEMO-0583,Machine Learning & AI,Easy,1,1,35,11,21,3,31.4,10.0,0.0,19.9,4,47,3.3,66.9,0.3143,0.0857,24,0.5106,21.4,31.4,0.3636,0
DEMO-0584,Web Development,Medium,3,6,13,11,1,1,84.6,69.4,80.2,79.1,1,29,3.5,94.2,0.8462,0.0769,2,0.069,15.2,4.4,0.0909,1
DEMO-0585,Cloud Computing,Medium,1,3,42,32,9,1,76.2,60.3,52.8,40.5,0,12,3.6,91.0,0.7619,0.0238,10,0.8333,15.9,23.4,0.0,1
DEMO-0586,Mobile Applications,Easy,2,1,17,10,6,1,58.8,33.0,48.7,41.1,2,51,3.0,80.7,0.5882,0.0588,7,0.1373,25.8,10.1,0.2,1
DEMO-0587,Web Development,Easy,3,5,19,11,7,1,57.9,47.6,50.1,53.8,1,35,4.6,67.1,0.5789,0.0526,8,0.2286,10.3,7.8,0.0909,1
DEMO-0588,Blockchain,Hard,2,4,28,11,12,5,39.3,12.0,19.9,32.8,4,46,4.8,56.4,0.3929,0.1786,17,0.3696,27.3,19.4,0.3636,0
DEMO-0589,Web Development,Hard,1,4,20,17,3,0,85.0,62.7,71.6,54.2,1,26,2.8,94.3,0.85,0.0,3,0.1154,22.3,13.4,0.0588,1
DEMO-0590,Machine Learning & AI,Easy,1,3,30,2,26,2,6.7,0.0,0.0,5.8,4,99,2.9,71.8,0.0667,0.0667,28,0.2828,6.7,6.7,2.0,0
DEMO-0591,Cybersecurity,Hard,4,1,34,28,5,1,82.4,69.8,71.5,71.3,1,24,4.7,84.2,0.8235,0.0294,6,0.25,12.6,10.9,0.0357,1
DEMO-0592,Data Science & Analytics,Hard,5,4,13,12,0,1,92.3,82.1,77.6,50.8,1,41,3.1,77.0,0.9231,0.0769,1,0.0244,10.2,14.7,0.0833,1
DEMO-0593,Cloud Computing,Easy,3,6,41,27,11,3,65.9,39.0,48.4,36.8,3,36,3.4,76.8,0.6585,0.0732,14,0.3889,26.9,17.5,0.1111,1
DEMO-0594,Blockchain,Hard,3,1,32,14,13,5,43.8,6.5,41.9,25.9,3,47,4.9,87.8,0.4375,0.1562,18,0.383,37.3,1.9,0.2143,0
DEMO-0595,Web Development,Medium,3,3,32,20,10,2,62.5,39.0,55.5,55.3,2,25,4.1,73.5,0.625,0.0625,12,0.48,23.5,7.0,0.1,1
DEMO-0596,Machine Learning & AI,Hard,4,3,32,14,8,10,43.8,34.5,27.4,32.8,3,30,4.4,77.8,0.4375,0.3125,18,0.6,9.3,16.4,0.2143,0
DEMO-0597,Data Science & Analytics,Medium,3,3,20,18,2,0,90.0,64.5,67.7,53.9,1,6,4.3,94.4,0.9,0.0,2,0.3333,25.5,22.3,0.0556,1
DEMO-0598,Cloud Computing,Easy,2,3,35,6,26,3,17.1,0.0,0.0,10.5,4,48,3.1,79.2,0.1714,0.0857,29,0.6042,17.1,17.1,0.6667,0
DEMO-0599,Web Development,Medium,3,2,25,16,9,0,64.0,45.7,35.2,48.6,2,17,4.1,84.0,0.64,0.0,9,0.5294,18.3,28.8,0.125,1
DEMO-0600,Cloud Computing,Medium,5,3,37,9,26,2,24.3,9.3,0.0,21.7,2,69,4.3,63.6,0.2432,0.0541,28,0.4058,15.0,24.3,0.2222,0
DEMO-0601,Internet of Things (IoT),Medium,3,6,45,37,5,3,82.2,80.4,62.5,60.7,1,29,2.9,70.9,0.8222,0.0667,8,0.2759,1.8,19.7,0.027,1
DEMO-0602,Cloud Computing,Medium,4,6,11,7,4,0,63.6,46.2,45.2,42.3,1,37,4.5,70.9,0.6364,0.0,4,0.1081,17.4,18.4,0.1429,1
DEMO-0603,Cybersecurity,Hard,5,1,32,20,11,1,62.5,26.2,48.8,32.2,3,47,4.3,77.8,0.625,0.0312,12,0.2553,36.3,13.7,0.15,1
DEMO-0604,Blockchain,Medium,4,4,36,18,13,5,50.0,36.2,48.9,31.5,3,46,3.1,86.3,0.5,0.1389,18,0.3913,13.8,1.1,0.1667,1
DEMO-0605,Cybersecurity,Medium,1,3,11,11,0,0,100.0,80.3,91.5,81.8,3,18,3.0,92.1,1.0,0.0,0,0.0,19.7,8.5,0.2727,1
DEMO-0606,Machine Learning & AI,Medium,2,4,21,14,6,1,66.7,68.8,58.8,56.1,3,60,3.8,87.6,0.6667,0.0476,7,0.1167,0.0,7.9,0.2143,1
DEMO-0607,Machine Learning & AI,Hard,4,4,45,39,4,2,86.7,55.6,56.9,69.0,0,23,2.7,74.7,0.8667,0.0444,6,0.2609,31.1,29.8,0.0,1
DEMO-0608,Blockchain,Hard,2,3,30,2,17,11,6.7,0.0,0.2,5.0,7,71,4.4,58.9,0.0667,0.3667,28,0.3944,6.7,6.5,3.5,0
DEMO-0609,Web Development,Easy,1,5,44,12,32,0,27.3,7.6,0.4,20.6,4,58,3.8,60.4,0.2727,0.0,32,0.5517,19.7,26.9,0.3333,0
DEMO-0610,Internet of Things (IoT),Easy,4,2,30,5,24,1,16.7,12.1,0.9,16.6,6,86,4.6,54.4,0.1667,0.0333,25,0.2907,4.6,15.8,1.2,0
DEMO-0611,Web Development,Easy,2,5,26,19,7,0,73.1,50.4,57.2,69.5,0,18,3.1,85.3,0.7308,0.0,7,0.3889,22.7,15.9,0.0,1
DEMO-0612,Web Development,Medium,2,6,24,5,16,3,20.8,0.0,8.4,19.3,7,74,2.8,77.1,0.2083,0.125,19,0.2568,20.8,12.4,1.4,0
DEMO-0613,Internet of Things (IoT),Hard,2,4,22,9,12,1,40.9,28.5,19.9,32.7,3,49,4.2,74.0,0.4091,0.0455,13,0.2653,12.4,21.0,0.3333,1
DEMO-0614,Internet of Things (IoT),Medium,1,1,19,8,10,1,42.1,32.0,38.3,25.1,1,83,4.3,81.1,0.4211,0.0526,11,0.1325,10.1,3.8,0.125,1
DEMO-0615,Internet of Things (IoT),Medium,2,2,19,11,7,1,57.9,33.4,58.7,48.8,1,25,3.5,81.5,0.5789,0.0526,8,0.32,24.5,0.0,0.0909,1
DEMO-0616,Mobile Applications,Hard,3,1,44,5,21,18,11.4,0.0,0.0,7.7,10,112,3.6,67.5,0.1136,0.4091,39,0.3482,11.4,11.4,2.0,0
DEMO-0617,Cybersecurity,Easy,2,6,21,18,3,0,85.7,81.9,80.5,85.2,0,6,4.6,75.0,0.8571,0.0,3,0.5,3.8,5.2,0.0,1
DEMO-0618,Blockchain,Hard,2,4,38,38,0,0,100.0,79.3,90.8,97.4,0,13,4.5,84.2,1.0,0.0,0,0.0,20.7,9.2,0.0,1
DEMO-0619,Blockchain,Medium,2,4,19,8,11,0,42.1,7.5,30.2,25.4,4,63,4.2,72.0,0.4211,0.0,11,0.1746,34.6,11.9,0.5,1
DEMO-0620,Machine Learning & AI,Medium,2,2,19,13,4,2,68.4,60.2,43.5,64.2,1,76,2.7,82.0,0.6842,0.1053,6,0.0789,8.2,24.9,0.0769,1
DEMO-0621,Web Development,Medium,1,3,22,19,3,0,86.4,66.9,78.2,77.9,3,20,4.8,92.0,0.8636,0.0,3,0.15,19.5,8.2,0.1579,1
DEMO-0622,Blockchain,Easy,2,4,27,22,2,3,81.5,63.2,67.4,56.2,1,24,4.4,64.1,0.8148,0.1111,5,0.2083,18.3,14.1,0.0455,1
DEMO-0623,Cybersecurity,Hard,2,2,38,38,0,0,100.0,83.8,97.5,89.5,1,20,3.0,98.0,1.0,0.0,0,0.0,16.2,2.5,0.0263,1
DEMO-0624,Mobile Applications,Medium,5,4,11,6,4,1,54.5,44.9,52.6,35.9,3,29,2.6,76.8,0.5455,0.0909,5,0.1724,9.6,1.9,0.5,1
DEMO-0625,Data Science & Analytics,Hard,2,3,39,26,1,12,66.7,53.7,55.8,56.5,3,30,4.2,81.5,0.6667,0.3077,13,0.4333,13.0,10.9,0.1154,1
DEMO-0626,Blockchain,Medium,2,3,26,20,5,1,76.9,67.2,57.8,42.8,0,31,4.5,85.5,0.7692,0.0385,6,0.1935,9.7,19.1,0.0,1
DEMO-0627,Cybersecurity,Easy,2,2,15,13,1,1,86.7,63.0,50.7,77.4,0,12,4.0,90.0,0.8667,0.0667,2,0.1667,23.7,36.0,0.0,1
DEMO-0628,Mobile Applications,Easy,3,1,10,5,4,1,50.0,29.5,37.4,37.4,3,76,3.0,72.2,0.5,0.1,5,0.0658,20.5,12.6,0.6,0
DEMO-0629,Web Development,Medium,2,1,21,19,1,1,90.5,90.1,65.2,63.1,0,10,3.2,81.4,0.9048,0.0476,2,0.2,0.4,25.3,0.0,1
DEMO-0630,Internet of Things (IoT),Medium,3,6,25,17,5,3,68.0,65.3,47.8,55.1,1,49,2.7,81.5,0.68,0.12,8,0.1633,2.7,20.2,0.0588,1
DEMO-0631,Web Development,Hard,3,3,33,15,11,7,45.5,8.4,32.6,35.2,5,24,3.1,82.5,0.4545,0.2121,18,0.75,37.1,12.9,0.3333,0
DEMO-0632,Blockchain,Medium,2,4,39,39,0,0,100.0,72.7,82.3,93.5,1,12,3.5,98.0,1.0,0.0,0,0.0,27.3,17.7,0.0256,1
DEMO-0633,Machine Learning & AI,Easy,4,2,16,1,13,2,6.2,0.0,0.4,4.6,3,96,4.9,72.0,0.0625,0.125,15,0.1562,6.2,5.8,3.0,0
DEMO-0634,Web Development,Medium,1,3,40,36,4,0,90.0,77.1,78.0,59.0,0,51,3.6,90.0,0.9,0.0,4,0.0784,12.9,12.0,0.0,1
DEMO-0635,Cloud Computing,Medium,2,6,18,9,7,2,50.0,37.7,19.6,49.3,3,53,3.9,91.4,0.5,0.1111,9,0.1698,12.3,30.4,0.3333,1
DEMO-0636,Internet of Things (IoT),Hard,5,6,24,16,4,4,66.7,31.0,64.7,38.3,1,29,2.7,69.2,0.6667,0.1667,8,0.2759,35.7,2.0,0.0625,1
DEMO-0637,Cloud Computing,Easy,2,2,27,16,9,2,59.3,37.3,26.3,55.8,5,24,4.6,78.5,0.5926,0.0741,11,0.4583,22.0,33.0,0.3125,1
DEMO-0638,Mobile Applications,Medium,1,2,43,24,17,2,55.8,50.3,57.8,46.1,1,24,2.7,59.6,0.5581,0.0465,19,0.7917,5.5,0.0,0.0417,1
DEMO-0639,Machine Learning & AI,Medium,2,2,38,32,5,1,84.2,77.8,62.7,65.4,2,26,2.9,96.6,0.8421,0.0263,6,0.2308,6.4,21.5,0.0625,1
DEMO-0640,Web Development,Medium,2,4,21,7,13,1,33.3,26.1,28.8,17.8,1,47,2.8,76.5,0.3333,0.0476,14,0.2979,7.2,4.5,0.1429,0
DEMO-0641,Mobile Applications,Hard,5,3,15,7,6,2,46.7,31.2,24.2,26.0,5,48,3.1,66.0,0.4667,0.1333,8,0.1667,15.5,22.5,0.7143,0
DEMO-0642,Web Development,Easy,3,2,40,10,26,4,25.0,1.3,12.4,12.7,1,79,3.7,61.5,0.25,0.1,30,0.3797,23.7,12.6,0.1,1
DEMO-0643,Mobile Applications,Easy,2,2,24,19,3,2,79.2,47.1,55.6,59.8,4,31,4.6,93.8,0.7917,0.0833,5,0.1613,32.1,23.6,0.2105,1
DEMO-0644,Internet of Things (IoT),Medium,2,1,28,12,14,2,42.9,35.5,42.9,41.5,3,42,3.0,60.9,0.4286,0.0714,16,0.381,7.4,0.0,0.25,1
DEMO-0645,Internet of Things (IoT),Hard,3,3,39,3,22,14,7.7,0.0,0.0,5.6,6,89,4.0,49.8,0.0769,0.359,36,0.4045,7.7,7.7,2.0,0
DEMO-0646,Cloud Computing,Hard,3,2,14,11,1,2,78.6,49.0,65.4,61.6,2,29,2.7,75.8,0.7857,0.1429,3,0.1034,29.6,13.2,0.1818,1
DEMO-0647,Blockchain,Medium,2,3,36,24,9,3,66.7,34.4,51.4,39.2,1,24,2.7,67.3,0.6667,0.0833,12,0.5,32.3,15.3,0.0417,1
DEMO-0648,Cloud Computing,Medium,3,4,14,14,0,0,100.0,79.4,77.4,64.0,0,25,4.3,91.8,1.0,0.0,0,0.0,20.6,22.6,0.0,1
DEMO-0649,Cloud Computing,Hard,1,6,38,32,4,2,84.2,55.4,62.5,45.8,2,22,3.6,78.7,0.8421,0.0526,6,0.2727,28.8,21.7,0.0625,1
DEMO-0650,Cybersecurity,Medium,2,3,32,16,10,6,50.0,16.0,16.6,27.2,2,48,4.7,71.3,0.5,0.1875,16,0.3333,34.0,33.4,0.125,0
DEMO-0651,Data Science & Analytics,Medium,2,6,20,14,5,1,70.0,57.1,43.1,48.9,5,16,4.7,66.6,0.7,0.05,6,0.375,12.9,26.9,0.3571,1
DEMO-0652,Mobile Applications,Medium,2,5,20,15,3,2,75.0,36.7,67.7,68.2,0,23,3.9,82.5,0.75,0.1,5,0.2174,38.3,7.3,0.0,1
DEMO-0653,Mobile Applications,Easy,2,2,22,21,1,0,95.5,63.1,67.3,61.9,0,24,3.0,90.0,0.9545,0.0,1,0.0417,32.4,28.2,0.0,1
DEMO-0654,Cloud Computing,Medium,1,3,35,4,22,9,11.4,0.0,0.0,9.6,1,54,3.7,59.8,0.1143,0.2571,31,0.5741,11.4,11.4,0.25,0
DEMO-0655,Data Science & Analytics,Hard,2,5,16,4,10,2,25.0,0.0,10.1,16.7,7,70,5.0,71.9,0.25,0.125,12,0.1714,25.0,14.9,1.75,0
DEMO-0656,Data Science & Analytics,Easy,2,1,18,12,4,2,66.7,46.7,39.1,41.8,0,28,4.2,62.8,0.6667,0.1111,6,0.2143,20.0,27.6,0.0,1
DEMO-0657,Cloud Computing,Hard,1,5,31,11,18,2,35.5,0.0,18.0,23.1,10,45,3.4,77.6,0.3548,0.0645,20,0.4444,35.5,17.5,0.9091,0
DEMO-0658,Internet of Things (IoT),Medium,3,1,16,1,14,1,6.2,0.0,0.0,5.9,6,77,4.1,69.0,0.0625,0.0625,15,0.1948,6.2,6.2,6.0,0
DEMO-0659,Cloud Computing,Medium,3,1,14,5,7,2,35.7,21.4,37.7,21.4,1,112,5.0,73.4,0.3571,0.1429,9,0.0804,14.3,0.0,0.2,1
DEMO-0660,Mobile Applications,Hard,3,5,36,11,24,1,30.6,9.7,34.5,23.3,8,71,4.0,85.6,0.3056,0.0278,25,0.3521,20.9,0.0,0.7273,0
DEMO-0661,Machine Learning & AI,Medium,1,4,23,4,18,1,17.4,0.0,17.2,16.2,3,48,3.7,72.1,0.1739,0.0435,19,0.3958,17.4,0.2,0.75,0
DEMO-0662,Machine Learning & AI,Easy,3,6,33,30,2,1,90.9,65.6,87.1,86.7,0,12,4.0,91.5,0.9091,0.0303,3,0.25,25.3,3.8,0.0,1
DEMO-0663,Machine Learning & AI,Easy,2,4,14,8,6,0,57.1,41.4,36.5,54.7,2,49,4.6,80.3,0.5714,0.0,6,0.1224,15.7,20.6,0.25,1
DEMO-0664,Data Science & Analytics,Medium,2,6,45,33,9,3,73.3,61.0,58.1,59.8,1,10,4.1,96.9,0.7333,0.0667,12,1.2,12.3,15.2,0.0303,1
DEMO-0665,Internet of Things (IoT),Medium,4,2,22,8,10,4,36.4,20.4,15.5,32.2,2,55,3.0,68.1,0.3636,0.1818,14,0.2545,16.0,20.9,0.25,1
DEMO-0666,Cybersecurity,Easy,2,5,21,1,11,9,4.8,0.0,0.0,3.3,1,83,3.7,60.1,0.0476,0.4286,20,0.241,4.8,4.8,1.0,0
DEMO-0667,Cybersecurity,Easy,2,3,17,17,0,0,100.0,64.7,99.0,99.1,0,10,2.8,92.7,1.0,0.0,0,0.0,35.3,1.0,0.0,1
DEMO-0668,Machine Learning & AI,Easy,2,1,12,10,2,0,83.3,49.2,53.4,65.2,1,11,2.8,97.6,0.8333,0.0,2,0.1818,34.1,29.9,0.1,1
DEMO-0669,Cloud Computing,Medium,1,5,27,23,4,0,85.2,54.1,72.8,49.4,0,14,4.4,85.2,0.8519,0.0,4,0.2857,31.1,12.4,0.0,1
DEMO-0670,Data Science & Analytics,Easy,1,4,24,8,5,11,33.3,21.5,12.5,20.5,4,46,3.5,65.7,0.3333,0.4583,16,0.3478,11.8,20.8,0.5,0
DEMO-0671,Blockchain,Hard,3,1,44,36,6,2,81.8,68.8,67.0,46.8,2,16,4.0,86.5,0.8182,0.0455,8,0.5,13.0,14.8,0.0556,1
DEMO-0672,Blockchain,Easy,2,4,27,6,19,2,22.2,19.9,0.0,16.1,2,40,3.5,62.2,0.2222,0.0741,21,0.525,2.3,22.2,0.3333,0
DEMO-0673,Data Science & Analytics,Medium,2,4,15,7,8,0,46.7,29.0,45.6,24.5,5,45,2.7,75.8,0.4667,0.0,8,0.1778,17.7,1.1,0.7143,1
DEMO-0674,Web Development,Medium,2,3,38,9,27,2,23.7,21.5,1.5,21.1,2,60,3.2,58.9,0.2368,0.0526,29,0.4833,2.2,22.2,0.2222,0
DEMO-0675,Machine Learning & AI,Easy,3,2,14,5,8,1,35.7,8.2,38.1,31.5,6,100,4.5,71.6,0.3571,0.0714,9,0.09,27.5,0.0,1.2,1
DEMO-0676,Blockchain,Easy,1,2,18,6,10,2,33.3,12.7,20.8,26.7,1,43,2.7,69.8,0.3333,0.1111,12,0.2791,20.6,12.5,0.1667,0
DEMO-0677,Data Science & Analytics,Medium,2,4,45,21,22,2,46.7,22.6,26.0,35.0,1,27,3.0,79.2,0.4667,0.0444,24,0.8889,24.1,20.7,0.0476,1
DEMO-0678,Cloud Computing,Easy,4,4,34,11,23,0,32.4,4.2,9.2,28.5,1,47,4.1,67.8,0.3235,0.0,23,0.4894,28.2,23.2,0.0909,0
DEMO-0679,Web Development,Hard,4,3,41,18,18,5,43.9,31.2,26.2,41.4,3,61,2.7,87.3,0.439,0.122,23,0.377,12.7,17.7,0.1667,0
DEMO-0680,Data Science & Analytics,Easy,5,4,14,9,4,1,64.3,54.0,59.7,39.2,1,72,3.4,72.5,0.6429,0.0714,5,0.0694,10.3,4.6,0.1111,1
DEMO-0681,Data Science & Analytics,Medium,2,3,13,8,3,2,61.5,34.7,20.9,35.5,1,23,3.3,77.4,0.6154,0.1538,5,0.2174,26.8,40.6,0.125,1
DEMO-0682,Cloud Computing,Easy,3,2,15,7,7,1,46.7,39.1,24.0,36.6,1,31,2.5,88.5,0.4667,0.0667,8,0.2581,7.6,22.7,0.1429,1
DEMO-0683,Cloud Computing,Medium,3,2,39,38,1,0,97.4,77.0,74.0,76.8,0,15,4.7,93.1,0.9744,0.0,1,0.0667,20.4,23.4,0.0,1
DEMO-0684,Cybersecurity,Medium,3,6,43,26,8,9,60.5,40.8,63.2,59.7,4,34,2.6,66.1,0.6047,0.2093,17,0.5,19.7,0.0,0.1538,1
DEMO-0685,Cloud Computing,Easy,1,2,24,21,2,1,87.5,84.4,71.5,72.8,1,15,4.8,72.6,0.875,0.0417,3,0.2,3.1,16.0,0.0476,1
DEMO-0686,Blockchain,Easy,2,1,31,29,2,0,93.5,55.4,65.3,60.1,5,14,4.5,82.5,0.9355,0.0,2,0.1429,38.1,28.2,0.1724,1
DEMO-0687,Blockchain,Hard,1,1,10,0,3,7,0.0,0.0,0.0,0.0,3,109,3.4,50.0,0.0,0.7,10,0.0917,0.0,0.0,3.0,0
DEMO-0688,Cloud Computing,Medium,1,5,15,14,1,0,93.3,79.0,75.4,75.4,0,8,2.7,84.7,0.9333,0.0,1,0.125,14.3,17.9,0.0,1
DEMO-0689,Data Science & Analytics,Medium,2,6,42,3,39,0,7.1,0.0,0.0,6.1,4,86,3.5,61.8,0.0714,0.0,39,0.4535,7.1,7.1,1.3333,0
DEMO-0690,Cloud Computing,Medium,1,4,19,12,4,3,63.2,45.9,35.9,52.7,0,42,3.9,62.9,0.6316,0.1579,7,0.1667,17.3,27.3,0.0,1
DEMO-0691,Internet of Things (IoT),Hard,3,3,20,9,5,6,45.0,27.4,18.1,32.6,7,54,4.4,57.9,0.45,0.3,11,0.2037,17.6,26.9,0.7778,0
DEMO-0692,Machine Learning & AI,Easy,3,3,36,2,25,9,5.6,0.0,0.0,3.8,3,107,3.4,70.9,0.0556,0.25,34,0.3178,5.6,5.6,1.5,0
DEMO-0693,Internet of Things (IoT),Easy,2,6,42,11,20,11,26.2,3.2,31.5,16.9,7,74,2.6,65.5,0.2619,0.2619,31,0.4189,23.0,0.0,0.6364,0
DEMO-0694,Mobile Applications,Medium,4,4,24,24,0,0,100.0,70.5,97.5,61.5,2,10,4.9,82.4,1.0,0.0,0,0.0,29.5,2.5,0.0833,1
DEMO-0695,Blockchain,Easy,1,3,44,30,12,2,68.2,52.5,64.4,41.4,1,29,3.9,88.0,0.6818,0.0455,14,0.4828,15.7,3.8,0.0333,1
DEMO-0696,Blockchain,Medium,2,5,22,1,16,5,4.5,3.9,0.0,2.9,3,77,3.5,65.8,0.0455,0.2273,21,0.2727,0.6,4.5,3.0,0
DEMO-0697,Machine Learning & AI,Medium,3,3,29,26,3,0,89.7,69.9,84.8,67.3,0,7,3.7,79.7,0.8966,0.0,3,0.4286,19.8,4.9,0.0,1
DEMO-0698,Cloud Computing,Hard,2,1,32,13,7,12,40.6,11.2,29.6,21.6,3,55,3.4,60.1,0.4062,0.375,19,0.3455,29.4,11.0,0.2308,0
DEMO-0699,Internet of Things (IoT),Medium,4,6,32,10,20,2,31.2,14.1,6.0,26.5,1,74,4.6,70.5,0.3125,0.0625,22,0.2973,17.1,25.2,0.1,0
DEMO-0700,Data Science & Analytics,Medium,2,2,12,1,9,2,8.3,0.0,15.1,5.5,4,98,2.7,68.4,0.0833,0.1667,11,0.1122,8.3,0.0,4.0,0
DEMO-0701,Mobile Applications,Medium,2,5,45,29,16,0,64.4,40.6,56.7,41.9,3,21,4.2,77.2,0.6444,0.0,16,0.7619,23.8,7.7,0.1034,1
DEMO-0702,Cloud Computing,Medium,2,1,43,2,32,9,4.7,0.0,2.6,3.6,1,76,4.6,59.1,0.0465,0.2093,41,0.5395,4.7,2.1,0.5,0
DEMO-0703,Cloud Computing,Hard,2,1,21,12,9,0,57.1,23.7,52.0,53.4,3,50,3.2,58.9,0.5714,0.0,9,0.18,33.4,5.1,0.25,1
DEMO-0704,Blockchain,Hard,1,4,15,10,5,0,66.7,42.7,51.4,42.2,0,44,4.8,84.8,0.6667,0.0,5,0.1136,24.0,15.3,0.0,1
DEMO-0705,Cybersecurity,Easy,2,5,16,12,2,2,75.0,62.2,51.7,58.0,1,23,3.6,77.4,0.75,0.125,4,0.1739,12.8,23.3,0.0833,1
DEMO-0706,Cloud Computing,Medium,2,5,36,29,6,1,80.6,65.7,74.2,50.5,0,9,3.9,88.3,0.8056,0.0278,7,0.7778,14.9,6.4,0.0,1
DEMO-0707,Internet of Things (IoT),Easy,1,2,12,9,3,0,75.0,46.0,52.5,45.2,2,21,2.9,82.8,0.75,0.0,3,0.1429,29.0,22.5,0.2222,1
DEMO-0708,Cybersecurity,Medium,2,6,43,28,13,2,65.1,56.3,38.0,48.5,1,29,3.6,79.4,0.6512,0.0465,15,0.5172,8.8,27.1,0.0357,1
DEMO-0709,Machine Learning & AI,Easy,4,1,39,23,13,3,59.0,42.1,41.2,38.4,5,38,3.6,81.2,0.5897,0.0769,16,0.4211,16.9,17.8,0.2174,1
DEMO-0710,Data Science & Analytics,Hard,2,4,24,10,13,1,41.7,0.3,35.1,26.4,6,53,3.8,70.2,0.4167,0.0417,14,0.2642,41.4,6.6,0.6,0
DEMO-0711,Cloud Computing,Medium,1,5,16,5,7,4,31.2,11.1,17.7,23.8,5,52,4.9,77.9,0.3125,0.25,11,0.2115,20.1,13.5,1.0,0
DEMO-0712,Blockchain,Medium,1,2,21,8,11,2,38.1,10.4,3.9,29.8,2,80,2.7,66.2,0.381,0.0952,13,0.1625,27.7,34.2,0.25,0
DEMO-0713,Internet of Things (IoT),Medium,4,3,40,25,13,2,62.5,29.4,57.8,44.1,3,17,2.8,74.7,0.625,0.05,15,0.8824,33.1,4.7,0.12,0
DEMO-0714,Machine Learning & AI,Easy,1,3,16,3,13,0,18.8,0.0,9.6,11.6,2,62,2.7,65.6,0.1875,0.0,13,0.2097,18.8,9.2,0.6667,0
DEMO-0715,Internet of Things (IoT),Easy,3,5,20,13,3,4,65.0,49.5,52.5,41.5,2,37,4.2,70.4,0.65,0.2,7,0.1892,15.5,12.5,0.1538,1
DEMO-0716,Machine Learning & AI,Easy,1,6,11,7,4,0,63.6,54.8,51.8,33.7,4,37,3.1,81.7,0.6364,0.0,4,0.1081,8.8,11.8,0.5714,1
DEMO-0717,Internet of Things (IoT),Medium,3,3,37,19,14,4,51.4,30.0,31.2,31.1,2,57,3.5,84.0,0.5135,0.1081,18,0.3158,21.4,20.2,0.1053,1
DEMO-0718,Machine Learning & AI,Medium,2,5,43,42,1,0,97.7,68.2,95.1,84.7,0,6,3.0,85.4,0.9767,0.0,1,0.1667,29.5,2.6,0.0,1
DEMO-0719,Data Science & Analytics,Hard,4,1,18,16,2,0,88.9,87.5,69.8,50.1,0,9,3.8,85.3,0.8889,0.0,2,0.2222,1.4,19.1,0.0,1
DEMO-0720,Internet of Things (IoT),Medium,1,5,44,3,37,4,6.8,0.0,0.0,3.9,7,90,2.7,60.2,0.0682,0.0909,41,0.4556,6.8,6.8,2.3333,0
DEMO-0721,Cybersecurity,Medium,3,3,11,2,8,1,18.2,10.8,14.7,16.2,3,105,4.1,64.4,0.1818,0.0909,9,0.0857,7.4,3.5,1.5,0
DEMO-0722,Web Development,Medium,5,3,34,25,8,1,73.5,61.0,59.5,55.9,2,22,2.9,85.0,0.7353,0.0294,9,0.4091,12.5,14.0,0.08,1
DEMO-0723,Web Development,Medium,2,5,37,21,11,5,56.8,49.6,34.6,39.1,4,36,3.1,81.5,0.5676,0.1351,16,0.4444,7.2,22.2,0.1905,1
DEMO-0724,Internet of Things (IoT),Hard,2,1,33,16,16,1,48.5,37.3,42.3,38.9,2,83,3.9,64.2,0.4848,0.0303,17,0.2048,11.2,6.2,0.125,1
DEMO-0725,Web Development,Hard,3,5,21,9,11,1,42.9,19.1,33.7,35.3,8,97,4.9,52.5,0.4286,0.0476,12,0.1237,23.8,9.2,0.8889,1
DEMO-0726,Internet of Things (IoT),Medium,3,5,14,7,6,1,50.0,23.8,24.6,41.7,4,52,3.5,78.2,0.5,0.0714,7,0.1346,26.2,25.4,0.5714,1
DEMO-0727,Blockchain,Hard,1,6,43,32,7,4,74.4,48.8,62.1,51.1,4,49,4.7,98.0,0.7442,0.093,11,0.2245,25.6,12.3,0.125,1
DEMO-0728,Internet of Things (IoT),Medium,2,5,21,9,10,2,42.9,23.0,9.9,38.0,5,45,3.4,64.0,0.4286,0.0952,12,0.2667,19.9,33.0,0.5556,1
DEMO-0729,Machine Learning & AI,Hard,2,6,18,10,4,4,55.6,37.2,50.4,30.4,4,65,3.6,79.6,0.5556,0.2222,8,0.1231,18.4,5.2,0.4,1
DEMO-0730,Mobile Applications,Medium,2,2,25,17,5,3,68.0,54.9,52.6,58.6,1,26,4.8,73.2,0.68,0.12,8,0.3077,13.1,15.4,0.0588,1
DEMO-0731,Cybersecurity,Hard,1,5,36,27,9,0,75.0,39.7,54.8,58.1,4,31,3.8,89.6,0.75,0.0,9,0.2903,35.3,20.2,0.1481,1
DEMO-0732,Cybersecurity,Medium,3,3,28,23,4,1,82.1,48.5,59.3,55.2,3,13,2.7,73.1,0.8214,0.0357,5,0.3846,33.6,22.8,0.1304,1
DEMO-0733,Cloud Computing,Easy,2,2,35,20,14,1,57.1,48.3,48.4,35.4,0,40,3.3,74.4,0.5714,0.0286,15,0.375,8.8,8.7,0.0,1
DEMO-0734,Web Development,Medium,4,3,18,11,6,1,61.1,29.7,54.2,43.9,3,28,3.8,89.2,0.6111,0.0556,7,0.25,31.4,6.9,0.2727,1
DEMO-0735,Blockchain,Hard,1,1,22,22,0,0,100.0,75.7,87.6,97.0,4,13,2.7,87.1,1.0,0.0,0,0.0,24.3,12.4,0.1818,1
DEMO-0736,Cybersecurity,Medium,3,5,45,17,24,4,37.8,21.7,4.3,34.6,1,68,4.4,77.1,0.3778,0.0889,28,0.4118,16.1,33.5,0.0588,1
DEMO-0737,Web Development,Hard,5,2,31,7,13,11,22.6,11.7,11.1,18.8,3,72,4.2,64.2,0.2258,0.3548,24,0.3333,10.9,11.5,0.4286,0
DEMO-0738,Cybersecurity,Hard,2,1,28,11,13,4,39.3,9.6,16.1,27.0,2,89,3.2,61.5,0.3929,0.1429,17,0.191,29.7,23.2,0.1818,0
DEMO-0739,Data Science & Analytics,Easy,2,2,44,28,13,3,63.6,32.0,28.9,59.0,2,18,4.7,73.1,0.6364,0.0682,16,0.8889,31.6,34.7,0.0714,0
DEMO-0740,Internet of Things (IoT),Medium,1,4,35,26,7,2,74.3,62.3,64.6,45.2,2,52,4.9,80.7,0.7429,0.0571,9,0.1731,12.0,9.7,0.0769,1
DEMO-0741,Internet of Things (IoT),Medium,3,3,25,17,7,1,68.0,62.0,51.5,67.4,0,19,3.9,86.9,0.68,0.04,8,0.4211,6.0,16.5,0.0,1
DEMO-0742,Machine Learning & AI,Medium,3,5,19,10,8,1,52.6,43.8,56.3,39.0,3,57,2.7,83.8,0.5263,0.0526,9,0.1579,8.8,0.0,0.3,1
DEMO-0743,Internet of Things (IoT),Hard,2,3,17,7,8,2,41.2,24.6,23.6,40.4,2,78,4.4,72.9,0.4118,0.1176,10,0.1282,16.6,17.6,0.2857,0
DEMO-0744,Blockchain,Medium,4,4,14,13,1,0,92.9,87.9,74.6,84.7,0,3,2.6,96.8,0.9286,0.0,1,0.3333,5.0,18.3,0.0,1
DEMO-0745,Cloud Computing,Easy,2,1,30,4,19,7,13.3,0.0,8.5,8.5,5,50,4.7,58.4,0.1333,0.2333,26,0.52,13.3,4.8,1.25,0
DEMO-0746,Blockchain,Easy,3,4,18,14,2,2,77.8,74.7,55.1,63.2,1,32,4.8,98.0,0.7778,0.1111,4,0.125,3.1,22.7,0.0714,1
DEMO-0747,Mobile Applications,Hard,2,4,43,29,10,4,67.4,47.7,59.7,64.6,5,34,2.8,77.9,0.6744,0.093,14,0.4118,19.7,7.7,0.1724,1
DEMO-0748,Web Development,Easy,5,2,16,3,12,1,18.8,0.0,4.2,14.5,5,82,3.4,68.8,0.1875,0.0625,13,0.1585,18.8,14.6,1.6667,0
DEMO-0749,Cloud Computing,Medium,2,6,20,16,3,1,80.0,70.4,73.9,58.8,1,12,4.8,87.7,0.8,0.05,4,0.3333,9.6,6.1,0.0625,1
DEMO-0750,Data Science & Analytics,Medium,1,2,14,1,11,2,7.1,0.0,6.0,5.6,5,86,4.3,49.2,0.0714,0.1429,13,0.1512,7.1,1.1,5.0,0
DEMO-0751,Data Science & Analytics,Easy,2,2,44,20,18,6,45.5,27.3,31.6,38.7,3,85,4.3,64.4,0.4545,0.1364,24,0.2824,18.2,13.9,0.15,1
DEMO-0752,Mobile Applications,Medium,3,4,41,17,18,6,41.5,31.8,39.1,38.2,1,55,3.1,65.5,0.4146,0.1463,24,0.4364,9.7,2.4,0.0588,0
DEMO-0753,Mobile Applications,Hard,3,6,33,2,18,13,6.1,0.0,0.0,4.3,3,99,4.4,58.8,0.0606,0.3939,31,0.3131,6.1,6.1,1.5,0
DEMO-0754,Cloud Computing,Easy,2,5,28,21,2,5,75.0,48.2,42.5,46.1,1,29,3.6,80.1,0.75,0.1786,7,0.2414,26.8,32.5,0.0476,1
DEMO-0755,Cloud Computing,Medium,2,2,29,22,6,1,75.9,64.3,50.7,72.6,0,21,4.1,86.6,0.7586,0.0345,7,0.3333,11.6,25.2,0.0,1
DEMO-0756,Internet of Things (IoT),Hard,2,4,40,18,5,17,45.0,34.2,30.5,36.6,3,82,3.7,65.8,0.45,0.425,22,0.2683,10.8,14.5,0.1667,0
DEMO-0757,Machine Learning & AI,Hard,2,4,42,28,12,2,66.7,52.7,44.9,46.6,2,38,4.2,88.9,0.6667,0.0476,14,0.3684,14.0,21.8,0.0714,1
DEMO-0758,Cloud Computing,Hard,3,3,34,12,15,7,35.3,25.4,18.1,23.7,2,58,3.2,74.6,0.3529,0.2059,22,0.3793,9.9,17.2,0.1667,0
DEMO-0759,Data Science & Analytics,Medium,1,3,28,9,15,4,32.1,14.5,31.3,30.5,6,93,4.8,66.0,0.3214,0.1429,19,0.2043,17.6,0.8,0.6667,0
DEMO-0760,Mobile Applications,Medium,4,2,44,36,4,4,81.8,68.1,52.8,50.0,1,36,3.1,70.8,0.8182,0.0909,8,0.2222,13.7,29.0,0.0278,1
DEMO-0761,Cybersecurity,Easy,4,5,16,8,8,0,50.0,29.7,27.9,31.5,3,24,3.0,68.5,0.5,0.0,8,0.3333,20.3,22.1,0.375,1
DEMO-0762,Mobile Applications,Hard,1,4,40,10,25,5,25.0,0.3,15.6,13.6,1,70,3.6,64.2,0.25,0.125,30,0.4286,24.7,9.4,0.1,0
DEMO-0763,Mobile Applications,Easy,1,5,23,13,8,2,56.5,51.6,26.7,47.9,0,28,4.5,92.4,0.5652,0.087,10,0.3571,4.9,29.8,0.0,1
DEMO-0764,Mobile Applications,Easy,2,4,34,29,3,2,85.3,72.4,82.0,78.7,3,45,3.9,86.5,0.8529,0.0588,5,0.1111,12.9,3.3,0.1034,1
DEMO-0765,Machine Learning & AI,Hard,2,4,36,4,23,9,11.1,4.8,1.5,7.4,6,116,3.2,63.7,0.1111,0.25,32,0.2759,6.3,9.6,1.5,0
DEMO-0766,Blockchain,Hard,3,3,28,4,23,1,14.3,0.0,12.2,13.2,6,46,2.6,66.8,0.1429,0.0357,24,0.5217,14.3,2.1,1.5,0
DEMO-0767,Internet of Things (IoT),Medium,4,1,25,11,4,10,44.0,12.8,28.3,28.7,1,94,3.8,76.6,0.44,0.4,14,0.1489,31.2,15.7,0.0909,1
DEMO-0768,Data Science & Analytics,Easy,5,6,24,14,6,4,58.3,57.6,25.3,55.9,3,49,3.0,86.9,0.5833,0.1667,10,0.2041,0.7,33.0,0.2143,1
DEMO-0769,Machine Learning & AI,Medium,3,1,18,7,10,1,38.9,34.9,36.3,22.6,2,91,3.7,77.9,0.3889,0.0556,11,0.1209,4.0,2.6,0.2857,1
DEMO-0770,Data Science & Analytics,Medium,3,6,39,12,25,2,30.8,0.0,25.2,17.8,4,94,4.9,64.2,0.3077,0.0513,27,0.2872,30.8,5.6,0.3333,0
DEMO-0771,Data Science & Analytics,Medium,3,2,16,6,8,2,37.5,10.9,33.4,36.1,3,77,4.0,58.7,0.375,0.125,10,0.1299,26.6,4.1,0.5,0
DEMO-0772,Web Development,Medium,1,5,23,22,1,0,95.7,64.8,85.0,74.2,1,23,4.7,85.3,0.9565,0.0,1,0.0435,30.9,10.7,0.0455,1
DEMO-0773,Internet of Things (IoT),Hard,4,5,23,11,11,1,47.8,26.5,40.0,24.4,4,61,3.2,78.1,0.4783,0.0435,12,0.1967,21.3,7.8,0.3636,1
DEMO-0774,Data Science & Analytics,Medium,3,2,38,32,6,0,84.2,65.9,55.6,80.4,0,27,3.0,81.4,0.8421,0.0,6,0.2222,18.3,28.6,0.0,1
DEMO-0775,Machine Learning & AI,Medium,2,5,25,11,11,3,44.0,39.0,12.1,37.1,0,89,3.8,74.2,0.44,0.12,14,0.1573,5.0,31.9,0.0,1
DEMO-0776,Cybersecurity,Medium,3,6,33,22,10,1,66.7,45.6,38.2,34.7,1,20,3.2,74.2,0.6667,0.0303,11,0.55,21.1,28.5,0.0455,1
DEMO-0777,Mobile Applications,Hard,4,5,30,13,16,1,43.3,16.1,46.5,38.5,2,103,4.4,81.5,0.4333,0.0333,17,0.165,27.2,0.0,0.1538,1
DEMO-0778,Internet of Things (IoT),Medium,3,6,42,11,23,8,26.2,14.3,29.1,13.7,1,55,4.3,71.4,0.2619,0.1905,31,0.5636,11.9,0.0,0.0909,0
DEMO-0779,Data Science & Analytics,Medium,3,2,13,3,9,1,23.1,9.4,7.2,15.5,2,96,4.4,67.8,0.2308,0.0769,10,0.1042,13.7,15.9,0.6667,0
DEMO-0780,Internet of Things (IoT),Easy,2,4,34,13,16,5,38.2,9.3,13.0,24.5,3,42,2.7,81.6,0.3824,0.1471,21,0.5,28.9,25.2,0.2308,0
DEMO-0781,Blockchain,Medium,1,3,10,6,2,2,60.0,51.6,39.2,41.4,3,26,4.5,77.7,0.6,0.2,4,0.1538,8.4,20.8,0.5,1
DEMO-0782,Internet of Things (IoT),Medium,2,3,18,14,3,1,77.8,61.2,52.3,60.3,1,29,3.4,77.0,0.7778,0.0556,4,0.1379,16.6,25.5,0.0714,1
DEMO-0783,Internet of Things (IoT),Hard,2,1,19,8,7,4,42.1,21.5,38.8,36.2,4,58,3.6,71.0,0.4211,0.2105,11,0.1897,20.6,3.3,0.5,0
DEMO-0784,Internet of Things (IoT),Easy,4,5,16,6,9,1,37.5,14.6,36.7,23.4,3,43,2.5,59.9,0.375,0.0625,10,0.2326,22.9,0.8,0.5,0
DEMO-0785,Data Science & Analytics,Medium,3,4,33,17,15,1,51.5,31.2,29.8,47.4,0,39,4.6,73.4,0.5152,0.0303,16,0.4103,20.3,21.7,0.0,1
DEMO-0786,Mobile Applications,Easy,1,1,42,16,25,1,38.1,22.4,11.1,28.4,3,86,3.8,62.2,0.381,0.0238,26,0.3023,15.7,27.0,0.1875,1
DEMO-0787,Cybersecurity,Medium,1,1,16,14,2,0,87.5,74.8,89.3,67.0,0,7,3.7,80.7,0.875,0.0,2,0.2857,12.7,0.0,0.0,1
DEMO-0788,Mobile Applications,Medium,1,5,37,15,17,5,40.5,22.6,38.1,20.4,0,60,5.0,76.7,0.4054,0.1351,22,0.3667,17.9,2.4,0.0,1
DEMO-0789,Blockchain,Easy,3,4,26,24,2,0,92.3,79.7,68.4,58.4,0,20,3.6,88.0,0.9231,0.0,2,0.1,12.6,23.9,0.0,1
DEMO-0790,Web Development,Hard,3,1,38,27,6,5,71.1,41.1,39.6,38.0,3,50,4.4,88.4,0.7105,0.1316,11,0.22,30.0,31.5,0.1111,1
DEMO-0791,Cloud Computing,Medium,2,6,14,6,6,2,42.9,13.9,13.7,26.2,5,41,3.0,71.2,0.4286,0.1429,8,0.1951,29.0,29.2,0.8333,1
DEMO-0792,Blockchain,Medium,2,3,16,6,8,2,37.5,27.1,31.0,22.0,0,53,3.6,74.2,0.375,0.125,10,0.1887,10.4,6.5,0.0,0
DEMO-0793,Cloud Computing,Medium,4,5,38,38,0,0,100.0,94.6,98.8,95.2,0,17,2.8,92.8,1.0,0.0,0,0.0,5.4,1.2,0.0,1
DEMO-0794,Web Development,Medium,3,3,16,15,1,0,93.8,80.3,66.5,89.0,0,12,4.9,98.0,0.9375,0.0,1,0.0833,13.5,27.3,0.0,1
DEMO-0795,Cloud Computing,Hard,2,1,44,43,1,0,97.7,79.4,88.1,70.4,2,13,3.4,84.7,0.9773,0.0,1,0.0769,18.3,9.6,0.0465,1
DEMO-0796,Web Development,Hard,2,1,36,17,16,3,47.2,36.6,47.9,38.9,5,33,4.8,64.8,0.4722,0.0833,19,0.5758,10.6,0.0,0.2941,0
DEMO-0797,Cloud Computing,Hard,2,4,45,44,1,0,97.8,79.4,100.0,83.8,1,12,4.8,91.3,0.9778,0.0,1,0.0833,18.4,0.0,0.0227,1
DEMO-0798,Mobile Applications,Medium,1,5,25,9,15,1,36.0,19.3,9.7,28.5,2,102,4.2,65.5,0.36,0.04,16,0.1569,16.7,26.3,0.2222,1
DEMO-0799,Web Development,Hard,4,6,28,20,4,4,71.4,55.5,64.1,47.8,1,20,2.9,83.0,0.7143,0.1429,8,0.4,15.9,7.3,0.05,1
DEMO-0800,Internet of Things (IoT),Hard,2,5,44,10,28,6,22.7,0.0,3.1,21.3,7,58,5.0,63.2,0.2273,0.1364,34,0.5862,22.7,19.6,0.7,0
DEMO-0801,Data Science & Analytics,Medium,1,1,14,9,5,0,64.3,48.3,60.9,45.2,2,69,3.0,74.4,0.6429,0.0,5,0.0725,16.0,3.4,0.2222,1
DEMO-0802,Cybersecurity,Easy,1,3,30,10,19,1,33.3,19.0,32.2,18.3,3,40,4.1,78.6,0.3333,0.0333,20,0.5,14.3,1.1,0.3,1
DEMO-0803,Cloud Computing,Easy,2,4,14,7,6,1,50.0,18.0,38.2,25.1,1,53,3.7,70.5,0.5,0.0714,7,0.1321,32.0,11.8,0.1429,1
DEMO-0804,Mobile Applications,Medium,2,1,24,19,4,1,79.2,53.2,50.9,49.5,2,24,3.5,77.4,0.7917,0.0417,5,0.2083,26.0,28.3,0.1053,1
DEMO-0805,Blockchain,Medium,3,1,30,12,14,4,40.0,18.7,20.7,27.6,4,86,2.6,81.5,0.4,0.1333,18,0.2093,21.3,19.3,0.3333,0
DEMO-0806,Blockchain,Medium,1,5,44,37,5,2,84.1,48.4,64.9,55.8,0,34,2.6,82.7,0.8409,0.0455,7,0.2059,35.7,19.2,0.0,1
DEMO-0807,Cloud Computing,Hard,2,5,26,7,16,3,26.9,9.9,12.3,24.1,5,66,2.9,68.1,0.2692,0.1154,19,0.2879,17.0,14.6,0.7143,0
DEMO-0808,Cybersecurity,Medium,2,4,31,10,21,0,32.3,15.0,33.3,22.7,2,45,4.5,72.8,0.3226,0.0,21,0.4667,17.3,0.0,0.2,1
DEMO-0809,Blockchain,Medium,2,1,35,20,14,1,57.1,20.4,40.4,32.4,0,34,4.0,71.4,0.5714,0.0286,15,0.4412,36.7,16.7,0.0,1
DEMO-0810,Machine Learning & AI,Medium,5,1,33,30,1,2,90.9,67.3,63.7,69.8,4,9,3.7,79.3,0.9091,0.0606,3,0.3333,23.6,27.2,0.1333,1
DEMO-0811,Data Science & Analytics,Hard,1,1,21,15,6,0,71.4,44.1,60.1,41.6,7,33,3.8,84.5,0.7143,0.0,6,0.1818,27.3,11.3,0.4667,1
DEMO-0812,Data Science & Analytics,Medium,2,6,34,34,0,0,100.0,100.0,93.5,56.4,0,23,3.9,90.1,1.0,0.0,0,0.0,0.0,6.5,0.0,1
DEMO-0813,Cloud Computing,Medium,3,3,13,3,7,3,23.1,0.0,0.2,13.8,2,97,3.2,69.0,0.2308,0.2308,10,0.1031,23.1,22.9,0.6667,0
DEMO-0814,Data Science & Analytics,Medium,2,1,38,17,11,10,44.7,20.2,38.0,41.7,8,65,3.8,67.5,0.4474,0.2632,21,0.3231,24.5,6.7,0.4706,1
DEMO-0815,Data Science & Analytics,Medium,1,5,13,13,0,0,100.0,68.8,67.8,91.5,0,20,4.1,98.0,1.0,0.0,0,0.0,31.2,32.2,0.0,1
DEMO-0816,Cloud Computing,Easy,4,6,16,13,2,1,81.2,51.6,72.2,50.9,2,64,4.9,83.7,0.8125,0.0625,3,0.0469,29.6,9.0,0.1538,1
DEMO-0817,Internet of Things (IoT),Hard,4,6,14,6,6,2,42.9,24.6,28.0,42.0,5,59,4.2,79.8,0.4286,0.1429,8,0.1356,18.3,14.9,0.8333,0
DEMO-0818,Blockchain,Hard,2,2,13,3,4,6,23.1,0.0,2.4,21.5,1,82,3.9,79.2,0.2308,0.4615,10,0.122,23.1,20.7,0.3333,0
DEMO-0819,Machine Learning & AI,Medium,4,5,24,16,7,1,66.7,45.0,44.5,64.8,2,50,3.0,89.3,0.6667,0.0417,8,0.16,21.7,22.2,0.125,1
DEMO-0820,Web Development,Medium,2,2,20,10,9,1,50.0,34.8,25.1,39.9,2,96,4.8,69.4,0.5,0.05,10,0.1042,15.2,24.9,0.2,1
DEMO-0821,Mobile Applications,Easy,1,3,22,10,10,2,45.5,34.0,35.7,32.3,2,72,4.1,76.3,0.4545,0.0909,12,0.1667,11.5,9.8,0.2,1
DEMO-0822,Cybersecurity,Hard,3,1,10,4,6,0,40.0,1.9,34.9,20.4,3,102,2.6,56.4,0.4,0.0,6,0.0588,38.1,5.1,0.75,0
DEMO-0823,Blockchain,Medium,1,1,35,30,5,0,85.7,66.5,74.2,68.2,0,16,3.7,73.8,0.8571,0.0,5,0.3125,19.2,11.5,0.0,1
DEMO-0824,Internet of Things (IoT),Medium,2,3,45,12,27,6,26.7,4.8,4.5,20.8,4,93,4.7,59.7,0.2667,0.1333,33,0.3548,21.9,22.2,0.3333,0
DEMO-0825,Data Science & Analytics,Hard,1,1,33,23,8,2,69.7,56.0,39.8,63.8,3,17,3.5,73.2,0.697,0.0606,10,0.5882,13.7,29.9,0.1304,1
DEMO-0826,Web Development,Hard,5,5,33,31,2,0,93.9,86.1,76.6,55.6,3,7,2.7,81.1,0.9394,0.0,2,0.2857,7.8,17.3,0.0968,1
DEMO-0827,Machine Learning & AI,Medium,2,5,35,29,6,0,82.9,65.6,66.7,52.4,1,10,3.2,72.9,0.8286,0.0,6,0.6,17.3,16.2,0.0345,1
DEMO-0828,Cybersecurity,Medium,2,1,30,20,8,2,66.7,35.6,49.5,64.6,3,33,2.7,65.3,0.6667,0.0667,10,0.303,31.1,17.2,0.15,1
DEMO-0829,Cybersecurity,Medium,5,4,20,9,8,3,45.0,37.5,23.5,24.5,2,86,4.1,72.7,0.45,0.15,11,0.1279,7.5,21.5,0.2222,1
DEMO-0830,Machine Learning & AI,Medium,3,2,15,3,11,1,20.0,0.0,22.3,13.5,2,97,4.1,66.1,0.2,0.0667,12,0.1237,20.0,0.0,0.6667,0
DEMO-0831,Mobile Applications,Medium,5,5,21,18,3,0,85.7,78.1,79.6,43.5,0,21,3.1,88.7,0.8571,0.0,3,0.1429,7.6,6.1,0.0,1
DEMO-0832,Mobile Applications,Hard,2,3,45,17,18,10,37.8,11.7,34.7,35.1,6,29,2.8,70.4,0.3778,0.2222,28,0.9655,26.1,3.1,0.3529,0
DEMO-0833,Mobile Applications,Medium,3,5,42,41,1,0,97.6,68.9,95.1,86.6,2,16,4.0,93.3,0.9762,0.0,1,0.0625,28.7,2.5,0.0488,1
DEMO-0834,Data Science & Analytics,Hard,1,6,33,19,9,5,57.6,43.0,48.5,44.5,6,32,4.4,67.2,0.5758,0.1515,14,0.4375,14.6,9.1,0.3158,0
DEMO-0835,Internet of Things (IoT),Hard,5,3,44,11,30,3,25.0,0.0,0.0,13.1,4,46,2.6,69.9,0.25,0.0682,33,0.7174,25.0,25.0,0.3636,0
DEMO-0836,Web Development,Medium,2,3,32,2,27,3,6.2,0.0,0.0,3.2,2,107,2.8,63.9,0.0625,0.0938,30,0.2804,6.2,6.2,1.0,0
DEMO-0837,Mobile Applications,Medium,2,4,16,10,3,3,62.5,34.3,53.8,50.7,0,33,3.3,72.7,0.625,0.1875,6,0.1818,28.2,8.7,0.0,1
DEMO-0838,Mobile Applications,Medium,5,1,18,5,12,1,27.8,0.0,14.5,22.1,7,82,4.1,66.8,0.2778,0.0556,13,0.1585,27.8,13.3,1.4,0
DEMO-0839,Cloud Computing,Easy,3,1,38,30,7,1,78.9,58.3,79.1,42.0,1,17,5.0,96.9,0.7895,0.0263,8,0.4706,20.6,0.0,0.0333,1
DEMO-0840,Internet of Things (IoT),Hard,3,1,23,20,2,1,87.0,64.9,70.7,83.1,2,26,5.0,80.4,0.8696,0.0435,3,0.1154,22.1,16.3,0.1,1
DEMO-0841,Machine Learning & AI,Hard,2,2,33,22,8,3,66.7,34.8,72.8,64.8,1,39,2.6,81.3,0.6667,0.0909,11,0.2821,31.9,0.0,0.0455,1
DEMO-0842,Data Science & Analytics,Medium,3,2,40,20,18,2,50.0,16.1,37.4,36.5,2,36,3.3,79.7,0.5,0.05,20,0.5556,33.9,12.6,0.1,1
DEMO-0843,Cybersecurity,Hard,1,2,34,16,14,4,47.1,26.9,19.5,28.7,2,53,3.3,68.0,0.4706,0.1176,18,0.3396,20.2,27.6,0.125,0
DEMO-0844,Web Development,Medium,2,4,12,5,7,0,41.7,21.5,17.5,22.7,3,62,3.6,75.6,0.4167,0.0,7,0.1129,20.2,24.2,0.6,1
DEMO-0845,Web Development,Medium,3,4,31,28,1,2,90.3,67.3,78.4,88.2,0,22,3.5,89.2,0.9032,0.0645,3,0.1364,23.0,11.9,0.0,1
DEMO-0846,Web Development,Hard,1,3,32,16,15,1,50.0,32.5,47.3,33.6,0,35,3.1,75.0,0.5,0.0312,16,0.4571,17.5,2.7,0.0,1
DEMO-0847,Internet of Things (IoT),Medium,5,1,20,7,12,1,35.0,15.7,34.1,25.1,6,102,3.4,72.9,0.35,0.05,13,0.1275,19.3,0.9,0.8571,1
DEMO-0848,Cybersecurity,Medium,2,4,20,14,6,0,70.0,38.0,51.5,48.1,1,23,3.8,66.1,0.7,0.0,6,0.2609,32.0,18.5,0.0714,1
DEMO-0849,Cloud Computing,Medium,4,1,16,16,0,0,100.0,73.3,78.6,53.0,2,4,3.2,98.0,1.0,0.0,0,0.0,26.7,21.4,0.125,1
DEMO-0850,Internet of Things (IoT),Medium,4,5,17,4,11,2,23.5,0.0,1.9,23.2,8,76,4.8,65.2,0.2353,0.1176,13,0.1711,23.5,21.6,2.0,0
DEMO-0851,Machine Learning & AI,Easy,2,3,18,14,4,0,77.8,63.2,47.0,39.0,2,20,3.4,87.8,0.7778,0.0,4,0.2,14.6,30.8,0.1429,1
DEMO-0852,Data Science & Analytics,Medium,2,5,16,9,7,0,56.2,27.9,35.9,55.6,3,25,3.7,69.0,0.5625,0.0,7,0.28,28.3,20.3,0.3333,1
DEMO-0853,Machine Learning & AI,Medium,5,2,17,17,0,0,100.0,93.3,78.8,50.7,0,6,3.4,86.9,1.0,0.0,0,0.0,6.7,21.2,0.0,1
DEMO-0854,Blockchain,Hard,4,4,12,5,3,4,41.7,22.1,36.3,36.8,4,50,3.3,92.7,0.4167,0.3333,7,0.14,19.6,5.4,0.8,0
DEMO-0855,Blockchain,Hard,3,5,22,14,6,2,63.6,31.3,43.4,34.6,7,22,3.1,85.2,0.6364,0.0909,8,0.3636,32.3,20.2,0.5,0
DEMO-0856,Cybersecurity,Hard,2,3,27,14,12,1,51.9,44.6,21.9,43.8,6,22,4.3,79.7,0.5185,0.037,13,0.5909,7.3,30.0,0.4286,0
DEMO-0857,Internet of Things (IoT),Medium,4,6,15,9,6,0,60.0,31.3,30.0,58.7,4,34,4.2,86.7,0.6,0.0,6,0.1765,28.7,30.0,0.4444,1
DEMO-0858,Internet of Things (IoT),Medium,1,1,25,7,13,5,28.0,26.1,1.6,24.9,4,86,4.8,62.6,0.28,0.2,18,0.2093,1.9,26.4,0.5714,0
DEMO-0859,Cybersecurity,Hard,2,6,27,26,1,0,96.3,79.3,83.5,66.6,0,19,3.6,75.2,0.963,0.0,1,0.0526,17.0,12.8,0.0,1
DEMO-0860,Machine Learning & AI,Medium,2,5,10,6,4,0,60.0,51.4,45.7,55.3,3,33,2.8,79.2,0.6,0.0,4,0.1212,8.6,14.3,0.5,1
DEMO-0861,Cloud Computing,Easy,2,6,17,3,13,1,17.6,0.0,0.0,11.6,1,63,3.0,59.1,0.1765,0.0588,14,0.2222,17.6,17.6,0.3333,0
DEMO-0862,Blockchain,Easy,3,2,16,13,2,1,81.2,54.0,76.3,55.6,3,11,3.6,93.2,0.8125,0.0625,3,0.2727,27.2,4.9,0.2308,1
DEMO-0863,Cybersecurity,Easy,2,6,27,23,3,1,85.2,62.9,72.8,83.7,4,37,4.8,89.0,0.8519,0.037,4,0.1081,22.3,12.4,0.1739,1
DEMO-0864,Blockchain,Hard,4,2,24,17,5,2,70.8,53.7,62.8,37.6,3,8,4.8,76.1,0.7083,0.0833,7,0.875,17.1,8.0,0.1765,1
DEMO-0865,Machine Learning & AI,Hard,4,1,11,9,2,0,81.8,53.8,82.4,80.5,3,16,4.5,85.7,0.8182,0.0,2,0.125,28.0,0.0,0.3333,1
DEMO-0866,Blockchain,Medium,2,1,41,35,6,0,85.4,60.7,74.5,50.7,1,8,4.6,87.2,0.8537,0.0,6,0.75,24.7,10.9,0.0286,1
DEMO-0867,Cybersecurity,Hard,2,6,23,21,1,1,91.3,61.8,75.1,84.6,1,18,4.2,93.2,0.913,0.0435,2,0.1111,29.5,16.2,0.0476,1
DEMO-0868,Cybersecurity,Easy,1,4,15,6,8,1,40.0,7.7,26.8,23.1,6,32,3.4,80.4,0.4,0.0667,9,0.2812,32.3,13.2,1.0,1
DEMO-0869,Internet of Things (IoT),Hard,2,5,21,18,2,1,85.7,63.4,75.2,61.8,1,27,2.8,88.8,0.8571,0.0476,3,0.1111,22.3,10.5,0.0556,1
DEMO-0870,Internet of Things (IoT),Hard,5,2,20,20,0,0,100.0,56.4,86.8,78.3,1,17,5.0,86.5,1.0,0.0,0,0.0,43.6,13.2,0.05,1
DEMO-0871,Cybersecurity,Medium,2,5,31,5,25,1,16.1,0.0,10.4,10.2,3,100,4.5,56.9,0.1613,0.0323,26,0.26,16.1,5.7,0.6,0
DEMO-0872,Web Development,Medium,2,5,29,29,0,0,100.0,84.6,100.0,89.2,1,33,3.5,78.5,1.0,0.0,0,0.0,15.4,0.0,0.0345,1
DEMO-0873,Cybersecurity,Medium,2,3,40,5,22,13,12.5,0.6,0.0,12.0,2,84,3.3,68.3,0.125,0.325,35,0.4167,11.9,12.5,0.4,0
DEMO-0874,Mobile Applications,Medium,2,2,30,20,6,4,66.7,40.4,37.8,55.6,2,34,4.1,77.9,0.6667,0.1333,10,0.2941,26.3,28.9,0.1,1
DEMO-0875,Mobile Applications,Easy,1,2,25,12,11,2,48.0,31.2,32.9,35.8,2,30,3.1,79.1,0.48,0.08,13,0.4333,16.8,15.1,0.1667,1
DEMO-0876,Machine Learning & AI,Easy,3,6,11,2,8,1,18.2,0.0,0.8,11.0,5,67,4.2,75.5,0.1818,0.0909,9,0.1343,18.2,17.4,2.5,0
DEMO-0877,Cloud Computing,Easy,2,6,34,18,12,4,52.9,55.6,52.9,48.7,2,61,3.7,78.0,0.5294,0.1176,16,0.2623,0.0,0.0,0.1111,1
DEMO-0878,Data Science & Analytics,Hard,2,1,13,5,6,2,38.5,8.9,23.3,30.7,4,84,4.7,84.0,0.3846,0.1538,8,0.0952,29.6,15.2,0.8,0
DEMO-0879,Blockchain,Hard,2,1,26,25,1,0,96.2,70.1,60.6,94.4,1,19,2.7,84.5,0.9615,0.0,1,0.0526,26.1,35.6,0.04,1
DEMO-0880,Cybersecurity,Easy,3,2,30,6,18,6,20.0,6.1,10.1,12.1,3,67,3.1,72.1,0.2,0.2,24,0.3582,13.9,9.9,0.5,0
DEMO-0881,Cloud Computing,Hard,2,5,31,18,10,3,58.1,47.6,49.2,52.0,3,36,4.0,63.9,0.5806,0.0968,13,0.3611,10.5,8.9,0.1667,1
DEMO-0882,Internet of Things (IoT),Hard,1,6,26,14,10,2,53.8,33.5,32.9,42.0,2,49,3.1,68.3,0.5385,0.0769,12,0.2449,20.3,20.9,0.1429,1
DEMO-0883,Machine Learning & AI,Medium,2,2,44,34,9,1,77.3,62.6,51.9,50.3,0,42,3.4,74.1,0.7727,0.0227,10,0.2381,14.7,25.4,0.0,1
DEMO-0884,Blockchain,Medium,2,5,18,18,0,0,100.0,78.2,100.0,80.5,0,21,2.6,98.0,1.0,0.0,0,0.0,21.8,0.0,0.0,1
DEMO-0885,Cybersecurity,Easy,3,2,39,13,16,10,33.3,10.9,31.0,32.8,3,41,4.8,70.3,0.3333,0.2564,26,0.6341,22.4,2.3,0.2308,1
DEMO-0886,Cloud Computing,Medium,2,2,26,14,9,3,53.8,35.5,28.1,32.0,0,33,2.9,74.1,0.5385,0.1154,12,0.3636,18.3,25.7,0.0,1
DEMO-0887,Internet of Things (IoT),Easy,2,2,26,12,13,1,46.2,19.6,14.8,42.3,2,34,3.9,82.9,0.4615,0.0385,14,0.4118,26.6,31.4,0.1667,0
DEMO-0888,Cybersecurity,Medium,4,5,27,8,16,3,29.6,10.5,20.1,21.7,4,46,5.0,63.9,0.2963,0.1111,19,0.413,19.1,9.5,0.5,0
DEMO-0889,Web Development,Easy,2,3,13,4,8,1,30.8,0.0,8.4,17.5,5,57,4.1,63.9,0.3077,0.0769,9,0.1579,30.8,22.4,1.25,0
DEMO-0890,Machine Learning & AI,Medium,2,1,23,9,13,1,39.1,37.5,23.0,35.5,4,80,4.6,77.5,0.3913,0.0435,14,0.175,1.6,16.1,0.4444,1
DEMO-0891,Cybersecurity,Hard,2,6,13,3,10,0,23.1,0.0,11.7,14.1,8,54,2.6,67.4,0.2308,0.0,10,0.1852,23.1,11.4,2.6667,0
DEMO-0892,Web Development,Easy,3,2,18,6,8,4,33.3,14.0,20.7,28.2,0,62,4.6,60.4,0.3333,0.2222,12,0.1935,19.3,12.6,0.0,0
DEMO-0893,Machine Learning & AI,Hard,1,3,44,19,9,16,43.2,6.4,37.2,42.2,6,99,3.4,75.1,0.4318,0.3636,25,0.2525,36.8,6.0,0.3158,0
DEMO-0894,Cloud Computing,Hard,3,2,25,16,5,4,64.0,62.3,36.8,33.3,2,69,3.4,76.1,0.64,0.16,9,0.1304,1.7,27.2,0.125,1
DEMO-0895,Web Development,Medium,4,1,39,36,2,1,92.3,64.3,80.6,80.1,0,12,3.7,96.2,0.9231,0.0256,3,0.25,28.0,11.7,0.0,1
DEMO-0896,Data Science & Analytics,Hard,3,2,24,16,8,0,66.7,57.4,34.6,63.7,1,24,4.2,82.2,0.6667,0.0,8,0.3333,9.3,32.1,0.0625,1
DEMO-0897,Cloud Computing,Medium,2,1,29,12,12,5,41.4,30.7,11.9,31.2,3,47,2.7,67.3,0.4138,0.1724,17,0.3617,10.7,29.5,0.25,0
DEMO-0898,Data Science & Analytics,Medium,2,2,35,14,17,4,40.0,22.0,30.5,26.4,2,41,2.9,69.1,0.4,0.1143,21,0.5122,18.0,9.5,0.1429,0
DEMO-0899,Blockchain,Easy,2,5,15,4,9,2,26.7,17.5,24.6,18.8,4,48,2.9,54.2,0.2667,0.1333,11,0.2292,9.2,2.1,1.0,0
DEMO-0900,Blockchain,Easy,1,6,19,16,3,0,84.2,72.0,65.1,68.3,0,21,4.1,81.8,0.8421,0.0,3,0.1429,12.2,19.1,0.0,1
DEMO-0901,Internet of Things (IoT),Medium,1,5,12,1,9,2,8.3,0.0,6.7,4.5,3,79,3.8,61.0,0.0833,0.1667,11,0.1392,8.3,1.6,3.0,0
DEMO-0902,Cybersecurity,Medium,4,5,36,20,16,0,55.6,37.9,48.0,31.5,1,62,2.5,78.1,0.5556,0.0,16,0.2581,17.7,7.6,0.05,1
DEMO-0903,Data Science & Analytics,Medium,2,2,30,18,10,2,60.0,19.2,54.0,38.9,2,36,2.8,79.7,0.6,0.0667,12,0.3333,40.8,6.0,0.1111,1
DEMO-0904,Machine Learning & AI,Easy,1,1,29,27,2,0,93.1,62.8,82.1,68.5,2,41,3.6,91.7,0.931,0.0,2,0.0488,30.3,11.0,0.0741,1
DEMO-0905,Cloud Computing,Medium,2,6,20,12,8,0,60.0,40.6,37.2,40.4,1,37,4.4,75.2,0.6,0.0,8,0.2162,19.4,22.8,0.0833,1
DEMO-0906,Blockchain,Easy,1,3,12,5,7,0,41.7,21.2,34.3,29.6,6,81,2.9,74.9,0.4167,0.0,7,0.0864,20.5,7.4,1.2,1
DEMO-0907,Web Development,Easy,2,6,37,6,29,2,16.2,6.4,0.0,14.5,4,62,3.0,59.9,0.1622,0.0541,31,0.5,9.8,16.2,0.6667,0
DEMO-0908,Mobile Applications,Medium,2,6,44,40,2,2,90.9,66.2,83.5,89.7,2,10,2.9,82.6,0.9091,0.0455,4,0.4,24.7,7.4,0.05,1
DEMO-0909,Internet of Things (IoT),Medium,1,6,44,36,6,2,81.8,45.1,58.1,77.5,1,21,3.5,76.8,0.8182,0.0455,8,0.381,36.7,23.7,0.0278,1
DEMO-0910,Cybersecurity,Hard,1,6,44,21,8,15,47.7,29.1,36.4,45.7,6,64,2.8,82.5,0.4773,0.3409,23,0.3594,18.6,11.3,0.2857,0
DEMO-0911,Internet of Things (IoT),Medium,2,6,41,5,30,6,12.2,0.0,0.0,7.3,5,98,3.8,67.6,0.122,0.1463,36,0.3673,12.2,12.2,1.0,0
DEMO-0912,Cybersecurity,Medium,2,6,37,20,17,0,54.1,27.2,40.4,47.7,3,39,3.6,83.0,0.5405,0.0,17,0.4359,26.9,13.7,0.15,1
DEMO-0913,Data Science & Analytics,Medium,2,1,45,8,26,11,17.8,0.0,7.3,10.6,2,116,4.5,84.9,0.1778,0.2444,37,0.319,17.8,10.5,0.25,0
DEMO-0914,Data Science & Analytics,Easy,3,5,31,8,15,8,25.8,11.0,16.5,13.0,3,94,2.9,58.5,0.2581,0.2581,23,0.2447,14.8,9.3,0.375,0
DEMO-0915,Web Development,Medium,1,1,20,10,9,1,50.0,19.7,42.0,38.9,3,69,3.9,78.5,0.5,0.05,10,0.1449,30.3,8.0,0.3,1
DEMO-0916,Web Development,Medium,2,5,45,23,18,4,51.1,34.6,55.8,29.4,1,77,4.5,77.5,0.5111,0.0889,22,0.2857,16.5,0.0,0.0435,1
DEMO-0917,Internet of Things (IoT),Easy,2,4,35,14,20,1,40.0,17.8,36.6,36.5,5,99,4.2,82.3,0.4,0.0286,21,0.2121,22.2,3.4,0.3571,1
DEMO-0918,Data Science & Analytics,Medium,2,4,11,7,4,0,63.6,55.4,50.0,53.7,1,22,3.1,85.0,0.6364,0.0,4,0.1818,8.2,13.6,0.1429,1
DEMO-0919,Cloud Computing,Easy,2,1,35,13,19,3,37.1,12.4,41.4,20.7,3,48,4.0,81.9,0.3714,0.0857,22,0.4583,24.7,0.0,0.2308,1
DEMO-0920,Cybersecurity,Hard,3,2,21,6,15,0,28.6,12.1,29.6,18.4,7,76,3.4,70.0,0.2857,0.0,15,0.1974,16.5,0.0,1.1667,0
DEMO-0921,Machine Learning & AI,Easy,3,2,44,24,19,1,54.5,30.1,27.8,46.8,3,80,3.1,75.1,0.5455,0.0227,20,0.25,24.4,26.7,0.125,1
DEMO-0922,Data Science & Analytics,Medium,2,3,44,26,12,6,59.1,43.0,41.9,34.6,2,35,2.8,80.1,0.5909,0.1364,18,0.5143,16.1,17.2,0.0769,1
DEMO-0923,Mobile Applications,Hard,2,3,15,11,3,1,73.3,64.3,59.2,50.1,2,43,3.4,87.7,0.7333,0.0667,4,0.093,9.0,14.1,0.1818,1
DEMO-0924,Cloud Computing,Easy,3,4,17,9,7,1,52.9,42.0,40.9,39.4,5,72,2.6,79.2,0.5294,0.0588,8,0.1111,10.9,12.0,0.5556,1
DEMO-0925,Blockchain,Easy,3,6,22,4,18,0,18.2,0.0,17.7,13.4,3,40,3.2,56.7,0.1818,0.0,18,0.45,18.2,0.5,0.75,0
DEMO-0926,Mobile Applications,Medium,1,6,29,13,15,1,44.8,28.3,33.4,37.8,1,44,3.2,79.8,0.4483,0.0345,16,0.3636,16.5,11.4,0.0769,1
DEMO-0927,Data Science & Analytics,Medium,2,2,35,25,9,1,71.4,41.5,40.4,47.9,0,52,4.0,90.5,0.7143,0.0286,10,0.1923,29.9,31.0,0.0,1
DEMO-0928,Web Development,Easy,2,5,31,16,10,5,51.6,29.4,42.1,36.4,3,59,3.2,72.8,0.5161,0.1613,15,0.2542,22.2,9.5,0.1875,1
DEMO-0929,Blockchain,Medium,4,5,29,25,3,1,86.2,50.3,76.0,70.5,0,47,3.4,76.7,0.8621,0.0345,4,0.0851,35.9,10.2,0.0,1
DEMO-0930,Mobile Applications,Hard,1,2,14,7,5,2,50.0,24.5,33.2,38.5,1,70,4.0,85.9,0.5,0.1429,7,0.1,25.5,16.8,0.1429,1
DEMO-0931,Data Science & Analytics,Easy,2,5,43,28,10,5,65.1,42.8,34.0,49.6,2,43,3.0,78.4,0.6512,0.1163,15,0.3488,22.3,31.1,0.0714,1
DEMO-0932,Cybersecurity,Hard,3,1,15,10,1,4,66.7,31.3,30.2,57.4,1,54,4.6,84.4,0.6667,0.2667,5,0.0926,35.4,36.5,0.1,1
DEMO-0933,Web Development,Medium,1,4,37,24,12,1,64.9,46.1,34.2,57.4,2,55,3.3,82.4,0.6486,0.027,13,0.2364,18.8,30.7,0.0833,1
DEMO-0934,Mobile Applications,Easy,1,5,15,4,5,6,26.7,18.0,31.0,14.1,1,107,3.3,64.4,0.2667,0.4,11,0.1028,8.7,0.0,0.25,0
DEMO-0935,Mobile Applications,Easy,2,2,29,6,20,3,20.7,10.4,9.3,12.9,3,71,3.1,58.2,0.2069,0.1034,23,0.3239,10.3,11.4,0.5,0
DEMO-0936,Cybersecurity,Medium,5,4,15,5,10,0,33.3,17.9,23.2,31.3,3,40,3.4,70.5,0.3333,0.0,10,0.25,15.4,10.1,0.6,0
DEMO-0937,Web Development,Medium,3,2,40,12,24,4,30.0,27.5,0.9,20.7,3,42,3.1,78.3,0.3,0.1,28,0.6667,2.5,29.1,0.25,0
DEMO-0938,Mobile Applications,Easy,1,6,39,29,9,1,74.4,47.5,82.0,51.1,3,6,2.6,77.4,0.7436,0.0256,10,1.6667,26.9,0.0,0.1034,1
DEMO-0939,Machine Learning & AI,Medium,1,3,19,11,3,5,57.9,47.4,54.5,38.1,0,40,4.8,71.6,0.5789,0.2632,8,0.2,10.5,3.4,0.0,1
DEMO-0940,Web Development,Medium,2,6,10,5,5,0,50.0,30.7,17.3,33.8,1,59,3.1,78.5,0.5,0.0,5,0.0847,19.3,32.7,0.2,1
DEMO-0941,Data Science & Analytics,Easy,2,4,27,27,0,0,100.0,72.1,76.9,65.3,0,12,4.0,87.9,1.0,0.0,0,0.0,27.9,23.1,0.0,1
DEMO-0942,Data Science & Analytics,Easy,2,6,32,21,10,1,65.6,48.2,42.1,52.6,0,11,4.8,86.6,0.6562,0.0312,11,1.0,17.4,23.5,0.0,1
DEMO-0943,Blockchain,Hard,1,2,35,9,25,1,25.7,0.0,0.0,17.4,5,88,2.8,59.5,0.2571,0.0286,26,0.2955,25.7,25.7,0.5556,0
DEMO-0944,Web Development,Easy,3,6,27,9,17,1,33.3,8.7,0.5,32.0,1,60,4.4,61.4,0.3333,0.037,18,0.3,24.6,32.8,0.1111,1
DEMO-0945,Data Science & Analytics,Easy,2,3,36,12,17,7,33.3,22.2,4.5,23.6,1,50,3.8,65.6,0.3333,0.1944,24,0.48,11.1,28.8,0.0833,0
DEMO-0946,Cloud Computing,Medium,2,6,34,10,19,5,29.4,21.9,27.2,23.4,4,61,3.5,73.0,0.2941,0.1471,24,0.3934,7.5,2.2,0.4,1
DEMO-0947,Mobile Applications,Medium,1,5,11,1,9,1,9.1,4.8,0.0,8.0,0,54,4.1,60.4,0.0909,0.0909,10,0.1852,4.3,9.1,0.0,0
DEMO-0948,Internet of Things (IoT),Medium,2,1,42,24,17,1,57.1,27.7,45.9,36.5,6,53,4.5,81.0,0.5714,0.0238,18,0.3396,29.4,11.2,0.25,1
DEMO-0949,Machine Learning & AI,Medium,5,1,40,29,8,3,72.5,59.7,49.2,49.3,2,13,4.1,80.0,0.725,0.075,11,0.8462,12.8,23.3,0.069,1
DEMO-0950,Internet of Things (IoT),Hard,2,1,19,18,1,0,94.7,68.0,90.8,79.3,3,10,4.1,86.3,0.9474,0.0,1,0.1,26.7,3.9,0.1667,1
DEMO-0951,Machine Learning & AI,Medium,1,4,29,29,0,0,100.0,80.8,98.9,78.7,0,20,3.3,90.9,1.0,0.0,0,0.0,19.2,1.1,0.0,1
DEMO-0952,Mobile Applications,Easy,2,4,28,19,4,5,67.9,44.2,52.0,41.2,3,29,5.0,88.3,0.6786,0.1786,9,0.3103,23.7,15.9,0.1579,1
DEMO-0953,Cloud Computing,Medium,2,5,24,8,16,0,33.3,4.8,12.2,29.4,4,42,3.5,51.4,0.3333,0.0,16,0.381,28.5,21.1,0.5,0
DEMO-0954,Internet of Things (IoT),Hard,5,3,44,14,18,12,31.8,8.7,32.2,29.5,4,51,2.7,76.2,0.3182,0.2727,30,0.5882,23.1,0.0,0.2857,0
DEMO-0955,Data Science & Analytics,Medium,3,1,32,31,1,0,96.9,70.5,85.0,48.7,2,16,3.8,92.9,0.9688,0.0,1,0.0625,26.4,11.9,0.0645,1
DEMO-0956,Mobile Applications,Easy,1,1,11,5,4,2,45.5,21.6,25.8,38.1,2,51,4.3,73.0,0.4545,0.1818,6,0.1176,23.9,19.7,0.4,1
DEMO-0957,Blockchain,Easy,3,3,29,18,5,6,62.1,43.7,67.5,57.2,0,56,3.8,80.2,0.6207,0.2069,11,0.1964,18.4,0.0,0.0,1
DEMO-0958,Mobile Applications,Hard,3,2,38,5,30,3,13.2,0.0,1.0,11.6,5,78,2.9,75.3,0.1316,0.0789,33,0.4231,13.2,12.2,1.0,0
DEMO-0959,Web Development,Easy,1,2,27,16,10,1,59.3,42.2,56.5,33.7,2,74,4.3,78.7,0.5926,0.037,11,0.1486,17.1,2.8,0.125,1
DEMO-0960,Mobile Applications,Medium,1,2,24,9,11,4,37.5,30.1,37.8,23.0,0,46,4.1,73.7,0.375,0.1667,15,0.3261,7.4,0.0,0.0,1
DEMO-0961,Internet of Things (IoT),Medium,2,1,28,1,22,5,3.6,0.0,0.0,2.9,3,79,3.4,63.2,0.0357,0.1786,27,0.3418,3.6,3.6,3.0,0
DEMO-0962,Blockchain,Easy,1,4,21,7,11,3,33.3,22.4,32.3,31.3,6,55,3.0,78.5,0.3333,0.1429,14,0.2545,10.9,1.0,0.8571,0
DEMO-0963,Blockchain,Easy,1,1,26,23,2,1,88.5,59.6,70.4,61.1,3,6,4.9,85.5,0.8846,0.0385,3,0.5,28.9,18.1,0.1304,1
DEMO-0964,Machine Learning & AI,Hard,2,2,29,15,13,1,51.7,35.6,41.1,47.7,7,51,3.1,67.7,0.5172,0.0345,14,0.2745,16.1,10.6,0.4667,1
DEMO-0965,Data Science & Analytics,Hard,2,2,30,23,5,2,76.7,53.8,49.9,51.8,2,36,4.5,75.4,0.7667,0.0667,7,0.1944,22.9,26.8,0.087,1
DEMO-0966,Cloud Computing,Hard,5,5,38,30,6,2,78.9,48.7,81.9,45.7,3,10,4.1,82.3,0.7895,0.0526,8,0.8,30.2,0.0,0.1,1
DEMO-0967,Mobile Applications,Hard,2,5,40,40,0,0,100.0,72.8,73.8,97.4,1,4,2.7,79.9,1.0,0.0,0,0.0,27.2,26.2,0.025,1
DEMO-0968,Cloud Computing,Medium,3,2,32,7,23,2,21.9,19.6,8.8,19.4,3,83,3.9,57.8,0.2188,0.0625,25,0.3012,2.3,13.1,0.4286,0
DEMO-0969,Web Development,Hard,2,3,24,8,11,5,33.3,14.0,26.2,18.3,2,42,5.0,62.7,0.3333,0.2083,16,0.381,19.3,7.1,0.25,0
DEMO-0970,Cybersecurity,Medium,3,3,15,13,2,0,86.7,72.1,80.5,84.4,1,26,2.9,83.4,0.8667,0.0,2,0.0769,14.6,6.2,0.0769,1
DEMO-0971,Blockchain,Easy,1,2,13,13,0,0,100.0,99.0,76.6,64.9,0,6,4.5,90.3,1.0,0.0,0,0.0,1.0,23.4,0.0,1
DEMO-0972,Data Science & Analytics,Medium,2,4,45,31,12,2,68.9,32.9,40.0,36.2,3,64,3.1,75.0,0.6889,0.0444,14,0.2188,36.0,28.9,0.0968,1
DEMO-0973,Data Science & Analytics,Hard,2,3,10,9,1,0,90.0,76.7,75.1,65.0,2,21,3.7,84.1,0.9,0.0,1,0.0476,13.3,14.9,0.2222,1
DEMO-0974,Web Development,Medium,2,4,16,5,9,2,31.2,3.5,15.8,27.4,3,72,5.0,69.3,0.3125,0.125,11,0.1528,27.7,15.4,0.6,0
DEMO-0975,Mobile Applications,Medium,2,2,12,4,5,3,33.3,7.1,25.5,27.8,6,48,3.0,71.1,0.3333,0.25,8,0.1667,26.2,7.8,1.5,0
DEMO-0976,Blockchain,Hard,1,1,35,19,9,7,54.3,32.5,41.9,45.7,2,26,3.6,74.1,0.5429,0.2,16,0.6154,21.8,12.4,0.1053,0
DEMO-0977,Cybersecurity,Medium,4,2,15,6,8,1,40.0,20.8,12.3,32.4,1,52,3.9,60.2,0.4,0.0667,9,0.1731,19.2,27.7,0.1667,1
DEMO-0978,Mobile Applications,Easy,1,1,37,32,2,3,86.5,75.8,73.6,59.0,0,48,5.0,83.4,0.8649,0.0811,5,0.1042,10.7,12.9,0.0,1
DEMO-0979,Internet of Things (IoT),Easy,4,5,31,9,19,3,29.0,0.0,17.1,20.7,1,50,3.3,59.1,0.2903,0.0968,22,0.44,29.0,11.9,0.1111,0
DEMO-0980,Mobile Applications,Easy,3,4,41,21,19,1,51.2,28.9,43.2,49.6,2,38,4.4,78.7,0.5122,0.0244,20,0.5263,22.3,8.0,0.0952,1
DEMO-0981,Internet of Things (IoT),Medium,1,3,28,13,12,3,46.4,25.3,42.9,31.6,4,47,4.4,66.0,0.4643,0.1071,15,0.3191,21.1,3.5,0.3077,1
DEMO-0982,Internet of Things (IoT),Medium,3,2,16,9,6,1,56.2,21.6,42.3,33.2,6,30,2.9,79.8,0.5625,0.0625,7,0.2333,34.6,13.9,0.6667,1
DEMO-0983,Blockchain,Medium,2,2,38,8,29,1,21.1,0.0,11.3,11.3,3,105,3.0,75.1,0.2105,0.0263,30,0.2857,21.1,9.8,0.375,0
DEMO-0984,Blockchain,Medium,3,3,18,9,8,1,50.0,32.2,41.0,48.0,4,85,5.0,70.1,0.5,0.0556,9,0.1059,17.8,9.0,0.4444,1
DEMO-0985,Web Development,Medium,3,2,26,5,20,1,19.2,0.0,0.0,17.1,2,85,3.0,71.9,0.1923,0.0385,21,0.2471,19.2,19.2,0.4,0
DEMO-0986,Data Science & Analytics,Easy,2,5,39,18,18,3,46.2,29.4,32.0,26.5,3,37,3.7,82.4,0.4615,0.0769,21,0.5676,16.8,14.2,0.1667,1
DEMO-0987,Machine Learning & AI,Medium,1,1,21,4,12,5,19.0,0.0,15.4,14.7,2,53,3.2,76.3,0.1905,0.2381,17,0.3208,19.0,3.6,0.5,0
DEMO-0988,Internet of Things (IoT),Easy,1,1,37,30,7,0,81.1,48.8,35.3,72.8,3,5,2.7,90.6,0.8108,0.0,7,1.4,32.3,45.8,0.1,1
DEMO-0989,Blockchain,Medium,3,1,37,25,12,0,67.6,31.9,50.9,40.5,6,34,3.5,77.9,0.6757,0.0,12,0.3529,35.7,16.7,0.24,1
DEMO-0990,Cloud Computing,Medium,1,1,38,11,25,2,28.9,0.4,4.0,23.3,5,100,4.5,65.0,0.2895,0.0526,27,0.27,28.5,24.9,0.4545,0
DEMO-0991,Internet of Things (IoT),Medium,1,4,20,16,4,0,80.0,64.8,84.9,57.2,3,4,4.6,82.4,0.8,0.0,4,1.0,15.2,0.0,0.1875,1
DEMO-0992,Cybersecurity,Hard,2,2,45,24,17,4,53.3,25.7,57.2,49.5,8,38,3.3,89.3,0.5333,0.0889,21,0.5526,27.6,0.0,0.3333,0
DEMO-0993,Cybersecurity,Hard,3,1,20,8,12,0,40.0,30.5,24.0,38.9,5,73,4.0,64.2,0.4,0.0,12,0.1644,9.5,16.0,0.625,0
DEMO-0994,Web Development,Medium,1,2,32,32,0,0,100.0,81.2,70.7,53.0,0,12,4.7,91.1,1.0,0.0,0,0.0,18.8,29.3,0.0,1
DEMO-0995,Cybersecurity,Hard,3,1,24,15,6,3,62.5,26.8,53.9,49.8,4,13,2.5,96.7,0.625,0.125,9,0.6923,35.7,8.6,0.2667,1
DEMO-0996,Internet of Things (IoT),Easy,3,3,27,5,12,10,18.5,0.0,6.8,11.5,4,96,3.5,73.5,0.1852,0.3704,22,0.2292,18.5,11.7,0.8,0
DEMO-0997,Cybersecurity,Medium,1,1,34,11,22,1,32.4,0.0,17.1,27.6,3,51,3.7,77.6,0.3235,0.0294,23,0.451,32.4,15.3,0.2727,0
DEMO-0998,Blockchain,Hard,2,3,19,15,3,1,78.9,43.6,56.1,57.1,8,28,2.6,79.4,0.7895,0.0526,4,0.1429,35.3,22.8,0.5333,1
DEMO-0999,Cloud Computing,Medium,1,1,22,8,12,2,36.4,31.3,14.9,19.1,1,83,3.7,82.2,0.3636,0.0909,14,0.1687,5.1,21.5,0.125,1
DEMO-1000,Cloud Computing,Medium,5,3,26,19,5,2,73.1,66.5,51.7,63.4,0,10,3.3,72.9,0.7308,0.0769,7,0.7,6.6,21.4,0.0,1
DEMO-1001,Blockchain,Medium,2,5,22,22,0,0,100.0,63.1,74.5,77.1,3,8,4.9,97.8,1.0,0.0,0,0.0,36.9,25.5,0.1364,1
DEMO-1002,Cybersecurity,Medium,3,3,43,35,6,2,81.4,70.8,77.4,64.5,0,34,3.4,98.0,0.814,0.0465,8,0.2353,10.6,4.0,0.0,1
DEMO-1003,Cybersecurity,Medium,1,5,35,11,21,3,31.4,5.2,0.0,31.2,0,84,2.9,76.9,0.3143,0.0857,24,0.2857,26.2,31.4,0.0,1
DEMO-1004,Cloud Computing,Hard,2,1,20,17,2,1,85.0,63.8,58.7,59.3,1,32,3.6,90.9,0.85,0.05,3,0.0938,21.2,26.3,0.0588,1
DEMO-1005,Cloud Computing,Hard,4,1,33,18,5,10,54.5,37.5,47.6,32.1,7,40,3.2,66.4,0.5455,0.303,15,0.375,17.0,6.9,0.3889,0
DEMO-1006,Internet of Things (IoT),Medium,1,1,36,34,2,0,94.4,61.6,83.3,93.2,1,6,3.5,90.2,0.9444,0.0,2,0.3333,32.8,11.1,0.0294,1
DEMO-1007,Cybersecurity,Easy,2,2,39,11,25,3,28.2,25.0,0.0,15.4,2,82,3.2,64.1,0.2821,0.0769,28,0.3415,3.2,28.2,0.1818,0
DEMO-1008,Blockchain,Medium,4,3,17,14,3,0,82.4,56.5,55.6,42.5,4,17,3.0,84.7,0.8235,0.0,3,0.1765,25.9,26.8,0.2857,1
DEMO-1009,Web Development,Hard,4,1,40,13,23,4,32.5,14.1,25.9,30.6,2,56,3.9,74.6,0.325,0.1,27,0.4821,18.4,6.6,0.1538,0
DEMO-1010,Cloud Computing,Easy,2,2,27,12,9,6,44.4,16.1,32.1,41.6,5,73,3.4,75.7,0.4444,0.2222,15,0.2055,28.3,12.3,0.4167,0
DEMO-1011,Machine Learning & AI,Medium,2,3,39,4,31,4,10.3,0.0,0.0,6.0,1,78,4.3,65.3,0.1026,0.1026,35,0.4487,10.3,10.3,0.25,0
DEMO-1012,Web Development,Hard,1,2,40,31,7,2,77.5,53.1,59.7,75.8,2,53,3.2,83.9,0.775,0.05,9,0.1698,24.4,17.8,0.0645,1
DEMO-1013,Blockchain,Easy,3,6,32,27,4,1,84.4,68.0,61.9,70.0,0,22,2.7,84.7,0.8438,0.0312,5,0.2273,16.4,22.5,0.0,1
DEMO-1014,Web Development,Hard,1,4,20,14,5,1,70.0,54.9,64.0,69.2,1,41,3.5,82.5,0.7,0.05,6,0.1463,15.1,6.0,0.0714,1
DEMO-1015,Web Development,Easy,1,3,37,23,10,4,62.2,44.2,43.7,35.3,4,31,3.6,73.0,0.6216,0.1081,14,0.4516,18.0,18.5,0.1739,1
DEMO-1016,Cloud Computing,Hard,2,5,38,18,14,6,47.4,26.8,20.5,37.3,3,38,3.3,79.0,0.4737,0.1579,20,0.5263,20.6,26.9,0.1667,1
DEMO-1017,Data Science & Analytics,Hard,1,3,30,28,1,1,93.3,74.5,60.7,50.3,0,19,4.2,93.8,0.9333,0.0333,2,0.1053,18.8,32.6,0.0,1
DEMO-1018,Internet of Things (IoT),Easy,1,1,35,28,5,2,80.0,58.2,55.6,66.9,1,32,4.5,92.4,0.8,0.0571,7,0.2188,21.8,24.4,0.0357,1
DEMO-1019,Machine Learning & AI,Medium,2,2,24,6,18,0,25.0,17.8,9.2,21.2,1,61,4.2,72.0,0.25,0.0,18,0.2951,7.2,15.8,0.1667,1
DEMO-1020,Mobile Applications,Medium,1,3,29,12,10,7,41.4,24.8,10.8,33.1,2,20,4.0,76.1,0.4138,0.2414,17,0.85,16.6,30.6,0.1667,0
DEMO-1021,Web Development,Medium,5,5,20,18,2,0,90.0,89.7,90.8,78.3,0,10,4.3,78.3,0.9,0.0,2,0.2,0.3,0.0,0.0,1
DEMO-1022,Web Development,Medium,2,6,27,21,4,2,77.8,51.5,65.5,72.0,1,43,4.8,73.9,0.7778,0.0741,6,0.1395,26.3,12.3,0.0476,1
DEMO-1023,Mobile Applications,Medium,1,4,12,5,6,1,41.7,32.9,20.5,39.6,0,52,3.6,70.1,0.4167,0.0833,7,0.1346,8.8,21.2,0.0,1
DEMO-1024,Blockchain,Medium,3,3,29,26,2,1,89.7,63.9,75.9,65.8,1,17,2.7,86.4,0.8966,0.0345,3,0.1765,25.8,13.8,0.0385,1
DEMO-1025,Mobile Applications,Medium,4,4,17,3,11,3,17.6,0.0,0.1,11.3,4,62,3.3,50.7,0.1765,0.1765,14,0.2258,17.6,17.5,1.3333,0
DEMO-1026,Machine Learning & AI,Medium,2,5,41,32,4,5,78.0,61.1,46.0,45.1,0,11,3.6,83.4,0.7805,0.122,9,0.8182,16.9,32.0,0.0,1
DEMO-1027,Cloud Computing,Medium,2,6,13,3,10,0,23.1,20.0,0.0,15.6,3,97,4.4,64.8,0.2308,0.0,10,0.1031,3.1,23.1,1.0,0
DEMO-1028,Data Science & Analytics,Hard,3,3,11,11,0,0,100.0,82.5,82.2,72.6,1,9,3.1,77.1,1.0,0.0,0,0.0,17.5,17.8,0.0909,1
DEMO-1029,Blockchain,Medium,5,2,24,8,12,4,33.3,32.2,18.7,32.8,1,74,4.8,83.7,0.3333,0.1667,16,0.2162,1.1,14.6,0.125,1
DEMO-1030,Cloud Computing,Easy,2,2,20,19,1,0,95.0,67.2,80.7,56.5,1,8,3.4,98.0,0.95,0.0,1,0.125,27.8,14.3,0.0526,1
DEMO-1031,Machine Learning & AI,Medium,3,6,45,13,27,5,28.9,14.8,4.5,14.6,6,49,3.1,78.7,0.2889,0.1111,32,0.6531,14.1,24.4,0.4615,0
DEMO-1032,Cloud Computing,Hard,3,1,30,9,8,13,30.0,29.5,13.3,28.9,6,54,4.6,65.9,0.3,0.4333,21,0.3889,0.5,16.7,0.6667,0
DEMO-1033,Cloud Computing,Medium,3,1,28,18,10,0,64.3,53.4,42.7,51.2,3,34,3.6,78.1,0.6429,0.0,10,0.2941,10.9,21.6,0.1667,1
DEMO-1034,Cloud Computing,Easy,3,6,18,10,8,0,55.6,36.0,64.1,53.7,3,70,3.6,80.2,0.5556,0.0,8,0.1143,19.6,0.0,0.3,1
DEMO-1035,Cloud Computing,Medium,2,2,44,40,3,1,90.9,78.3,58.0,50.0,1,14,3.6,89.9,0.9091,0.0227,4,0.2857,12.6,32.9,0.025,1
DEMO-1036,Cloud Computing,Hard,1,2,29,19,9,1,65.5,52.4,49.7,33.2,2,56,3.7,81.3,0.6552,0.0345,10,0.1786,13.1,15.8,0.1053,1
DEMO-1037,Data Science & Analytics,Hard,2,2,36,2,30,4,5.6,0.0,0.0,2.9,6,77,4.3,62.2,0.0556,0.1111,34,0.4416,5.6,5.6,3.0,0
DEMO-1038,Cloud Computing,Medium,2,5,10,6,3,1,60.0,29.7,53.7,59.1,2,14,4.2,71.1,0.6,0.1,4,0.2857,30.3,6.3,0.3333,1
DEMO-1039,Mobile Applications,Hard,2,6,45,40,2,3,88.9,73.1,70.9,46.1,0,12,3.9,98.0,0.8889,0.0667,5,0.4167,15.8,18.0,0.0,1
DEMO-1040,Cybersecurity,Medium,1,6,16,7,6,3,43.8,20.2,28.3,32.3,1,39,3.2,58.8,0.4375,0.1875,9,0.2308,23.6,15.5,0.1429,1
DEMO-1041,Web Development,Medium,2,3,17,16,1,0,94.1,85.1,75.1,65.6,0,33,4.4,78.6,0.9412,0.0,1,0.0303,9.0,19.0,0.0,1
DEMO-1042,Cybersecurity,Hard,2,4,27,17,6,4,63.0,32.8,62.9,53.3,5,52,4.0,87.5,0.6296,0.1481,10,0.1923,30.2,0.1,0.2941,1
DEMO-1043,Cybersecurity,Medium,1,1,22,12,10,0,54.5,25.1,26.9,42.5,3,24,4.0,75.6,0.5455,0.0,10,0.4167,29.4,27.6,0.25,1
DEMO-1044,Mobile Applications,Medium,2,5,28,25,3,0,89.3,73.5,92.4,51.9,2,17,3.1,84.7,0.8929,0.0,3,0.1765,15.8,0.0,0.08,1
DEMO-1045,Blockchain,Easy,5,6,20,4,13,3,20.0,0.0,9.2,10.6,2,94,4.2,46.0,0.2,0.15,16,0.1702,20.0,10.8,0.5,0
DEMO-1046,Internet of Things (IoT),Easy,3,3,34,23,7,4,67.6,41.1,55.3,42.2,2,38,4.4,79.9,0.6765,0.1176,11,0.2895,26.5,12.3,0.087,1
DEMO-1047,Internet of Things (IoT),Hard,1,4,14,10,3,1,71.4,57.3,54.9,49.7,1,17,3.5,94.2,0.7143,0.0714,4,0.2353,14.1,16.5,0.1,1
DEMO-1048,Cybersecurity,Easy,3,6,15,13,2,0,86.7,81.7,84.6,50.5,2,30,4.1,88.7,0.8667,0.0,2,0.0667,5.0,2.1,0.1538,1
DEMO-1049,Cloud Computing,Medium,3,4,33,19,4,10,57.6,32.1,59.9,55.2,2,49,4.8,70.5,0.5758,0.303,14,0.2857,25.5,0.0,0.1053,1
DEMO-1050,Cloud Computing,Hard,2,2,12,4,4,4,33.3,15.9,32.6,26.0,4,77,4.0,65.7,0.3333,0.3333,8,0.1039,17.4,0.7,1.0,0
DEMO-1051,Internet of Things (IoT),Medium,3,3,31,8,14,9,25.8,11.5,15.7,25.4,2,60,2.8,68.4,0.2581,0.2903,23,0.3833,14.3,10.1,0.25,0
DEMO-1052,Blockchain,Easy,1,4,19,15,4,0,78.9,44.5,70.3,68.1,4,17,3.6,86.2,0.7895,0.0,4,0.2353,34.4,8.6,0.2667,1
DEMO-1053,Web Development,Medium,2,1,33,8,23,2,24.2,0.0,0.0,13.3,7,75,4.2,59.7,0.2424,0.0606,25,0.3333,24.2,24.2,0.875,0
DEMO-1054,Web Development,Medium,2,5,15,11,3,1,73.3,42.1,59.1,41.2,0,22,3.0,77.2,0.7333,0.0667,4,0.1818,31.2,14.2,0.0,1
DEMO-1055,Cloud Computing,Medium,2,4,45,37,6,2,82.2,78.5,79.8,45.2,0,7,2.9,73.2,0.8222,0.0444,8,1.1429,3.7,2.4,0.0,1
DEMO-1056,Internet of Things (IoT),Easy,4,2,40,10,18,12,25.0,5.7,22.8,17.4,5,80,3.4,74.9,0.25,0.3,30,0.375,19.3,2.2,0.5,0
DEMO-1057,Cloud Computing,Easy,2,2,20,4,15,1,20.0,8.8,19.9,14.9,1,46,4.0,81.6,0.2,0.05,16,0.3478,11.2,0.1,0.25,1
DEMO-1058,Web Development,Hard,2,3,15,6,8,1,40.0,29.6,38.0,34.3,4,65,4.5,77.5,0.4,0.0667,9,0.1385,10.4,2.0,0.6667,0
DEMO-1059,Machine Learning & AI,Easy,3,6,19,14,5,0,73.7,48.0,63.5,63.8,1,8,4.8,93.1,0.7368,0.0,5,0.625,25.7,10.2,0.0714,1
DEMO-1060,Cybersecurity,Easy,2,1,31,21,9,1,67.7,63.4,37.6,43.9,0,24,2.8,78.8,0.6774,0.0323,10,0.4167,4.3,30.1,0.0,1
DEMO-1061,Blockchain,Medium,3,5,20,8,10,2,40.0,17.4,34.5,28.1,2,47,4.9,60.1,0.4,0.1,12,0.2553,22.6,5.5,0.25,1
DEMO-1062,Data Science & Analytics,Medium,2,6,23,3,13,7,13.0,0.0,6.2,8.2,2,115,3.8,76.7,0.1304,0.3043,20,0.1739,13.0,6.8,0.6667,0
DEMO-1063,Cybersecurity,Hard,1,3,23,1,19,3,4.3,0.0,0.0,3.3,6,110,4.8,64.7,0.0435,0.1304,22,0.2,4.3,4.3,6.0,0
DEMO-1064,Mobile Applications,Medium,2,3,24,8,12,4,33.3,31.2,0.0,28.4,3,64,4.8,65.3,0.3333,0.1667,16,0.25,2.1,33.3,0.375,0
DEMO-1065,Machine Learning & AI,Medium,3,6,42,35,6,1,83.3,66.2,64.1,44.5,0,37,2.6,80.5,0.8333,0.0238,7,0.1892,17.1,19.2,0.0,1
DEMO-1066,Internet of Things (IoT),Medium,2,6,33,4,24,5,12.1,0.0,7.6,8.6,4,61,4.1,50.6,0.1212,0.1515,29,0.4754,12.1,4.5,1.0,0
DEMO-1067,Internet of Things (IoT),Hard,2,1,38,9,18,11,23.7,0.0,0.0,15.1,4,89,4.2,59.6,0.2368,0.2895,29,0.3258,23.7,23.7,0.4444,0
DEMO-1068,Cybersecurity,Hard,2,4,32,7,24,1,21.9,1.8,0.9,14.9,8,87,3.5,66.4,0.2188,0.0312,25,0.2874,20.1,21.0,1.1429,0
DEMO-1069,Machine Learning & AI,Hard,4,3,14,9,4,1,64.3,26.4,65.3,58.5,1,15,4.3,64.3,0.6429,0.0714,5,0.3333,37.9,0.0,0.1111,1
DEMO-1070,Blockchain,Easy,4,3,27,10,16,1,37.0,15.5,4.0,32.9,5,69,4.4,73.9,0.3704,0.037,17,0.2464,21.5,33.0,0.5,0
DEMO-1071,Web Development,Medium,2,1,40,32,7,1,80.0,48.4,60.9,58.6,0,39,4.4,98.0,0.8,0.025,8,0.2051,31.6,19.1,0.0,1
DEMO-1072,Cloud Computing,Hard,5,1,30,20,5,5,66.7,55.6,57.9,55.3,2,52,2.5,78.8,0.6667,0.1667,10,0.1923,11.1,8.8,0.1,1
DEMO-1073,Machine Learning & AI,Medium,3,1,24,20,4,0,83.3,57.9,79.6,60.0,2,9,3.7,95.2,0.8333,0.0,4,0.4444,25.4,3.7,0.1,1
DEMO-1074,Cybersecurity,Hard,1,3,14,7,5,2,50.0,16.8,30.3,42.4,3,42,2.8,69.7,0.5,0.1429,7,0.1667,33.2,19.7,0.4286,0
DEMO-1075,Internet of Things (IoT),Easy,4,1,33,20,12,1,60.6,45.0,60.9,30.4,1,30,3.0,77.6,0.6061,0.0303,13,0.4333,15.6,0.0,0.05,1
DEMO-1076,Mobile Applications,Medium,5,5,15,6,6,3,40.0,21.8,25.0,31.9,3,29,4.8,77.3,0.4,0.2,9,0.3103,18.2,15.0,0.5,1
DEMO-1077,Data Science & Analytics,Medium,1,4,17,6,10,1,35.3,5.8,4.0,33.1,5,63,4.1,77.1,0.3529,0.0588,11,0.1746,29.5,31.3,0.8333,1
DEMO-1078,Cloud Computing,Hard,5,5,30,23,7,0,76.7,50.8,48.0,59.2,3,40,4.2,90.3,0.7667,0.0,7,0.175,25.9,28.7,0.1304,1
DEMO-1079,Data Science & Analytics,Medium,2,1,30,21,8,1,70.0,62.3,46.2,52.9,0,51,3.0,87.1,0.7,0.0333,9,0.1765,7.7,23.8,0.0,1
DEMO-1080,Web Development,Medium,2,2,25,16,8,1,64.0,37.9,58.0,60.1,2,48,2.7,89.6,0.64,0.04,9,0.1875,26.1,6.0,0.125,1
DEMO-1081,Blockchain,Hard,3,1,42,33,8,1,78.6,46.3,74.2,69.9,6,32,3.9,80.7,0.7857,0.0238,9,0.2812,32.3,4.4,0.1818,1
DEMO-1082,Internet of Things (IoT),Easy,4,5,37,29,4,4,78.4,66.5,60.3,73.0,0,28,5.0,86.2,0.7838,0.1081,8,0.2857,11.9,18.1,0.0,1
DEMO-1083,Data Science & Analytics,Easy,2,2,16,14,2,0,87.5,63.1,55.9,66.7,0,33,4.0,95.2,0.875,0.0,2,0.0606,24.4,31.6,0.0,1
DEMO-1084,Cloud Computing,Medium,2,1,29,11,14,4,37.9,33.4,32.2,23.2,3,79,4.5,74.5,0.3793,0.1379,18,0.2278,4.5,5.7,0.2727,1
DEMO-1085,Data Science & Analytics,Easy,2,4,44,28,14,2,63.6,25.8,56.6,56.5,3,35,3.4,73.9,0.6364,0.0455,16,0.4571,37.8,7.0,0.1071,1
DEMO-1086,Data Science & Analytics,Medium,2,2,37,27,6,4,73.0,35.5,46.5,55.0,2,23,4.7,70.1,0.7297,0.1081,10,0.4348,37.5,26.5,0.0741,1
DEMO-1087,Cybersecurity,Medium,4,5,19,13,5,1,68.4,49.5,52.7,40.2,0,23,3.4,80.4,0.6842,0.0526,6,0.2609,18.9,15.7,0.0,1
DEMO-1088,Cybersecurity,Medium,2,2,37,29,8,0,78.4,58.1,73.8,44.0,0,30,3.9,72.4,0.7838,0.0,8,0.2667,20.3,4.6,0.0,1
DEMO-1089,Data Science & Analytics,Medium,4,5,17,7,10,0,41.2,18.4,14.7,36.8,7,50,4.6,70.1,0.4118,0.0,10,0.2,22.8,26.5,1.0,1
DEMO-1090,Web Development,Medium,2,5,23,14,5,4,60.9,37.0,36.2,55.2,3,34,4.9,64.3,0.6087,0.1739,9,0.2647,23.9,24.7,0.2143,1
DEMO-1091,Web Development,Medium,2,4,21,7,12,2,33.3,12.6,22.0,29.1,0,68,3.2,70.2,0.3333,0.0952,14,0.2059,20.7,11.3,0.0,0
DEMO-1092,Machine Learning & AI,Hard,3,2,24,3,14,7,12.5,0.0,0.0,6.8,5,74,4.0,58.4,0.125,0.2917,21,0.2838,12.5,12.5,1.6667,0
DEMO-1093,Cloud Computing,Hard,1,3,11,8,3,0,72.7,63.1,66.8,38.3,2,46,3.5,76.1,0.7273,0.0,3,0.0652,9.6,5.9,0.25,1
DEMO-1094,Internet of Things (IoT),Easy,2,3,34,30,3,1,88.2,59.6,84.0,48.2,2,19,2.6,89.8,0.8824,0.0294,4,0.2105,28.6,4.2,0.0667,1
DEMO-1095,Cybersecurity,Easy,1,3,31,6,13,12,19.4,0.0,17.0,9.7,3,96,4.4,62.7,0.1935,0.3871,25,0.2604,19.4,2.4,0.5,0
DEMO-1096,Cybersecurity,Medium,3,6,15,7,6,2,46.7,36.1,24.6,34.2,5,55,3.0,82.1,0.4667,0.1333,8,0.1455,10.6,22.1,0.7143,0
DEMO-1097,Cloud Computing,Easy,2,2,38,19,18,1,50.0,44.1,15.7,27.1,3,39,4.0,70.4,0.5,0.0263,19,0.4872,5.9,34.3,0.1579,1
DEMO-1098,Cloud Computing,Easy,2,4,20,18,2,0,90.0,74.0,80.6,47.4,0,49,3.9,89.3,0.9,0.0,2,0.0408,16.0,9.4,0.0,1
DEMO-1099,Blockchain,Hard,3,2,14,6,6,2,42.9,40.2,37.5,36.3,4,56,4.8,57.3,0.4286,0.1429,8,0.1429,2.7,5.4,0.6667,0
DEMO-1100,Machine Learning & AI,Easy,3,1,28,22,6,0,78.6,65.5,71.6,77.9,1,24,3.6,83.6,0.7857,0.0,6,0.25,13.1,7.0,0.0455,1
DEMO-1101,Machine Learning & AI,Easy,4,3,12,1,7,4,8.3,8.2,15.4,7.3,5,57,2.8,59.3,0.0833,0.3333,11,0.193,0.1,0.0,5.0,0
DEMO-1102,Internet of Things (IoT),Easy,1,2,21,12,6,3,57.1,41.1,28.7,47.9,1,57,2.8,74.0,0.5714,0.1429,9,0.1579,16.0,28.4,0.0833,1
DEMO-1103,Cloud Computing,Hard,2,4,37,32,3,2,86.5,63.1,58.1,70.8,0,26,4.1,98.0,0.8649,0.0541,5,0.1923,23.4,28.4,0.0,1
DEMO-1104,Cybersecurity,Easy,2,2,32,13,18,1,40.6,28.0,30.9,36.3,3,74,3.8,66.1,0.4062,0.0312,19,0.2568,12.6,9.7,0.2308,1
DEMO-1105,Cloud Computing,Easy,2,3,24,11,13,0,45.8,6.8,32.6,30.6,5,85,4.0,62.1,0.4583,0.0,13,0.1529,39.0,13.2,0.4545,1
DEMO-1106,Machine Learning & AI,Hard,4,5,45,27,16,2,60.0,28.7,47.7,34.7,5,16,4.7,75.3,0.6,0.0444,18,1.125,31.3,12.3,0.1852,0
DEMO-1107,Internet of Things (IoT),Medium,2,2,30,14,12,4,46.7,39.4,18.3,30.3,2,76,4.0,80.2,0.4667,0.1333,16,0.2105,7.3,28.4,0.1429,1
DEMO-1108,Mobile Applications,Medium,2,2,42,16,23,3,38.1,30.6,37.7,21.5,4,52,3.7,79.0,0.381,0.0714,26,0.5,7.5,0.4,0.25,0
DEMO-1109,Web Development,Hard,2,5,37,37,0,0,100.0,86.0,99.0,89.2,0,27,4.4,94.6,1.0,0.0,0,0.0,14.0,1.0,0.0,1
DEMO-1110,Machine Learning & AI,Medium,2,2,20,7,8,5,35.0,26.4,8.8,32.6,1,73,4.1,68.8,0.35,0.25,13,0.1781,8.6,26.2,0.1429,0
DEMO-1111,Cloud Computing,Medium,3,6,17,1,7,9,5.9,0.0,2.5,3.6,3,62,4.0,52.6,0.0588,0.5294,16,0.2581,5.9,3.4,3.0,0
DEMO-1112,Mobile Applications,Easy,3,5,11,3,4,4,27.3,18.0,34.1,26.2,5,86,4.6,65.2,0.2727,0.3636,8,0.093,9.3,0.0,1.6667,0
DEMO-1113,Cloud Computing,Medium,1,1,44,34,6,4,77.3,64.0,78.3,63.9,0,29,4.2,83.6,0.7727,0.0909,10,0.3448,13.3,0.0,0.0,1
DEMO-1114,Cloud Computing,Medium,4,1,19,11,7,1,57.9,36.7,59.8,37.4,0,32,4.9,78.1,0.5789,0.0526,8,0.25,21.2,0.0,0.0,1
DEMO-1115,Cybersecurity,Medium,2,2,13,5,6,2,38.5,10.3,22.5,20.4,4,69,4.5,81.2,0.3846,0.1538,8,0.1159,28.2,16.0,0.8,0
DEMO-1116,Mobile Applications,Hard,1,2,16,12,4,0,75.0,75.8,49.8,40.8,1,27,2.8,87.3,0.75,0.0,4,0.1481,0.0,25.2,0.0833,1
DEMO-1117,Cloud Computing,Medium,4,6,14,7,6,1,50.0,23.9,32.5,27.0,2,33,3.7,89.1,0.5,0.0714,7,0.2121,26.1,17.5,0.2857,1
DEMO-1118,Blockchain,Easy,2,3,20,6,13,1,30.0,24.9,19.1,24.9,1,71,2.7,55.0,0.3,0.05,14,0.1972,5.1,10.9,0.1667,1
DEMO-1119,Cybersecurity,Easy,2,6,41,31,8,2,75.6,49.2,52.4,57.5,2,27,3.6,76.4,0.7561,0.0488,10,0.3704,26.4,23.2,0.0645,1
DEMO-1120,Internet of Things (IoT),Hard,1,1,31,13,14,4,41.9,12.7,14.9,30.3,9,36,3.6,69.3,0.4194,0.129,18,0.5,29.2,27.0,0.6923,0
DEMO-1121,Cybersecurity,Medium,1,4,10,5,3,2,50.0,27.9,18.6,26.0,5,70,3.8,77.4,0.5,0.2,5,0.0714,22.1,31.4,1.0,1
DEMO-1122,Web Development,Easy,2,4,36,19,17,0,52.8,44.8,33.0,29.6,1,60,2.9,77.2,0.5278,0.0,17,0.2833,8.0,19.8,0.0526,1
DEMO-1123,Machine Learning & AI,Easy,1,1,44,15,27,2,34.1,31.6,30.4,24.8,3,46,3.1,60.2,0.3409,0.0455,29,0.6304,2.5,3.7,0.2,0
DEMO-1124,Mobile Applications,Hard,2,1,30,8,15,7,26.7,0.0,9.7,19.5,7,63,2.6,69.3,0.2667,0.2333,22,0.3492,26.7,17.0,0.875,0
DEMO-1125,Mobile Applications,Easy,2,5,28,24,4,0,85.7,73.5,64.5,77.1,0,12,4.3,95.6,0.8571,0.0,4,0.3333,12.2,21.2,0.0,1
DEMO-1126,Machine Learning & AI,Easy,2,5,24,1,21,2,4.2,0.0,0.0,3.6,1,77,4.8,73.5,0.0417,0.0833,23,0.2987,4.2,4.2,1.0,0
DEMO-1127,Blockchain,Medium,1,3,45,15,27,3,33.3,6.3,22.0,26.1,8,39,4.2,80.1,0.3333,0.0667,30,0.7692,27.0,11.3,0.5333,0
DEMO-1128,Blockchain,Easy,1,1,34,16,16,2,47.1,19.1,36.0,25.7,3,51,3.5,67.9,0.4706,0.0588,18,0.3529,28.0,11.1,0.1875,1
DEMO-1129,Web Development,Easy,1,1,42,11,26,5,26.2,12.8,0.0,17.3,3,38,3.8,68.0,0.2619,0.119,31,0.8158,13.4,26.2,0.2727,0
DEMO-1130,Machine Learning & AI,Hard,1,3,42,3,26,13,7.1,0.0,0.0,4.7,5,81,4.6,60.5,0.0714,0.3095,39,0.4815,7.1,7.1,1.6667,0
DEMO-1131,Machine Learning & AI,Hard,2,4,10,3,6,1,30.0,5.9,8.9,18.3,3,50,3.3,73.9,0.3,0.1,7,0.14,24.1,21.1,1.0,0
DEMO-1132,Blockchain,Easy,2,2,37,15,13,9,40.5,32.5,33.5,28.5,2,69,4.8,73.9,0.4054,0.2432,22,0.3188,8.0,7.0,0.1333,1
DEMO-1133,Internet of Things (IoT),Medium,4,4,23,12,10,1,52.2,40.7,22.0,34.0,1,49,2.5,70.8,0.5217,0.0435,11,0.2245,11.5,30.2,0.0833,1
DEMO-1134,Web Development,Easy,1,2,23,13,8,2,56.5,57.5,38.1,40.4,0,60,2.9,81.2,0.5652,0.087,10,0.1667,0.0,18.4,0.0,1
DEMO-1135,Cloud Computing,Medium,1,6,33,14,15,4,42.4,30.7,24.4,34.5,2,67,4.8,76.6,0.4242,0.1212,19,0.2836,11.7,18.0,0.1429,1
DEMO-1136,Cybersecurity,Medium,2,3,25,12,11,2,48.0,22.2,15.2,34.3,1,56,4.3,70.5,0.48,0.08,13,0.2321,25.8,32.8,0.0833,1
DEMO-1137,Data Science & Analytics,Medium,3,1,18,1,14,3,5.6,0.0,1.1,3.9,3,116,3.9,73.7,0.0556,0.1667,17,0.1466,5.6,4.5,3.0,0
DEMO-1138,Data Science & Analytics,Medium,1,2,18,5,12,1,27.8,2.4,9.7,17.0,3,90,2.7,67.3,0.2778,0.0556,13,0.1444,25.4,18.1,0.6,0
DEMO-1139,Cloud Computing,Easy,1,6,25,9,11,5,36.0,34.1,24.1,27.0,0,53,3.4,80.5,0.36,0.2,16,0.3019,1.9,11.9,0.0,1
DEMO-1140,Cloud Computing,Easy,3,2,41,32,7,2,78.0,59.5,70.3,73.0,1,57,4.5,87.8,0.7805,0.0488,9,0.1579,18.5,7.7,0.0312,1
DEMO-1141,Cloud Computing,Easy,2,2,33,8,21,4,24.2,14.2,0.0,23.4,0,87,4.0,73.2,0.2424,0.1212,25,0.2874,10.0,24.2,0.0,0
DEMO-1142,Data Science & Analytics,Medium,2,2,20,7,11,2,35.0,26.9,4.2,24.8,1,68,3.8,68.6,0.35,0.1,13,0.1912,8.1,30.8,0.1429,1
DEMO-1143,Web Development,Hard,3,4,36,30,4,2,83.3,82.7,62.4,47.1,1,21,3.3,89.3,0.8333,0.0556,6,0.2857,0.6,20.9,0.0333,1
DEMO-1144,Web Development,Easy,3,3,41,16,16,9,39.0,18.7,33.4,29.6,0,72,4.1,66.5,0.3902,0.2195,25,0.3472,20.3,5.6,0.0,1
DEMO-1145,Machine Learning & AI,Easy,2,6,19,16,2,1,84.2,79.4,89.1,64.0,1,20,2.5,68.3,0.8421,0.0526,3,0.15,4.8,0.0,0.0625,1
DEMO-1146,Machine Learning & AI,Easy,4,1,43,18,17,8,41.9,31.1,11.8,35.4,4,84,3.5,70.7,0.4186,0.186,25,0.2976,10.8,30.1,0.2222,1
DEMO-1147,Internet of Things (IoT),Medium,4,6,26,16,8,2,61.5,36.7,59.6,42.1,3,26,4.8,84.2,0.6154,0.0769,10,0.3846,24.8,1.9,0.1875,1
DEMO-1148,Web Development,Easy,4,3,35,7,25,3,20.0,0.0,0.0,17.3,4,101,4.1,65.7,0.2,0.0857,28,0.2772,20.0,20.0,0.5714,0
DEMO-1149,Cloud Computing,Medium,1,1,27,7,14,6,25.9,9.2,5.2,19.1,3,77,3.3,79.2,0.2593,0.2222,20,0.2597,16.7,20.7,0.4286,0
DEMO-1150,Web Development,Easy,2,3,34,13,20,1,38.2,31.7,10.9,34.2,2,90,2.8,79.3,0.3824,0.0294,21,0.2333,6.5,27.3,0.1538,1
DEMO-1151,Internet of Things (IoT),Medium,1,1,16,9,3,4,56.2,34.8,25.2,48.1,2,47,4.2,80.8,0.5625,0.25,7,0.1489,21.4,31.0,0.2222,1
DEMO-1152,Web Development,Medium,4,3,44,16,26,2,36.4,16.1,26.4,24.8,3,62,5.0,61.5,0.3636,0.0455,28,0.4516,20.3,10.0,0.1875,1
DEMO-1153,Machine Learning & AI,Medium,2,6,19,7,7,5,36.8,11.0,21.1,32.7,3,46,2.9,85.2,0.3684,0.2632,12,0.2609,25.8,15.7,0.4286,0
DEMO-1154,Data Science & Analytics,Easy,3,4,45,36,8,1,80.0,55.0,66.7,77.7,1,23,2.8,85.0,0.8,0.0222,9,0.3913,25.0,13.3,0.0278,1
DEMO-1155,Data Science & Analytics,Hard,4,1,44,41,2,1,93.2,82.0,73.2,81.4,0,9,2.8,89.3,0.9318,0.0227,3,0.3333,11.2,20.0,0.0,1
DEMO-1156,Cybersecurity,Easy,3,6,42,33,8,1,78.6,79.5,61.3,50.3,0,9,3.2,82.2,0.7857,0.0238,9,1.0,0.0,17.3,0.0,1
DEMO-1157,Web Development,Medium,3,6,38,38,0,0,100.0,95.6,85.5,69.9,0,7,3.5,85.3,1.0,0.0,0,0.0,4.4,14.5,0.0,1
DEMO-1158,Blockchain,Medium,1,3,27,6,13,8,22.2,13.6,7.5,15.1,2,99,4.1,71.6,0.2222,0.2963,21,0.2121,8.6,14.7,0.3333,0
DEMO-1159,Mobile Applications,Medium,3,2,10,5,4,1,50.0,24.5,42.8,25.9,0,72,2.7,84.5,0.5,0.1,5,0.0694,25.5,7.2,0.0,1
DEMO-1160,Machine Learning & AI,Medium,1,1,18,10,6,2,55.6,15.2,22.3,33.5,3,53,3.2,71.2,0.5556,0.1111,8,0.1509,40.4,33.3,0.3,1
DEMO-1161,Data Science & Analytics,Hard,2,1,28,16,10,2,57.1,26.9,36.9,53.6,4,28,4.9,81.8,0.5714,0.0714,12,0.4286,30.2,20.2,0.25,0
DEMO-1162,Blockchain,Medium,1,5,19,6,11,2,31.6,0.0,31.6,28.6,6,89,4.7,67.5,0.3158,0.1053,13,0.1461,31.6,0.0,1.0,0
DEMO-1163,Blockchain,Medium,1,6,34,24,7,3,70.6,45.3,53.9,66.3,1,32,4.3,70.6,0.7059,0.0882,10,0.3125,25.3,16.7,0.0417,1
DEMO-1164,Blockchain,Hard,4,4,22,17,3,2,77.3,59.5,53.5,69.9,2,20,4.6,80.8,0.7727,0.0909,5,0.25,17.8,23.8,0.1176,1
DEMO-1165,Internet of Things (IoT),Medium,5,1,31,24,6,1,77.4,62.2,70.2,39.7,0,29,2.9,98.0,0.7742,0.0323,7,0.2414,15.2,7.2,0.0,1
DEMO-1166,Mobile Applications,Medium,5,5,29,26,2,1,89.7,61.5,58.0,83.6,1,16,2.6,81.0,0.8966,0.0345,3,0.1875,28.2,31.7,0.0385,1
DEMO-1167,Internet of Things (IoT),Medium,3,1,37,22,10,5,59.5,56.0,46.9,43.9,6,51,4.3,68.4,0.5946,0.1351,15,0.2941,3.5,12.6,0.2727,1
DEMO-1168,Mobile Applications,Medium,2,4,16,9,5,2,56.2,29.3,54.4,42.9,3,64,4.2,89.6,0.5625,0.125,7,0.1094,26.9,1.8,0.3333,1
DEMO-1169,Blockchain,Hard,3,2,39,36,2,1,92.3,89.6,73.8,50.1,0,12,5.0,98.0,0.9231,0.0256,3,0.25,2.7,18.5,0.0,1
DEMO-1170,Web Development,Medium,2,2,30,20,10,0,66.7,54.1,57.9,43.2,2,52,4.6,86.6,0.6667,0.0,10,0.1923,12.6,8.8,0.1,1
DEMO-1171,Web Development,Medium,4,6,28,1,16,11,3.6,0.0,0.0,3.2,5,96,3.8,67.5,0.0357,0.3929,27,0.2812,3.6,3.6,5.0,0
DEMO-1172,Cloud Computing,Medium,1,6,33,26,7,0,78.8,49.3,53.0,58.8,1,33,3.7,89.2,0.7879,0.0,7,0.2121,29.5,25.8,0.0385,1
DEMO-1173,Web Development,Hard,2,1,17,5,12,0,29.4,6.4,24.3,24.4,7,105,3.4,67.1,0.2941,0.0,12,0.1143,23.0,5.1,1.4,0
DEMO-1174,Internet of Things (IoT),Medium,1,1,45,7,18,20,15.6,0.0,0.0,11.1,4,78,4.3,57.9,0.1556,0.4444,38,0.4872,15.6,15.6,0.5714,0
DEMO-1175,Data Science & Analytics,Hard,3,3,11,7,3,1,63.6,39.4,31.3,56.5,5,36,3.1,85.1,0.6364,0.0909,4,0.1111,24.2,32.3,0.7143,1
DEMO-1176,Data Science & Analytics,Hard,2,3,26,20,4,2,76.9,53.1,50.3,52.1,2,12,3.0,83.0,0.7692,0.0769,6,0.5,23.8,26.6,0.1,1
DEMO-1177,Internet of Things (IoT),Hard,2,2,32,27,2,3,84.4,52.1,68.9,70.2,3,38,3.7,87.3,0.8438,0.0938,5,0.1316,32.3,15.5,0.1111,1
DEMO-1178,Cloud Computing,Easy,3,6,36,28,7,1,77.8,70.7,59.1,52.0,0,30,2.6,96.0,0.7778,0.0278,8,0.2667,7.1,18.7,0.0,1
DEMO-1179,Cloud Computing,Medium,1,6,12,6,5,1,50.0,38.8,17.8,26.1,0,44,3.6,71.8,0.5,0.0833,6,0.1364,11.2,32.2,0.0,1
DEMO-1180,Machine Learning & AI,Hard,2,3,32,20,8,4,62.5,28.8,59.4,53.0,3,19,3.2,72.3,0.625,0.125,12,0.6316,33.7,3.1,0.15,0
DEMO-1181,Mobile Applications,Medium,2,1,18,13,4,1,72.2,43.7,46.2,62.1,2,9,2.8,84.5,0.7222,0.0556,5,0.5556,28.5,26.0,0.1538,1
DEMO-1182,Web Development,Medium,4,4,32,13,16,3,40.6,27.2,44.0,21.3,3,74,3.7,62.2,0.4062,0.0938,19,0.2568,13.4,0.0,0.2308,1
DEMO-1183,Cybersecurity,Medium,2,1,26,16,6,4,61.5,54.3,50.7,56.2,0,34,4.4,74.5,0.6154,0.1538,10,0.2941,7.2,10.8,0.0,1
DEMO-1184,Web Development,Hard,2,4,21,15,5,1,71.4,68.9,43.3,65.3,1,44,4.9,78.8,0.7143,0.0476,6,0.1364,2.5,28.1,0.0667,1
DEMO-1185,Machine Learning & AI,Hard,2,1,21,18,3,0,85.7,81.0,73.1,46.4,1,28,3.1,89.5,0.8571,0.0,3,0.1071,4.7,12.6,0.0556,1
DEMO-1186,Cybersecurity,Hard,2,4,13,4,9,0,30.8,26.3,0.0,21.8,3,54,4.2,73.2,0.3077,0.0,9,0.1667,4.5,30.8,0.75,0
DEMO-1187,Internet of Things (IoT),Medium,1,5,45,32,11,2,71.1,60.2,69.4,55.2,1,38,2.8,84.8,0.7111,0.0444,13,0.3421,10.9,1.7,0.0312,1
DEMO-1188,Cybersecurity,Medium,2,5,14,5,8,1,35.7,33.3,34.6,23.2,4,88,4.7,58.3,0.3571,0.0714,9,0.1023,2.4,1.1,0.8,0
DEMO-1189,Mobile Applications,Hard,3,2,40,20,13,7,50.0,32.7,38.7,37.7,2,53,2.9,79.7,0.5,0.175,20,0.3774,17.3,11.3,0.1,1
DEMO-1190,Data Science & Analytics,Easy,2,2,16,8,7,1,50.0,30.1,48.7,25.7,2,29,3.9,71.2,0.5,0.0625,8,0.2759,19.9,1.3,0.25,1
DEMO-1191,Data Science & Analytics,Medium,2,5,15,7,7,1,46.7,36.0,42.6,35.1,3,65,4.4,77.7,0.4667,0.0667,8,0.1231,10.7,4.1,0.4286,1
DEMO-1192,Web Development,Medium,2,6,23,10,8,5,43.5,21.8,27.1,32.7,6,41,2.7,73.5,0.4348,0.2174,13,0.3171,21.7,16.4,0.6,0
DEMO-1193,Machine Learning & AI,Medium,1,3,16,5,9,2,31.2,4.0,27.1,26.3,3,45,4.7,56.3,0.3125,0.125,11,0.2444,27.2,4.1,0.6,0
DEMO-1194,Blockchain,Easy,3,2,44,21,16,7,47.7,22.9,38.6,25.0,1,25,3.4,85.1,0.4773,0.1591,23,0.92,24.8,9.1,0.0476,0
DEMO-1195,Mobile Applications,Hard,5,1,39,10,19,10,25.6,20.5,19.5,24.1,5,102,4.4,77.5,0.2564,0.2564,29,0.2843,5.1,6.1,0.5,0
DEMO-1196,Cloud Computing,Medium,4,4,40,5,32,3,12.5,0.0,0.0,10.5,4,55,4.2,59.5,0.125,0.075,35,0.6364,12.5,12.5,0.8,0
DEMO-1197,Machine Learning & AI,Hard,1,3,35,8,22,5,22.9,0.0,4.9,21.1,4,97,3.7,68.2,0.2286,0.1429,27,0.2784,22.9,18.0,0.5,0
DEMO-1198,Machine Learning & AI,Medium,1,6,28,28,0,0,100.0,85.5,96.8,90.3,1,36,4.4,88.0,1.0,0.0,0,0.0,14.5,3.2,0.0357,1
DEMO-1199,Mobile Applications,Medium,2,2,17,14,3,0,82.4,69.4,66.7,65.6,0,45,4.8,82.2,0.8235,0.0,3,0.0667,13.0,15.7,0.0,1
DEMO-1200,Internet of Things (IoT),Easy,2,2,41,35,3,3,85.4,51.1,54.0,84.9,0,41,2.8,79.9,0.8537,0.0732,6,0.1463,34.3,31.4,0.0,1
DEMO-1201,Web Development,Medium,2,3,14,2,11,1,14.3,5.7,11.3,8.0,5,121,4.0,67.5,0.1429,0.0714,12,0.0992,8.6,3.0,2.5,0
DEMO-1202,Web Development,Hard,2,6,38,21,10,7,55.3,38.2,37.8,44.2,4,43,2.9,79.2,0.5526,0.1842,17,0.3953,17.1,17.5,0.1905,1
DEMO-1203,Mobile Applications,Easy,2,4,31,25,4,2,80.6,53.0,60.6,67.9,0,9,3.3,84.7,0.8065,0.0645,6,0.6667,27.6,20.0,0.0,1
DEMO-1204,Blockchain,Easy,1,5,39,35,4,0,89.7,67.5,75.5,54.6,0,9,3.8,98.0,0.8974,0.0,4,0.4444,22.2,14.2,0.0,1
DEMO-1205,Internet of Things (IoT),Medium,3,5,13,7,6,0,53.8,37.9,29.1,32.9,0,79,3.0,72.4,0.5385,0.0,6,0.0759,15.9,24.7,0.0,1
DEMO-1206,Internet of Things (IoT),Easy,2,5,31,8,23,0,25.8,16.2,15.5,16.7,3,80,4.4,60.4,0.2581,0.0,23,0.2875,9.6,10.3,0.375,0
DEMO-1207,Blockchain,Hard,3,2,45,38,6,1,84.4,56.1,62.9,76.3,5,17,4.6,82.9,0.8444,0.0222,7,0.4118,28.3,21.5,0.1316,1
DEMO-1208,Mobile Applications,Medium,3,3,41,32,8,1,78.0,53.2,75.3,62.3,2,16,3.1,89.2,0.7805,0.0244,9,0.5625,24.8,2.7,0.0625,1
DEMO-1209,Cloud Computing,Medium,1,4,23,17,3,3,73.9,58.4,51.5,62.7,1,23,3.4,85.2,0.7391,0.1304,6,0.2609,15.5,22.4,0.0588,1
DEMO-1210,Machine Learning & AI,Medium,4,1,45,36,7,2,80.0,59.4,48.8,77.0,1,7,3.5,98.0,0.8,0.0444,9,1.2857,20.6,31.2,0.0278,1
DEMO-1211,Internet of Things (IoT),Hard,2,4,38,6,16,16,15.8,3.3,13.0,13.3,9,105,4.7,59.6,0.1579,0.4211,32,0.3048,12.5,2.8,1.5,0
DEMO-1212,Web Development,Medium,4,2,25,11,13,1,44.0,35.6,23.1,27.4,2,54,2.5,66.3,0.44,0.04,14,0.2593,8.4,20.9,0.1818,1
DEMO-1213,Cybersecurity,Medium,4,1,42,25,15,2,59.5,54.4,57.9,48.7,1,50,4.6,79.5,0.5952,0.0476,17,0.34,5.1,1.6,0.04,1
DEMO-1214,Web Development,Medium,3,4,14,9,3,2,64.3,34.2,43.6,37.8,2,38,3.5,71.5,0.6429,0.1429,5,0.1316,30.1,20.7,0.2222,1
DEMO-1215,Blockchain,Medium,3,5,32,9,21,2,28.1,0.0,16.8,17.3,3,66,2.8,69.6,0.2812,0.0625,23,0.3485,28.1,11.3,0.3333,0
DEMO-1216,Cloud Computing,Easy,2,2,42,23,18,1,54.8,34.1,52.2,37.6,0,32,3.5,81.5,0.5476,0.0238,19,0.5938,20.7,2.6,0.0,1
DEMO-1217,Web Development,Medium,3,3,28,8,15,5,28.6,29.4,15.5,22.6,1,74,2.9,81.4,0.2857,0.1786,20,0.2703,0.0,13.1,0.125,1
DEMO-1218,Cybersecurity,Medium,4,4,10,2,7,1,20.0,4.2,0.0,14.0,4,42,3.1,73.2,0.2,0.1,8,0.1905,15.8,20.0,2.0,0
DEMO-1219,Internet of Things (IoT),Easy,3,5,31,3,25,3,9.7,0.0,0.0,7.0,3,81,4.0,62.0,0.0968,0.0968,28,0.3457,9.7,9.7,1.0,0
DEMO-1220,Mobile Applications,Medium,4,6,11,10,1,0,90.9,86.9,74.4,81.6,0,18,2.8,75.5,0.9091,0.0,1,0.0556,4.0,16.5,0.0,1
DEMO-1221,Blockchain,Medium,2,6,31,6,21,4,19.4,3.8,14.3,15.6,6,111,5.0,85.8,0.1935,0.129,25,0.2252,15.6,5.1,1.0,0
DEMO-1222,Cloud Computing,Medium,4,6,31,23,7,1,74.2,67.9,54.4,46.9,0,18,4.5,74.0,0.7419,0.0323,8,0.4444,6.3,19.8,0.0,1
DEMO-1223,Machine Learning & AI,Hard,3,1,29,28,1,0,96.6,65.6,76.9,96.2,2,6,4.1,84.2,0.9655,0.0,1,0.1667,31.0,19.7,0.0714,1
DEMO-1224,Cloud Computing,Medium,3,4,45,34,8,3,75.6,56.4,54.4,43.1,1,20,3.9,80.0,0.7556,0.0667,11,0.55,19.2,21.2,0.0294,1
DEMO-1225,Internet of Things (IoT),Easy,2,5,33,13,15,5,39.4,24.2,11.0,25.7,1,70,3.0,66.2,0.3939,0.1515,20,0.2857,15.2,28.4,0.0769,1
DEMO-1226,Blockchain,Medium,3,2,16,8,5,3,50.0,22.8,24.3,36.2,4,37,4.6,80.1,0.5,0.1875,8,0.2162,27.2,25.7,0.5,1
DEMO-1227,Cybersecurity,Medium,4,2,36,23,8,5,63.9,39.4,29.2,40.4,4,17,4.9,70.1,0.6389,0.1389,13,0.7647,24.5,34.7,0.1739,1
DEMO-1228,Cloud Computing,Medium,4,5,31,4,25,2,12.9,0.0,0.0,9.5,3,88,3.5,62.1,0.129,0.0645,27,0.3068,12.9,12.9,0.75,0
DEMO-1229,Machine Learning & AI,Easy,4,4,39,15,20,4,38.5,36.8,22.6,20.1,0,54,4.3,60.4,0.3846,0.1026,24,0.4444,1.7,15.9,0.0,1
DEMO-1230,Cybersecurity,Medium,1,6,28,17,10,1,60.7,46.9,43.4,58.9,2,31,5.0,66.1,0.6071,0.0357,11,0.3548,13.8,17.3,0.1176,1
DEMO-1231,Web Development,Hard,1,4,11,9,2,0,81.8,56.0,63.0,72.2,4,21,3.9,89.6,0.8182,0.0,2,0.0952,25.8,18.8,0.4444,1
DEMO-1232,Mobile Applications,Easy,1,3,42,4,33,5,9.5,0.0,0.0,6.7,3,83,4.2,61.1,0.0952,0.119,38,0.4578,9.5,9.5,0.75,0
DEMO-1233,Blockchain,Medium,3,4,45,38,6,1,84.4,61.0,82.7,72.5,2,21,3.1,83.0,0.8444,0.0222,7,0.3333,23.4,1.7,0.0526,1
DEMO-1234,Machine Learning & AI,Medium,4,1,30,17,11,2,56.7,46.9,54.9,30.9,0,68,3.4,74.6,0.5667,0.0667,13,0.1912,9.8,1.8,0.0,1
DEMO-1235,Internet of Things (IoT),Easy,2,1,26,13,11,2,50.0,34.8,31.6,47.4,4,71,2.9,76.4,0.5,0.0769,13,0.1831,15.2,18.4,0.3077,1
DEMO-1236,Data Science & Analytics,Medium,3,1,44,30,9,5,68.2,32.9,62.2,67.2,3,12,2.7,80.0,0.6818,0.1136,14,1.1667,35.3,6.0,0.1,1
DEMO-1237,Cybersecurity,Medium,1,4,30,20,7,3,66.7,42.5,48.4,54.1,1,59,2.6,75.6,0.6667,0.1,10,0.1695,24.2,18.3,0.05,1
DEMO-1238,Mobile Applications,Hard,5,5,34,12,10,12,35.3,13.4,29.6,21.5,3,75,4.4,61.5,0.3529,0.3529,22,0.2933,21.9,5.7,0.25,0
DEMO-1239,Web Development,Medium,5,5,14,12,2,0,85.7,73.6,69.7,74.8,0,18,4.9,78.4,0.8571,0.0,2,0.1111,12.1,16.0,0.0,1
DEMO-1240,Mobile Applications,Easy,2,2,40,27,11,2,67.5,65.5,62.0,40.4,2,8,4.9,79.3,0.675,0.05,13,1.625,2.0,5.5,0.0741,1
DEMO-1241,Web Development,Hard,2,4,38,21,17,0,55.3,31.8,33.3,48.2,4,64,3.6,84.7,0.5526,0.0,17,0.2656,23.5,22.0,0.1905,1
DEMO-1242,Cloud Computing,Easy,2,2,16,3,7,6,18.8,5.3,10.2,13.3,4,54,4.8,65.4,0.1875,0.375,13,0.2407,13.5,8.6,1.3333,0
DEMO-1243,Blockchain,Medium,1,1,43,30,10,3,69.8,47.4,39.3,48.9,0,49,4.5,81.0,0.6977,0.0698,13,0.2653,22.4,30.5,0.0,1
DEMO-1244,Blockchain,Hard,1,2,27,11,8,8,40.7,3.8,13.0,30.4,7,34,3.9,60.2,0.4074,0.2963,16,0.4706,36.9,27.7,0.6364,0
DEMO-1245,Machine Learning & AI,Easy,1,6,39,34,4,1,87.2,58.5,80.4,51.7,3,8,3.3,91.6,0.8718,0.0256,5,0.625,28.7,6.8,0.0882,1
DEMO-1246,Web Development,Medium,1,6,43,20,10,13,46.5,19.0,15.3,32.5,2,73,4.9,84.1,0.4651,0.3023,23,0.3151,27.5,31.2,0.1,1
DEMO-1247,Cloud Computing,Hard,2,6,42,11,26,5,26.2,15.4,3.2,20.1,4,73,3.6,77.9,0.2619,0.119,31,0.4247,10.8,23.0,0.3636,0
DEMO-1248,Internet of Things (IoT),Easy,2,1,36,21,13,2,58.3,51.3,59.3,51.1,2,23,4.4,73.3,0.5833,0.0556,15,0.6522,7.0,0.0,0.0952,1
DEMO-1249,Web Development,Easy,1,6,26,16,6,4,61.5,38.2,45.2,38.7,5,22,4.3,71.3,0.6154,0.1538,10,0.4545,23.3,16.3,0.3125,1
DEMO-1250,Data Science & Analytics,Easy,1,3,15,13,1,1,86.7,65.5,77.7,78.4,1,8,4.7,86.5,0.8667,0.0667,2,0.25,21.2,9.0,0.0769,1
DEMO-1251,Blockchain,Hard,2,6,19,14,4,1,73.7,60.1,74.2,42.5,2,40,3.0,72.4,0.7368,0.0526,5,0.125,13.6,0.0,0.1429,1
DEMO-1252,Cybersecurity,Medium,3,6,37,22,9,6,59.5,47.3,27.0,51.6,2,61,3.3,71.4,0.5946,0.1622,15,0.2459,12.2,32.5,0.0909,1
DEMO-1253,Mobile Applications,Easy,2,1,40,12,26,2,30.0,17.6,10.0,29.5,0,40,4.3,70.7,0.3,0.05,28,0.7,12.4,20.0,0.0,0
DEMO-1254,Machine Learning & AI,Medium,2,1,17,16,1,0,94.1,77.4,81.5,77.2,2,22,4.7,81.6,0.9412,0.0,1,0.0455,16.7,12.6,0.125,1
DEMO-1255,Blockchain,Easy,3,1,23,8,11,4,34.8,25.9,18.4,22.7,2,82,4.0,67.0,0.3478,0.1739,15,0.1829,8.9,16.4,0.25,1
DEMO-1256,Web Development,Medium,2,3,37,26,7,4,70.3,57.5,48.5,50.6,3,29,3.4,87.0,0.7027,0.1081,11,0.3793,12.8,21.8,0.1154,1
DEMO-1257,Data Science & Analytics,Easy,2,3,27,15,11,1,55.6,25.3,30.0,47.3,6,64,2.8,69.4,0.5556,0.037,12,0.1875,30.3,25.6,0.4,1
DEMO-1258,Blockchain,Hard,4,3,14,1,9,4,7.1,0.0,0.0,4.8,6,50,2.9,76.3,0.0714,0.2857,13,0.26,7.1,7.1,6.0,0
DEMO-1259,Cybersecurity,Hard,3,6,23,16,5,2,69.6,54.1,63.4,47.7,0,49,4.1,98.0,0.6957,0.087,7,0.1429,15.5,6.2,0.0,1
DEMO-1260,Web Development,Medium,2,1,40,40,0,0,100.0,86.5,88.6,53.4,0,25,4.2,89.4,1.0,0.0,0,0.0,13.5,11.4,0.0,1
DEMO-1261,Cloud Computing,Medium,1,2,16,8,6,2,50.0,41.1,32.1,33.8,2,51,4.0,83.6,0.5,0.125,8,0.1569,8.9,17.9,0.25,1
DEMO-1262,Cybersecurity,Medium,2,6,23,15,7,1,65.2,42.8,52.7,63.6,1,20,4.6,78.5,0.6522,0.0435,8,0.4,22.4,12.5,0.0667,1
DEMO-1263,Web Development,Medium,4,6,25,11,8,6,44.0,21.9,35.5,35.5,2,57,3.1,62.6,0.44,0.24,14,0.2456,22.1,8.5,0.1818,0
DEMO-1264,Cloud Computing,Medium,2,2,32,32,0,0,100.0,79.9,78.9,54.8,0,12,3.3,84.7,1.0,0.0,0,0.0,20.1,21.1,0.0,1
DEMO-1265,Cybersecurity,Easy,4,5,33,30,2,1,90.9,72.1,75.3,68.2,1,11,3.5,80.7,0.9091,0.0303,3,0.2727,18.8,15.6,0.0333,1
DEMO-1266,Cloud Computing,Medium,1,2,36,12,23,1,33.3,13.2,31.1,30.1,3,83,4.1,80.6,0.3333,0.0278,24,0.2892,20.1,2.2,0.25,0
DEMO-1267,Data Science & Analytics,Medium,2,6,25,25,0,0,100.0,83.3,90.4,56.1,1,4,3.0,82.1,1.0,0.0,0,0.0,16.7,9.6,0.04,1
DEMO-1268,Mobile Applications,Medium,2,1,12,8,3,1,66.7,37.1,51.1,53.3,1,31,3.3,76.6,0.6667,0.0833,4,0.129,29.6,15.6,0.125,1
DEMO-1269,Machine Learning & AI,Easy,3,5,25,18,6,1,72.0,32.0,58.0,64.6,0,48,3.8,98.0,0.72,0.04,7,0.1458,40.0,14.0,0.0,1
DEMO-1270,Data Science & Analytics,Easy,2,2,27,23,3,1,85.2,68.0,63.8,84.2,1,20,3.6,96.3,0.8519,0.037,4,0.2,17.2,21.4,0.0435,1
DEMO-1271,Cybersecurity,Medium,3,5,36,19,6,11,52.8,20.6,27.7,38.4,3,44,4.5,76.0,0.5278,0.3056,17,0.3864,32.2,25.1,0.1579,1
DEMO-1272,Cybersecurity,Medium,1,1,42,7,30,5,16.7,0.0,16.9,9.4,1,54,4.9,66.4,0.1667,0.119,35,0.6481,16.7,0.0,0.1429,0
DEMO-1273,Cloud Computing,Medium,1,2,34,11,19,4,32.4,19.2,4.3,26.4,3,74,3.4,88.4,0.3235,0.1176,23,0.3108,13.2,28.1,0.2727,1
DEMO-1274,Cybersecurity,Medium,2,3,14,4,10,0,28.6,0.0,3.9,17.0,3,47,4.2,71.9,0.2857,0.0,10,0.2128,28.6,24.7,0.75,0
DEMO-1275,Mobile Applications,Medium,1,6,37,22,11,4,59.5,38.7,32.2,42.9,1,57,3.0,75.6,0.5946,0.1081,15,0.2632,20.8,27.3,0.0455,1
DEMO-1276,Data Science & Analytics,Hard,2,3,39,36,3,0,92.3,71.8,65.3,63.4,0,15,3.6,72.5,0.9231,0.0,3,0.2,20.5,27.0,0.0,1
DEMO-1277,Blockchain,Easy,1,2,12,3,6,3,25.0,1.9,29.3,17.3,4,61,4.1,59.7,0.25,0.25,9,0.1475,23.1,0.0,1.3333,0
DEMO-1278,Blockchain,Medium,1,5,15,6,8,1,40.0,35.2,12.4,20.7,2,70,4.3,72.0,0.4,0.0667,9,0.1286,4.8,27.6,0.3333,1
DEMO-1279,Internet of Things (IoT),Medium,2,6,17,10,7,0,58.8,35.6,58.0,39.2,1,26,2.7,81.6,0.5882,0.0,7,0.2692,23.2,0.8,0.1,1
DEMO-1280,Machine Learning & AI,Hard,2,2,35,35,0,0,100.0,92.8,70.9,75.7,0,17,4.7,95.2,1.0,0.0,0,0.0,7.2,29.1,0.0,1
DEMO-1281,Cybersecurity,Medium,3,3,22,15,5,2,68.2,34.2,58.4,45.9,3,19,4.7,92.5,0.6818,0.0909,7,0.3684,34.0,9.8,0.2,1
DEMO-1282,Mobile Applications,Easy,2,2,15,8,6,1,53.3,35.1,28.7,42.7,1,28,3.7,60.2,0.5333,0.0667,7,0.25,18.2,24.6,0.125,1
DEMO-1283,Web Development,Easy,2,5,38,36,2,0,94.7,70.8,83.5,62.5,0,11,3.6,80.8,0.9474,0.0,2,0.1818,23.9,11.2,0.0,1
DEMO-1284,Data Science & Analytics,Hard,2,4,37,30,7,0,81.1,54.9,53.1,68.0,1,24,4.6,90.6,0.8108,0.0,7,0.2917,26.2,28.0,0.0333,1
DEMO-1285,Data Science & Analytics,Hard,1,2,21,9,9,3,42.9,3.0,36.7,21.5,6,82,3.2,69.9,0.4286,0.1429,12,0.1463,39.9,6.2,0.6667,0
DEMO-1286,Cloud Computing,Medium,5,6,23,19,3,1,82.6,53.1,66.2,76.4,0,19,4.5,83.4,0.8261,0.0435,4,0.2105,29.5,16.4,0.0,1
DEMO-1287,Data Science & Analytics,Medium,1,1,13,9,3,1,69.2,51.4,46.5,39.8,3,50,4.2,79.7,0.6923,0.0769,4,0.08,17.8,22.7,0.3333,1
DEMO-1288,Cloud Computing,Hard,3,2,10,8,2,0,80.0,65.2,58.2,63.9,1,52,4.3,79.3,0.8,0.0,2,0.0385,14.8,21.8,0.125,1
DEMO-1289,Machine Learning & AI,Hard,3,4,12,10,2,0,83.3,43.6,66.9,66.2,4,41,2.7,91.6,0.8333,0.0,2,0.0488,39.7,16.4,0.4,1
DEMO-1290,Data Science & Analytics,Hard,5,1,18,10,7,1,55.6,19.9,47.1,34.2,6,60,4.9,77.4,0.5556,0.0556,8,0.1333,35.7,8.5,0.6,0
DEMO-1291,Internet of Things (IoT),Medium,4,3,27,14,12,1,51.9,34.1,36.8,46.2,3,74,3.3,73.7,0.5185,0.037,13,0.1757,17.8,15.1,0.2143,1
DEMO-1292,Data Science & Analytics,Medium,1,4,26,11,12,3,42.3,17.4,26.3,28.8,4,64,4.8,71.8,0.4231,0.1154,15,0.2344,24.9,16.0,0.3636,1
DEMO-1293,Internet of Things (IoT),Hard,2,3,18,9,4,5,50.0,26.2,37.5,43.1,4,42,2.9,72.9,0.5,0.2778,9,0.2143,23.8,12.5,0.4444,0
DEMO-1294,Data Science & Analytics,Easy,4,5,30,19,8,3,63.3,49.1,54.3,56.9,2,28,3.1,82.8,0.6333,0.1,11,0.3929,14.2,9.0,0.1053,1
DEMO-1295,Cybersecurity,Hard,1,1,40,32,7,1,80.0,72.9,69.3,59.5,2,12,4.2,79.2,0.8,0.025,8,0.6667,7.1,10.7,0.0625,1
DEMO-1296,Machine Learning & AI,Medium,3,1,15,11,3,1,73.3,65.4,45.8,46.5,0,31,2.8,70.7,0.7333,0.0667,4,0.129,7.9,27.5,0.0,1
DEMO-1297,Web Development,Hard,2,4,38,14,16,8,36.8,5.3,14.6,25.3,9,80,2.9,81.0,0.3684,0.2105,24,0.3,31.5,22.2,0.6429,0
DEMO-1298,Blockchain,Medium,2,4,13,12,1,0,92.3,75.0,71.8,50.6,1,14,4.3,79.1,0.9231,0.0,1,0.0714,17.3,20.5,0.0833,1
DEMO-1299,Data Science & Analytics,Medium,1,2,32,8,20,4,25.0,15.0,11.7,22.9,2,105,4.1,61.4,0.25,0.125,24,0.2286,10.0,13.3,0.25,0
DEMO-1300,Cybersecurity,Medium,2,1,31,22,9,0,71.0,52.7,35.9,52.1,1,50,3.3,97.8,0.7097,0.0,9,0.18,18.3,35.1,0.0455,1
DEMO-1301,Cloud Computing,Hard,2,4,25,16,6,3,64.0,55.9,56.9,61.3,1,45,3.1,73.0,0.64,0.12,9,0.2,8.1,7.1,0.0625,1
DEMO-1302,Data Science & Analytics,Medium,4,3,29,7,19,3,24.1,0.0,0.0,16.6,4,84,2.8,78.2,0.2414,0.1034,22,0.2619,24.1,24.1,0.5714,0
DEMO-1303,Cloud Computing,Easy,2,6,12,8,3,1,66.7,28.6,46.7,33.7,5,12,3.5,69.8,0.6667,0.0833,4,0.3333,38.1,20.0,0.625,1
DEMO-1304,Blockchain,Easy,4,4,34,26,7,1,76.5,57.8,52.7,65.7,1,28,4.8,81.0,0.7647,0.0294,8,0.2857,18.7,23.8,0.0385,1
DEMO-1305,Mobile Applications,Medium,1,2,16,16,0,0,100.0,83.0,93.5,98.9,1,13,3.8,86.4,1.0,0.0,0,0.0,17.0,6.5,0.0625,1
DEMO-1306,Cloud Computing,Easy,2,6,25,17,7,1,68.0,40.0,55.4,63.3,1,11,4.5,87.3,0.68,0.04,8,0.7273,28.0,12.6,0.0588,1
DEMO-1307,Machine Learning & AI,Medium,2,2,35,17,17,1,48.6,30.9,48.9,27.8,3,73,3.7,68.8,0.4857,0.0286,18,0.2466,17.7,0.0,0.1765,1
DEMO-1308,Cybersecurity,Medium,4,6,28,4,22,2,14.3,0.0,0.0,13.0,4,67,4.9,65.1,0.1429,0.0714,24,0.3582,14.3,14.3,1.0,0
DEMO-1309,Internet of Things (IoT),Medium,2,1,27,12,11,4,44.4,41.2,30.8,33.5,3,52,3.1,87.6,0.4444,0.1481,15,0.2885,3.2,13.6,0.25,1
DEMO-1310,Cybersecurity,Easy,4,6,23,4,18,1,17.4,0.6,7.0,15.8,2,65,2.6,65.5,0.1739,0.0435,19,0.2923,16.8,10.4,0.5,0
DEMO-1311,Mobile Applications,Medium,1,2,30,12,16,2,40.0,12.3,9.5,21.0,8,61,2.9,98.0,0.4,0.0667,18,0.2951,27.7,30.5,0.6667,1
DEMO-1312,Cloud Computing,Hard,2,1,15,7,7,1,46.7,34.6,29.6,43.1,2,39,4.8,66.3,0.4667,0.0667,8,0.2051,12.1,17.1,0.2857,0
DEMO-1313,Cloud Computing,Medium,2,1,40,6,27,7,15.0,0.0,14.9,8.5,3,72,3.5,61.6,0.15,0.175,34,0.4722,15.0,0.1,0.5,0
DEMO-1314,Mobile Applications,Medium,1,1,44,31,12,1,70.5,66.7,57.2,48.8,1,34,4.2,73.5,0.7045,0.0227,13,0.3824,3.8,13.3,0.0323,1
DEMO-1315,Mobile Applications,Medium,3,6,37,7,30,0,18.9,10.4,18.0,17.3,1,106,3.8,70.1,0.1892,0.0,30,0.283,8.5,0.9,0.1429,0
DEMO-1316,Web Development,Medium,5,4,17,9,7,1,52.9,26.5,26.2,35.8,2,61,4.8,83.0,0.5294,0.0588,8,0.1311,26.4,26.7,0.2222,1
DEMO-1317,Web Development,Medium,2,4,45,29,13,3,64.4,44.0,35.4,38.4,1,36,3.4,83.8,0.6444,0.0667,16,0.4444,20.4,29.0,0.0345,1
DEMO-1318,Internet of Things (IoT),Medium,3,1,44,20,15,9,45.5,26.5,18.5,36.6,1,58,3.5,78.5,0.4545,0.2045,24,0.4138,19.0,27.0,0.05,1
DEMO-1319,Data Science & Analytics,Medium,1,4,34,19,15,0,55.9,43.0,42.5,44.9,4,45,4.6,79.9,0.5588,0.0,15,0.3333,12.9,13.4,0.2105,1
DEMO-1320,Mobile Applications,Medium,4,6,38,16,22,0,42.1,28.1,24.4,31.1,2,61,2.5,75.0,0.4211,0.0,22,0.3607,14.0,17.7,0.125,1
DEMO-1321,Data Science & Analytics,Easy,3,4,16,4,11,1,25.0,8.9,0.0,13.0,8,73,4.0,66.9,0.25,0.0625,12,0.1644,16.1,25.0,2.0,0
DEMO-1322,Data Science & Analytics,Medium,2,5,42,21,18,3,50.0,20.0,32.8,26.5,2,29,4.0,73.2,0.5,0.0714,21,0.7241,30.0,17.2,0.0952,0
DEMO-1323,Cloud Computing,Medium,1,1,41,28,8,5,68.3,56.4,48.1,52.0,1,32,2.9,73.4,0.6829,0.122,13,0.4062,11.9,20.2,0.0357,1
DEMO-1324,Cybersecurity,Medium,1,2,18,8,9,1,44.4,7.8,18.7,26.3,6,46,4.1,60.3,0.4444,0.0556,10,0.2174,36.6,25.7,0.75,0
DEMO-1325,Cloud Computing,Easy,2,6,20,10,9,1,50.0,20.5,25.0,38.2,3,23,4.4,79.1,0.5,0.05,10,0.4348,29.5,25.0,0.3,1
DEMO-1326,Blockchain,Hard,2,3,18,10,6,2,55.6,41.9,51.6,55.0,6,70,3.9,76.6,0.5556,0.1111,8,0.1143,13.7,4.0,0.6,0
DEMO-1327,Blockchain,Easy,1,4,25,13,6,6,52.0,24.0,26.0,32.5,2,64,3.5,65.0,0.52,0.24,12,0.1875,28.0,26.0,0.1538,1
DEMO-1328,Data Science & Analytics,Hard,3,5,17,14,2,1,82.4,46.7,69.5,77.8,2,23,3.5,71.6,0.8235,0.0588,3,0.1304,35.7,12.9,0.1429,1
DEMO-1329,Cloud Computing,Easy,1,3,15,6,9,0,40.0,27.4,41.7,26.2,3,73,2.6,63.5,0.4,0.0,9,0.1233,12.6,0.0,0.5,1
DEMO-1330,Cloud Computing,Hard,3,4,39,9,19,11,23.1,11.4,9.3,16.1,3,77,3.7,71.3,0.2308,0.2821,30,0.3896,11.7,13.8,0.3333,0
DEMO-1331,Cybersecurity,Medium,2,3,13,7,2,4,53.8,34.9,25.7,52.3,6,44,4.0,76.0,0.5385,0.3077,6,0.1364,18.9,28.1,0.8571,1
DEMO-1332,Cloud Computing,Easy,3,4,29,3,24,2,10.3,2.4,0.0,10.0,3,71,2.7,64.8,0.1034,0.069,26,0.3662,7.9,10.3,1.0,0
DEMO-1333,Blockchain,Medium,2,1,20,6,11,3,30.0,1.7,14.3,22.8,2,56,3.8,61.0,0.3,0.15,14,0.25,28.3,15.7,0.3333,1
DEMO-1334,Internet of Things (IoT),Medium,1,1,39,30,8,1,76.9,68.1,48.9,69.8,0,14,3.6,97.8,0.7692,0.0256,9,0.6429,8.8,28.0,0.0,1
DEMO-1335,Mobile Applications,Medium,2,4,13,12,1,0,92.3,70.6,79.4,76.7,2,5,4.2,93.5,0.9231,0.0,1,0.2,21.7,12.9,0.1667,1
DEMO-1336,Cybersecurity,Medium,1,5,16,3,10,3,18.8,0.0,3.6,15.9,7,62,4.0,59.5,0.1875,0.1875,13,0.2097,18.8,15.2,2.3333,0
DEMO-1337,Cybersecurity,Easy,2,1,40,25,14,1,62.5,37.3,49.9,36.0,3,28,4.5,78.2,0.625,0.025,15,0.5357,25.2,12.6,0.12,1
DEMO-1338,Blockchain,Hard,5,2,19,12,4,3,63.2,49.8,54.3,37.9,3,12,4.7,68.1,0.6316,0.1579,7,0.5833,13.4,8.9,0.25,1
DEMO-1339,Data Science & Analytics,Hard,2,3,33,26,6,1,78.8,79.1,52.0,76.2,1,43,4.4,77.9,0.7879,0.0303,7,0.1628,0.0,26.8,0.0385,1
DEMO-1340,Data Science & Analytics,Easy,4,6,30,15,15,0,50.0,15.7,48.5,38.5,6,62,3.5,74.7,0.5,0.0,15,0.2419,34.3,1.5,0.4,1
DEMO-1341,Cybersecurity,Medium,2,6,13,5,6,2,38.5,18.9,6.9,34.4,5,82,4.1,74.1,0.3846,0.1538,8,0.0976,19.6,31.6,1.0,0
DEMO-1342,Internet of Things (IoT),Easy,3,5,42,17,13,12,40.5,4.5,13.9,38.3,2,111,4.5,77.6,0.4048,0.2857,25,0.2252,36.0,26.6,0.1176,1
DEMO-1343,Internet of Things (IoT),Medium,1,1,26,14,8,4,53.8,26.0,61.3,47.7,2,40,3.9,94.3,0.5385,0.1538,12,0.3,27.8,0.0,0.1429,1
DEMO-1344,Internet of Things (IoT),Hard,2,4,28,6,18,4,21.4,0.0,2.7,18.1,9,87,4.0,61.8,0.2143,0.1429,22,0.2529,21.4,18.7,1.5,0
DEMO-1345,Mobile Applications,Medium,2,3,10,9,1,0,90.0,62.6,88.1,84.9,0,20,4.5,84.3,0.9,0.0,1,0.05,27.4,1.9,0.0,1
DEMO-1346,Internet of Things (IoT),Medium,2,5,30,24,5,1,80.0,51.8,79.2,78.5,3,24,3.6,81.1,0.8,0.0333,6,0.25,28.2,0.8,0.125,1
DEMO-1347,Mobile Applications,Hard,4,1,29,23,5,1,79.3,60.8,72.8,63.2,2,32,4.5,94.6,0.7931,0.0345,6,0.1875,18.5,6.5,0.087,1
DEMO-1348,Blockchain,Medium,1,4,43,25,13,5,58.1,47.6,42.6,35.9,2,38,2.8,83.0,0.5814,0.1163,18,0.4737,10.5,15.5,0.08,1
DEMO-1349,Blockchain,Medium,1,2,22,8,14,0,36.4,20.3,22.7,35.9,4,79,3.0,58.2,0.3636,0.0,14,0.1772,16.1,13.7,0.5,0
DEMO-1350,Cybersecurity,Hard,1,6,19,1,10,8,5.3,0.0,12.1,4.5,5,74,2.9,49.2,0.0526,0.4211,18,0.2432,5.3,0.0,5.0,0
DEMO-1351,Data Science & Analytics,Hard,1,2,33,28,4,1,84.8,84.8,44.8,66.1,2,11,3.7,66.9,0.8485,0.0303,5,0.4545,0.0,40.0,0.0714,1
DEMO-1352,Machine Learning & AI,Hard,1,4,43,22,19,2,51.2,41.1,43.7,25.7,3,33,2.5,63.9,0.5116,0.0465,21,0.6364,10.1,7.5,0.1364,1
DEMO-1353,Cloud Computing,Easy,2,6,14,7,4,3,50.0,37.3,30.7,27.3,3,75,2.5,67.6,0.5,0.2143,7,0.0933,12.7,19.3,0.4286,0
DEMO-1354,Web Development,Medium,2,6,44,31,12,1,70.5,60.4,53.5,43.4,1,35,4.8,75.3,0.7045,0.0227,13,0.3714,10.1,17.0,0.0323,1
DEMO-1355,Cloud Computing,Easy,2,2,17,16,1,0,94.1,73.7,62.7,73.3,0,10,3.3,91.8,0.9412,0.0,1,0.1,20.4,31.4,0.0,1
DEMO-1356,Cloud Computing,Medium,4,1,11,8,2,1,72.7,49.3,64.0,40.0,2,77,2.7,78.1,0.7273,0.0909,3,0.039,23.4,8.7,0.25,1
DEMO-1357,Blockchain,Hard,1,1,18,7,6,5,38.9,31.3,18.8,22.6,5,63,3.4,78.4,0.3889,0.2778,11,0.1746,7.6,20.1,0.7143,0
DEMO-1358,Machine Learning & AI,Medium,5,1,30,11,15,4,36.7,31.9,4.2,34.0,2,44,3.7,55.4,0.3667,0.1333,19,0.4318,4.8,32.5,0.1818,0
DEMO-1359,Internet of Things (IoT),Medium,1,1,15,3,11,1,20.0,4.2,0.0,12.2,6,88,3.2,64.1,0.2,0.0667,12,0.1364,15.8,20.0,2.0,0
DEMO-1360,Web Development,Medium,5,5,42,2,29,11,4.8,0.0,0.0,2.8,1,74,3.4,55.5,0.0476,0.2619,40,0.5405,4.8,4.8,0.5,0
DEMO-1361,Cloud Computing,Medium,2,2,12,5,6,1,41.7,27.9,24.6,37.5,2,52,2.5,49.0,0.4167,0.0833,7,0.1346,13.8,17.1,0.4,1
DEMO-1362,Blockchain,Hard,2,3,30,26,3,1,86.7,65.0,62.7,52.1,3,35,3.8,86.5,0.8667,0.0333,4,0.1143,21.7,24.0,0.1154,1
DEMO-1363,Internet of Things (IoT),Medium,2,6,14,1,9,4,7.1,0.0,5.4,6.2,1,99,4.0,54.6,0.0714,0.2857,13,0.1313,7.1,1.7,1.0,0
DEMO-1364,Machine Learning & AI,Medium,2,3,35,27,7,1,77.1,50.9,69.2,66.8,3,13,4.7,73.6,0.7714,0.0286,8,0.6154,26.2,7.9,0.1111,1
DEMO-1365,Mobile Applications,Medium,3,2,39,19,20,0,48.7,22.2,30.0,31.6,3,51,3.3,70.5,0.4872,0.0,20,0.3922,26.5,18.7,0.1579,1
DEMO-1366,Cloud Computing,Hard,2,1,12,4,6,2,33.3,12.8,24.5,29.4,2,51,5.0,76.2,0.3333,0.1667,8,0.1569,20.5,8.8,0.5,0
DEMO-1367,Cloud Computing,Easy,2,5,23,14,7,2,60.9,36.5,42.1,56.5,2,13,3.8,76.7,0.6087,0.087,9,0.6923,24.4,18.8,0.1429,1
DEMO-1368,Cybersecurity,Medium,5,5,14,9,4,1,64.3,62.3,56.1,46.4,0,79,2.7,75.8,0.6429,0.0714,5,0.0633,2.0,8.2,0.0,1
DEMO-1369,Blockchain,Easy,4,6,22,13,7,2,59.1,49.5,33.6,36.5,0,50,3.5,77.7,0.5909,0.0909,9,0.18,9.6,25.5,0.0,1
DEMO-1370,Cybersecurity,Medium,1,2,24,4,9,11,16.7,1.9,0.0,10.7,4,91,2.9,62.8,0.1667,0.4583,20,0.2198,14.8,16.7,1.0,0
DEMO-1371,Machine Learning & AI,Hard,1,4,41,3,20,18,7.3,0.0,0.0,4.1,3,73,2.7,64.1,0.0732,0.439,38,0.5205,7.3,7.3,1.0,0
DEMO-1372,Cybersecurity,Medium,3,4,17,14,3,0,82.4,75.9,61.0,45.5,1,19,2.9,97.8,0.8235,0.0,3,0.1579,6.5,21.4,0.0714,1
DEMO-1373,Internet of Things (IoT),Medium,2,3,34,8,25,1,23.5,12.3,13.2,16.8,7,75,3.7,73.9,0.2353,0.0294,26,0.3467,11.2,10.3,0.875,0
DEMO-1374,Cloud Computing,Hard,1,6,18,7,3,8,38.9,11.9,23.7,38.6,3,36,4.9,55.3,0.3889,0.4444,11,0.3056,27.0,15.2,0.4286,0
DEMO-1375,Web Development,Easy,3,2,13,7,3,3,53.8,23.3,34.2,42.6,3,34,3.1,78.5,0.5385,0.2308,6,0.1765,30.5,19.6,0.4286,1
DEMO-1376,Data Science & Analytics,Hard,4,4,21,14,4,3,66.7,53.8,54.7,53.2,1,36,4.8,82.3,0.6667,0.1429,7,0.1944,12.9,12.0,0.0714,1
DEMO-1377,Mobile Applications,Easy,2,1,40,11,9,20,27.5,20.1,13.6,24.5,2,78,3.2,63.2,0.275,0.5,29,0.3718,7.4,13.9,0.1818,0
DEMO-1378,Data Science & Analytics,Hard,4,2,13,5,7,1,38.5,24.8,30.0,38.0,1,69,2.6,69.4,0.3846,0.0769,8,0.1159,13.7,8.5,0.2,0
DEMO-1379,Blockchain,Medium,2,2,27,19,5,3,70.4,37.4,55.9,63.9,2,47,2.9,75.3,0.7037,0.1111,8,0.1702,33.0,14.5,0.1053,1
DEMO-1380,Data Science & Analytics,Medium,2,5,44,17,24,3,38.6,15.6,38.7,27.7,4,50,4.8,60.7,0.3864,0.0682,27,0.54,23.0,0.0,0.2353,1
DEMO-1381,Machine Learning & AI,Medium,1,5,13,12,1,0,92.3,71.4,84.3,55.2,0,26,2.7,87.8,0.9231,0.0,1,0.0385,20.9,8.0,0.0,1
DEMO-1382,Cybersecurity,Medium,3,5,42,6,33,3,14.3,0.0,3.9,11.3,2,71,4.7,74.2,0.1429,0.0714,36,0.507,14.3,10.4,0.3333,0
DEMO-1383,Cloud Computing,Easy,3,2,33,22,8,3,66.7,70.6,55.8,33.4,0,39,4.4,78.3,0.6667,0.0909,11,0.2821,0.0,10.9,0.0,1
DEMO-1384,Mobile Applications,Medium,1,4,16,10,6,0,62.5,40.1,47.8,43.1,1,40,2.9,85.8,0.625,0.0,6,0.15,22.4,14.7,0.1,1
DEMO-1385,Web Development,Medium,1,1,10,0,8,2,0.0,0.0,0.0,0.0,3,121,4.2,71.6,0.0,0.2,10,0.0826,0.0,0.0,3.0,0
DEMO-1386,Machine Learning & AI,Medium,4,3,40,16,21,3,40.0,19.3,18.3,35.0,2,74,4.4,71.6,0.4,0.075,24,0.3243,20.7,21.7,0.125,0
DEMO-1387,Cybersecurity,Easy,3,6,26,19,6,1,73.1,62.9,47.1,39.9,2,26,3.1,66.7,0.7308,0.0385,7,0.2692,10.2,26.0,0.1053,1
DEMO-1388,Internet of Things (IoT),Hard,3,4,38,12,23,3,31.6,0.0,34.2,28.4,5,54,4.0,76.8,0.3158,0.0789,26,0.4815,31.6,0.0,0.4167,0
DEMO-1389,Cloud Computing,Medium,2,5,15,5,10,0,33.3,22.5,8.8,21.1,6,40,3.9,62.3,0.3333,0.0,10,0.25,10.8,24.5,1.2,0
DEMO-1390,Machine Learning & AI,Medium,3,3,19,17,2,0,89.5,72.3,61.6,74.7,0,7,4.0,88.2,0.8947,0.0,2,0.2857,17.2,27.9,0.0,1
DEMO-1391,Cybersecurity,Hard,2,5,23,2,17,4,8.7,0.0,0.0,7.2,4,62,2.5,49.6,0.087,0.1739,21,0.3387,8.7,8.7,2.0,0
DEMO-1392,Machine Learning & AI,Hard,2,4,45,34,10,1,75.6,62.4,62.4,38.0,1,13,4.0,98.0,0.7556,0.0222,11,0.8462,13.2,13.2,0.0294,1
DEMO-1393,Data Science & Analytics,Medium,4,6,40,39,1,0,97.5,66.8,93.0,57.6,0,7,4.7,98.0,0.975,0.0,1,0.1429,30.7,4.5,0.0,1
DEMO-1394,Data Science & Analytics,Medium,2,4,40,11,27,2,27.5,0.0,0.4,26.5,4,45,4.3,57.5,0.275,0.05,29,0.6444,27.5,27.1,0.3636,0
DEMO-1395,Internet of Things (IoT),Medium,4,1,31,23,7,1,74.2,56.8,75.7,73.4,1,8,4.5,87.6,0.7419,0.0323,8,1.0,17.4,0.0,0.0435,1
DEMO-1396,Cybersecurity,Medium,4,1,33,16,16,1,48.5,40.2,42.4,33.4,2,40,4.3,57.3,0.4848,0.0303,17,0.425,8.3,6.1,0.125,1
DEMO-1397,Internet of Things (IoT),Easy,1,4,21,20,1,0,95.2,59.9,88.4,52.6,3,28,2.7,77.6,0.9524,0.0,1,0.0357,35.3,6.8,0.15,1
DEMO-1398,Machine Learning & AI,Medium,2,1,35,17,16,2,48.6,30.7,37.7,41.5,0,50,2.7,78.9,0.4857,0.0571,18,0.36,17.9,10.9,0.0,1
DEMO-1399,Machine Learning & AI,Medium,1,2,43,26,13,4,60.5,43.9,43.4,60.2,1,33,4.7,77.5,0.6047,0.093,17,0.5152,16.6,17.1,0.0385,1
DEMO-1400,Mobile Applications,Medium,3,2,44,28,9,7,63.6,66.2,39.0,63.0,1,31,4.5,91.1,0.6364,0.1591,16,0.5161,0.0,24.6,0.0357,1
DEMO-1401,Blockchain,Easy,4,6,31,12,14,5,38.7,15.8,24.7,23.6,3,99,4.1,66.6,0.3871,0.1613,19,0.1919,22.9,14.0,0.25,0
DEMO-1402,Cybersecurity,Medium,2,4,21,2,15,4,9.5,0.0,0.0,6.4,4,73,4.3,60.1,0.0952,0.1905,19,0.2603,9.5,9.5,2.0,0
DEMO-1403,Machine Learning & AI,Hard,1,6,18,2,11,5,11.1,7.9,0.0,7.4,7,80,3.8,62.0,0.1111,0.2778,16,0.2,3.2,11.1,3.5,0
DEMO-1404,Internet of Things (IoT),Hard,3,4,12,2,9,1,16.7,10.9,0.0,10.7,5,87,3.7,49.9,0.1667,0.0833,10,0.1149,5.8,16.7,2.5,0
DEMO-1405,Cybersecurity,Medium,1,3,42,36,5,1,85.7,57.0,82.1,68.7,0,33,3.8,79.6,0.8571,0.0238,6,0.1818,28.7,3.6,0.0,1
DEMO-1406,Web Development,Medium,2,2,25,16,9,0,64.0,52.8,52.7,32.8,1,40,4.0,80.1,0.64,0.0,9,0.225,11.2,11.3,0.0625,1
DEMO-1407,Web Development,Easy,5,5,42,13,25,4,31.0,24.7,18.7,29.3,4,107,4.4,68.5,0.3095,0.0952,29,0.271,6.3,12.3,0.3077,0
DEMO-1408,Web Development,Hard,2,2,23,13,8,2,56.5,46.7,45.0,39.0,4,66,3.6,70.5,0.5652,0.087,10,0.1515,9.8,11.5,0.3077,1
DEMO-1409,Cloud Computing,Medium,2,5,31,17,10,4,54.8,34.3,40.0,51.8,1,35,4.7,83.7,0.5484,0.129,14,0.4,20.5,14.8,0.0588,1
DEMO-1410,Machine Learning & AI,Medium,1,6,33,7,20,6,21.2,12.0,9.9,20.2,2,90,3.2,65.1,0.2121,0.1818,26,0.2889,9.2,11.3,0.2857,0
DEMO-1411,Internet of Things (IoT),Easy,3,2,40,27,11,2,67.5,43.2,67.9,62.7,2,28,4.3,73.4,0.675,0.05,13,0.4643,24.3,0.0,0.0741,1
DEMO-1412,Cloud Computing,Hard,2,6,21,14,6,1,66.7,59.6,48.1,34.6,2,55,2.9,73.1,0.6667,0.0476,7,0.1273,7.1,18.6,0.1429,1
DEMO-1413,Web Development,Medium,2,4,26,7,17,2,26.9,0.0,22.4,19.8,1,66,3.0,56.1,0.2692,0.0769,19,0.2879,26.9,4.5,0.1429,0
DEMO-1414,Machine Learning & AI,Hard,2,4,15,2,10,3,13.3,8.6,0.0,8.0,3,49,5.0,70.4,0.1333,0.2,13,0.2653,4.7,13.3,1.5,0
DEMO-1415,Cloud Computing,Medium,1,5,13,6,5,2,46.2,29.3,26.6,36.7,1,51,2.9,80.4,0.4615,0.1538,7,0.1373,16.9,19.6,0.1667,1
DEMO-1416,Blockchain,Hard,3,6,23,4,14,5,17.4,12.6,0.0,16.6,4,54,2.5,58.3,0.1739,0.2174,19,0.3519,4.8,17.4,1.0,0
DEMO-1417,Mobile Applications,Medium,4,4,28,5,20,3,17.9,0.0,11.8,12.8,5,101,2.7,55.2,0.1786,0.1071,23,0.2277,17.9,6.1,1.0,0
DEMO-1418,Blockchain,Medium,3,4,39,13,20,6,33.3,25.4,19.6,23.2,2,49,4.2,79.2,0.3333,0.1538,26,0.5306,7.9,13.7,0.1538,1
DEMO-1419,Mobile Applications,Easy,5,6,13,7,4,2,53.8,43.0,33.8,50.1,2,66,3.5,93.5,0.5385,0.1538,6,0.0909,10.8,20.0,0.2857,1
DEMO-1420,Machine Learning & AI,Hard,1,6,39,2,25,12,5.1,0.0,0.0,4.2,5,105,3.6,61.5,0.0513,0.3077,37,0.3524,5.1,5.1,2.5,0
DEMO-1421,Internet of Things (IoT),Hard,3,4,31,27,3,1,87.1,77.8,72.1,82.3,1,18,4.6,95.1,0.871,0.0323,4,0.2222,9.3,15.0,0.037,1
DEMO-1422,Cybersecurity,Medium,2,1,23,17,6,0,73.9,58.7,59.8,45.6,3,44,3.9,90.6,0.7391,0.0,6,0.1364,15.2,14.1,0.1765,1
DEMO-1423,Data Science & Analytics,Easy,4,6,22,6,14,2,27.3,13.9,16.5,23.7,5,69,2.7,59.0,0.2727,0.0909,16,0.2319,13.4,10.8,0.8333,0
DEMO-1424,Machine Learning & AI,Easy,1,4,31,20,10,1,64.5,46.8,66.9,57.3,3,53,4.5,75.9,0.6452,0.0323,11,0.2075,17.7,0.0,0.15,1
DEMO-1425,Mobile Applications,Medium,3,6,34,34,0,0,100.0,71.4,94.7,87.4,1,8,4.5,89.5,1.0,0.0,0,0.0,28.6,5.3,0.0294,1
DEMO-1426,Cloud Computing,Medium,2,3,21,19,2,0,90.5,61.8,74.0,65.7,5,24,4.5,92.4,0.9048,0.0,2,0.0833,28.7,16.5,0.2632,1
DEMO-1427,Cloud Computing,Medium,2,3,32,22,10,0,68.8,58.1,58.2,47.3,1,42,3.7,75.0,0.6875,0.0,10,0.2381,10.7,10.6,0.0455,1
DEMO-1428,Mobile Applications,Medium,3,4,23,12,9,2,52.2,15.5,45.4,51.7,4,72,3.0,88.1,0.5217,0.087,11,0.1528,36.7,6.8,0.3333,1
DEMO-1429,Mobile Applications,Medium,4,3,12,8,3,1,66.7,63.3,54.7,42.4,1,50,4.5,79.0,0.6667,0.0833,4,0.08,3.4,12.0,0.125,1
DEMO-1430,Machine Learning & AI,Hard,4,3,31,28,3,0,90.3,76.7,75.1,51.4,2,10,5.0,87.2,0.9032,0.0,3,0.3,13.6,15.2,0.0714,1
DEMO-1431,Cybersecurity,Hard,1,3,20,12,6,2,60.0,46.0,34.3,50.2,3,50,4.3,75.0,0.6,0.1,8,0.16,14.0,25.7,0.25,1
DEMO-1432,Blockchain,Medium,3,5,41,27,5,9,65.9,38.1,63.0,54.6,6,32,3.5,91.4,0.6585,0.2195,14,0.4375,27.8,2.9,0.2222,1
DEMO-1433,Web Development,Hard,4,5,29,24,5,0,82.8,59.8,71.7,82.7,2,52,3.0,88.5,0.8276,0.0,5,0.0962,23.0,11.1,0.0833,1
DEMO-1434,Data Science & Analytics,Medium,4,6,41,28,7,6,68.3,31.6,44.7,50.3,1,27,3.4,65.1,0.6829,0.1463,13,0.4815,36.7,23.6,0.0357,1
DEMO-1435,Mobile Applications,Hard,4,4,12,6,4,2,50.0,40.5,23.4,35.0,0,29,3.5,79.6,0.5,0.1667,6,0.2069,9.5,26.6,0.0,1
DEMO-1436,Internet of Things (IoT),Easy,2,3,29,1,17,11,3.4,0.0,0.0,3.0,2,107,3.0,48.2,0.0345,0.3793,28,0.2617,3.4,3.4,2.0,0
DEMO-1437,Data Science & Analytics,Hard,2,6,41,27,12,2,65.9,46.5,73.2,46.3,3,64,4.9,77.2,0.6585,0.0488,14,0.2188,19.4,0.0,0.1111,1
DEMO-1438,Blockchain,Medium,1,5,37,18,10,9,48.6,19.6,43.0,41.7,6,34,3.0,83.6,0.4865,0.2432,19,0.5588,29.0,5.6,0.3333,0
DEMO-1439,Web Development,Medium,3,4,43,27,11,5,62.8,32.5,48.4,57.8,1,34,2.6,86.9,0.6279,0.1163,16,0.4706,30.3,14.4,0.037,1
DEMO-1440,Internet of Things (IoT),Medium,2,2,37,18,17,2,48.6,19.5,32.6,40.7,2,43,4.5,67.8,0.4865,0.0541,19,0.4419,29.1,16.0,0.1111,1
DEMO-1441,Blockchain,Medium,2,3,15,9,5,1,60.0,54.5,36.6,52.9,2,18,2.7,79.7,0.6,0.0667,6,0.3333,5.5,23.4,0.2222,1
DEMO-1442,Internet of Things (IoT),Easy,1,6,34,24,9,1,70.6,73.0,45.6,62.7,2,21,4.3,81.7,0.7059,0.0294,10,0.4762,0.0,25.0,0.0833,1
DEMO-1443,Cybersecurity,Easy,1,4,35,25,7,3,71.4,41.9,64.0,68.9,1,21,2.8,77.7,0.7143,0.0857,10,0.4762,29.5,7.4,0.04,1
DEMO-1444,Cloud Computing,Easy,2,3,35,11,21,3,31.4,13.5,18.1,17.3,4,64,4.5,66.4,0.3143,0.0857,24,0.375,17.9,13.3,0.3636,1
DEMO-1445,Web Development,Easy,3,3,19,13,5,1,68.4,47.4,67.5,64.5,3,41,3.0,88.4,0.6842,0.0526,6,0.1463,21.0,0.9,0.2308,1
DEMO-1446,Mobile Applications,Easy,2,5,10,5,4,1,50.0,33.6,40.9,34.6,1,39,4.7,70.5,0.5,0.1,5,0.1282,16.4,9.1,0.2,1
DEMO-1447,Cybersecurity,Hard,2,3,19,1,10,8,5.3,0.0,4.8,3.2,9,106,3.6,73.4,0.0526,0.4211,18,0.1698,5.3,0.5,9.0,0
DEMO-1448,Cloud Computing,Medium,1,5,23,14,7,2,60.9,48.3,31.3,51.1,0,24,4.2,83.0,0.6087,0.087,9,0.375,12.6,29.6,0.0,1
DEMO-1449,Cybersecurity,Hard,3,4,32,26,6,0,81.2,53.1,62.6,59.2,2,21,3.7,76.3,0.8125,0.0,6,0.2857,28.1,18.6,0.0769,1
DEMO-1450,Blockchain,Easy,2,3,15,14,1,0,93.3,75.3,84.8,82.1,1,12,4.8,82.9,0.9333,0.0,1,0.0833,18.0,8.5,0.0714,1
DEMO-1451,Blockchain,Easy,2,5,31,27,3,1,87.1,72.3,65.9,46.1,1,14,3.0,88.5,0.871,0.0323,4,0.2857,14.8,21.2,0.037,1
DEMO-1452,Mobile Applications,Easy,1,4,23,12,9,2,52.2,40.1,20.7,31.4,5,68,3.6,65.7,0.5217,0.087,11,0.1618,12.1,31.5,0.4167,1
DEMO-1453,Mobile Applications,Medium,2,1,17,6,10,1,35.3,24.5,12.0,34.0,3,96,4.4,76.3,0.3529,0.0588,11,0.1146,10.8,23.3,0.5,1
DEMO-1454,Internet of Things (IoT),Medium,2,5,33,20,12,1,60.6,27.9,39.8,58.1,3,34,4.8,79.7,0.6061,0.0303,13,0.3824,32.7,20.8,0.15,1
DEMO-1455,Cybersecurity,Medium,2,1,28,10,16,2,35.7,3.5,7.0,27.5,3,74,4.7,51.2,0.3571,0.0714,18,0.2432,32.2,28.7,0.3,0
DEMO-1456,Cybersecurity,Easy,4,1,31,8,20,3,25.8,0.0,28.2,19.7,2,70,3.8,74.1,0.2581,0.0968,23,0.3286,25.8,0.0,0.25,0
DEMO-1457,Cloud Computing,Medium,2,4,42,17,23,2,40.5,11.1,23.5,28.2,3,81,4.9,65.1,0.4048,0.0476,25,0.3086,29.4,17.0,0.1765,0
DEMO-1458,Cloud Computing,Hard,1,3,43,31,9,3,72.1,60.0,59.3,36.2,4,68,2.6,78.3,0.7209,0.0698,12,0.1765,12.1,12.8,0.129,1
DEMO-1459,Cloud Computing,Medium,1,3,13,3,8,2,23.1,0.0,11.3,15.5,1,61,4.3,70.6,0.2308,0.1538,10,0.1639,23.1,11.8,0.3333,0
DEMO-1460,Cybersecurity,Hard,2,4,42,25,12,5,59.5,42.3,46.2,54.9,2,32,4.3,77.6,0.5952,0.119,17,0.5312,17.2,13.3,0.08,1
DEMO-1461,Internet of Things (IoT),Medium,2,1,11,2,8,1,18.2,20.6,11.4,13.3,3,92,2.7,72.6,0.1818,0.0909,9,0.0978,0.0,6.8,1.5,0
DEMO-1462,Mobile Applications,Medium,2,5,17,6,9,2,35.3,13.6,9.7,28.1,4,93,3.5,61.9,0.3529,0.1176,11,0.1183,21.7,25.6,0.6667,0
DEMO-1463,Data Science & Analytics,Easy,1,1,29,23,5,1,79.3,54.9,59.3,40.3,1,54,2.8,64.1,0.7931,0.0345,6,0.1111,24.4,20.0,0.0435,1
DEMO-1464,Internet of Things (IoT),Easy,1,2,27,17,8,2,63.0,46.8,45.4,52.8,0,47,3.7,71.6,0.6296,0.0741,10,0.2128,16.2,17.6,0.0,1
DEMO-1465,Machine Learning & AI,Medium,2,1,34,24,7,3,70.6,63.4,55.9,48.4,1,37,3.6,98.0,0.7059,0.0882,10,0.2703,7.2,14.7,0.0417,1
DEMO-1466,Mobile Applications,Easy,2,6,14,8,6,0,57.1,38.1,41.7,33.7,1,44,4.0,76.7,0.5714,0.0,6,0.1364,19.0,15.4,0.125,1
DEMO-1467,Machine Learning & AI,Easy,3,2,17,14,3,0,82.4,47.8,85.8,57.1,1,16,3.9,86.1,0.8235,0.0,3,0.1875,34.6,0.0,0.0714,1
DEMO-1468,Cloud Computing,Medium,2,1,14,5,9,0,35.7,18.2,17.3,27.8,2,45,3.1,70.5,0.3571,0.0,9,0.2,17.5,18.4,0.4,1
DEMO-1469,Web Development,Hard,3,6,41,36,3,2,87.8,83.4,66.5,69.8,0,13,4.6,87.9,0.878,0.0488,5,0.3846,4.4,21.3,0.0,1
DEMO-1470,Machine Learning & AI,Medium,2,3,35,17,14,4,48.6,29.9,39.6,48.2,2,35,3.3,68.6,0.4857,0.1143,18,0.5143,18.7,9.0,0.1176,1
DEMO-1471,Cloud Computing,Medium,2,6,38,37,1,0,97.4,89.4,91.1,50.9,0,14,4.8,84.9,0.9737,0.0,1,0.0714,8.0,6.3,0.0,1
DEMO-1472,Blockchain,Easy,5,6,34,28,5,1,82.4,63.0,60.3,44.7,1,15,3.5,85.9,0.8235,0.0294,6,0.4,19.4,22.1,0.0357,1
DEMO-1473,Blockchain,Easy,1,5,43,13,23,7,30.2,8.6,23.2,27.5,1,73,2.6,57.8,0.3023,0.1628,30,0.411,21.6,7.0,0.0769,0
DEMO-1474,Data Science & Analytics,Hard,1,6,19,9,8,2,47.4,20.2,37.6,43.5,5,82,3.3,72.0,0.4737,0.1053,10,0.122,27.2,9.8,0.5556,0
DEMO-1475,Machine Learning & AI,Easy,5,1,31,27,2,2,87.1,72.5,55.3,50.1,0,18,2.8,81.5,0.871,0.0645,4,0.2222,14.6,31.8,0.0,1
DEMO-1476,Mobile Applications,Hard,4,5,27,22,5,0,81.5,80.1,58.4,72.9,0,15,3.1,79.6,0.8148,0.0,5,0.3333,1.4,23.1,0.0,1
DEMO-1477,Internet of Things (IoT),Medium,2,4,44,13,29,2,29.5,16.6,18.4,24.8,7,92,2.7,61.6,0.2955,0.0455,31,0.337,12.9,11.1,0.5385,0
DEMO-1478,Web Development,Hard,2,2,29,9,16,4,31.0,4.6,13.2,22.8,6,69,4.4,80.4,0.3103,0.1379,20,0.2899,26.4,17.8,0.6667,0
DEMO-1479,Blockchain,Easy,3,5,43,43,0,0,100.0,91.9,95.3,76.3,0,12,4.4,93.7,1.0,0.0,0,0.0,8.1,4.7,0.0,1
DEMO-1480,Internet of Things (IoT),Medium,2,5,43,11,25,7,25.6,11.1,14.3,21.7,4,87,3.6,67.0,0.2558,0.1628,32,0.3678,14.5,11.3,0.3636,0
DEMO-1481,Data Science & Analytics,Medium,1,2,34,19,8,7,55.9,29.8,38.5,30.2,3,38,3.0,93.2,0.5588,0.2059,15,0.3947,26.1,17.4,0.1579,1
DEMO-1482,Blockchain,Easy,4,3,19,11,7,1,57.9,40.8,39.7,52.4,0,55,4.6,79.5,0.5789,0.0526,8,0.1455,17.1,18.2,0.0,1
DEMO-1483,Cloud Computing,Hard,4,2,37,29,5,3,78.4,65.0,52.2,60.5,3,19,4.5,83.8,0.7838,0.0811,8,0.4211,13.4,26.2,0.1034,1
DEMO-1484,Mobile Applications,Hard,2,4,13,10,3,0,76.9,51.0,74.0,43.4,3,9,4.0,98.0,0.7692,0.0,3,0.3333,25.9,2.9,0.3,1
DEMO-1485,Internet of Things (IoT),Easy,1,2,30,18,12,0,60.0,35.7,38.0,53.9,4,84,3.7,71.2,0.6,0.0,12,0.1429,24.3,22.0,0.2222,1
DEMO-1486,Data Science & Analytics,Medium,2,2,35,18,7,10,51.4,14.1,51.2,47.7,3,70,4.6,90.6,0.5143,0.2857,17,0.2429,37.3,0.2,0.1667,0
DEMO-1487,Machine Learning & AI,Easy,3,2,42,23,14,5,54.8,27.8,51.0,52.2,4,55,4.1,91.4,0.5476,0.119,19,0.3455,27.0,3.8,0.1739,1
DEMO-1488,Machine Learning & AI,Medium,1,4,35,24,9,2,68.6,62.9,67.6,68.5,0,41,4.5,77.8,0.6857,0.0571,11,0.2683,5.7,1.0,0.0,1
DEMO-1489,Mobile Applications,Easy,2,3,37,18,18,1,48.6,26.3,33.3,41.6,3,50,4.5,68.0,0.4865,0.027,19,0.38,22.3,15.3,0.1667,1
DEMO-1490,Mobile Applications,Easy,2,3,32,32,0,0,100.0,77.7,94.5,78.7,0,9,4.8,94.0,1.0,0.0,0,0.0,22.3,5.5,0.0,1
DEMO-1491,Internet of Things (IoT),Hard,2,5,41,8,25,8,19.5,0.8,19.5,14.5,4,96,2.7,59.9,0.1951,0.1951,33,0.3438,18.7,0.0,0.5,0
DEMO-1492,Web Development,Hard,3,3,21,14,4,3,66.7,36.2,56.1,34.3,1,36,2.7,80.6,0.6667,0.1429,7,0.1944,30.5,10.6,0.0714,1
DEMO-1493,Cloud Computing,Medium,1,3,21,14,5,2,66.7,63.3,64.8,36.6,2,27,4.4,60.6,0.6667,0.0952,7,0.2593,3.4,1.9,0.1429,1
DEMO-1494,Data Science & Analytics,Medium,1,6,15,6,7,2,40.0,24.0,21.0,22.4,0,48,4.4,63.8,0.4,0.1333,9,0.1875,16.0,19.0,0.0,1
DEMO-1495,Internet of Things (IoT),Medium,1,5,34,18,15,1,52.9,38.1,30.3,49.6,0,47,2.5,72.7,0.5294,0.0294,16,0.3404,14.8,22.6,0.0,1
DEMO-1496,Mobile Applications,Hard,2,4,23,17,5,1,73.9,46.2,57.1,56.8,3,50,4.2,79.6,0.7391,0.0435,6,0.12,27.7,16.8,0.1765,1
DEMO-1497,Cybersecurity,Medium,2,3,42,29,6,7,69.0,41.1,65.6,65.0,4,36,2.9,75.7,0.6905,0.1667,13,0.3611,27.9,3.4,0.1379,1
DEMO-1498,Data Science & Analytics,Medium,4,3,35,33,1,1,94.3,70.9,69.0,93.0,4,14,3.4,96.2,0.9429,0.0286,2,0.1429,23.4,25.3,0.1212,1
DEMO-1499,Internet of Things (IoT),Medium,2,3,30,20,10,0,66.7,39.7,48.6,50.8,2,36,3.3,95.0,0.6667,0.0,10,0.2778,27.0,18.1,0.1,1
DEMO-1500,Cybersecurity,Hard,1,3,27,20,4,3,74.1,43.7,72.1,63.8,6,31,3.1,76.8,0.7407,0.1111,7,0.2258,30.4,2.0,0.3,1
DEMO-1501,Web Development,Medium,2,1,40,16,24,0,40.0,26.5,14.2,34.8,2,52,3.5,74.3,0.4,0.0,24,0.4615,13.5,25.8,0.125,1
DEMO-1502,Data Science & Analytics,Medium,2,2,28,24,3,1,85.7,65.1,57.5,53.5,4,8,4.8,90.3,0.8571,0.0357,4,0.5,20.6,28.2,0.1667,1
DEMO-1503,Data Science & Analytics,Medium,2,2,13,9,3,1,69.2,52.2,35.8,41.6,3,24,5.0,82.5,0.6923,0.0769,4,0.1667,17.0,33.4,0.3333,1
DEMO-1504,Mobile Applications,Medium,1,3,38,31,6,1,81.6,59.9,72.6,71.7,1,23,4.2,80.2,0.8158,0.0263,7,0.3043,21.7,9.0,0.0323,1
DEMO-1505,Data Science & Analytics,Easy,2,5,40,17,22,1,42.5,32.1,42.0,29.7,3,42,4.7,87.8,0.425,0.025,23,0.5476,10.4,0.5,0.1765,1
DEMO-1506,Data Science & Analytics,Medium,2,6,43,39,4,0,90.7,67.1,70.1,85.6,2,9,3.2,66.4,0.907,0.0,4,0.4444,23.6,20.6,0.0513,1
DEMO-1507,Internet of Things (IoT),Hard,3,3,38,20,13,5,52.6,34.7,32.6,34.0,1,40,4.1,74.9,0.5263,0.1316,18,0.45,17.9,20.0,0.05,1
DEMO-1508,Web Development,Easy,4,5,42,15,21,6,35.7,17.7,0.0,33.7,2,85,3.9,64.5,0.3571,0.1429,27,0.3176,18.0,35.7,0.1333,1
DEMO-1509,Internet of Things (IoT),Easy,5,6,12,7,2,3,58.3,26.4,52.4,55.7,1,31,4.7,81.6,0.5833,0.25,5,0.1613,31.9,5.9,0.1429,1
DEMO-1510,Blockchain,Medium,1,5,20,16,3,1,80.0,52.3,63.4,72.1,2,12,4.5,91.9,0.8,0.05,4,0.3333,27.7,16.6,0.125,1
DEMO-1511,Data Science & Analytics,Easy,1,1,19,15,4,0,78.9,66.7,79.1,41.0,2,23,4.6,82.2,0.7895,0.0,4,0.1739,12.2,0.0,0.1333,1
DEMO-1512,Web Development,Medium,4,6,12,7,5,0,58.3,42.5,38.8,33.5,3,40,4.1,72.9,0.5833,0.0,5,0.125,15.8,19.5,0.4286,1
DEMO-1513,Mobile Applications,Medium,1,2,41,7,30,4,17.1,0.0,6.9,14.4,2,93,4.5,73.9,0.1707,0.0976,34,0.3656,17.1,10.2,0.2857,0
DEMO-1514,Cybersecurity,Medium,1,5,17,10,5,2,58.8,41.0,38.5,39.4,3,58,4.4,71.2,0.5882,0.1176,7,0.1207,17.8,20.3,0.3,1
DEMO-1515,Mobile Applications,Hard,3,6,11,7,3,1,63.6,48.2,34.2,56.7,6,60,4.2,74.8,0.6364,0.0909,4,0.0667,15.4,29.4,0.8571,1
DEMO-1516,Cybersecurity,Medium,1,1,42,28,12,2,66.7,46.5,47.9,39.4,3,23,4.7,84.1,0.6667,0.0476,14,0.6087,20.2,18.8,0.1071,1
DEMO-1517,Data Science & Analytics,Easy,2,5,25,13,11,1,52.0,29.3,46.7,45.2,2,55,4.7,66.6,0.52,0.04,12,0.2182,22.7,5.3,0.1538,1
DEMO-1518,Mobile Applications,Medium,1,6,31,21,6,4,67.7,65.5,37.7,48.4,1,20,4.1,82.3,0.6774,0.129,10,0.5,2.2,30.0,0.0476,1
DEMO-1519,Mobile Applications,Hard,4,2,41,6,22,13,14.6,0.0,17.2,11.9,4,48,2.6,74.9,0.1463,0.3171,35,0.7292,14.6,0.0,0.6667,0
DEMO-1520,Internet of Things (IoT),Hard,2,5,31,30,1,0,96.8,69.1,88.7,86.8,2,20,3.7,98.0,0.9677,0.0,1,0.05,27.7,8.1,0.0667,1
DEMO-1521,Blockchain,Medium,2,5,32,22,7,3,68.8,63.5,75.7,57.8,2,32,3.3,89.9,0.6875,0.0938,10,0.3125,5.3,0.0,0.0909,1
DEMO-1522,Data Science & Analytics,Medium,1,5,34,34,0,0,100.0,89.3,67.7,77.3,0,20,4.2,92.1,1.0,0.0,0,0.0,10.7,32.3,0.0,1
DEMO-1523,Cybersecurity,Hard,2,5,15,3,11,1,20.0,11.8,0.0,15.7,4,71,3.7,71.6,0.2,0.0667,12,0.169,8.2,20.0,1.3333,0
DEMO-1524,Internet of Things (IoT),Medium,2,5,20,19,1,0,95.0,83.3,76.7,68.0,0,9,4.4,86.3,0.95,0.0,1,0.1111,11.7,18.3,0.0,1
DEMO-1525,Machine Learning & AI,Medium,2,3,42,31,7,4,73.8,47.3,66.8,60.8,2,24,4.4,77.1,0.7381,0.0952,11,0.4583,26.5,7.0,0.0645,1
DEMO-1526,Blockchain,Medium,2,6,30,11,13,6,36.7,19.6,19.2,30.5,4,43,4.8,70.3,0.3667,0.2,19,0.4419,17.1,17.5,0.3636,0
DEMO-1527,Internet of Things (IoT),Hard,2,6,31,12,12,7,38.7,29.2,27.7,34.0,3,85,4.8,81.4,0.3871,0.2258,19,0.2235,9.5,11.0,0.25,0
DEMO-1528,Blockchain,Medium,3,5,14,12,2,0,85.7,61.8,72.1,84.6,1,12,2.8,78.8,0.8571,0.0,2,0.1667,23.9,13.6,0.0833,1
DEMO-1529,Machine Learning & AI,Hard,1,2,24,11,12,1,45.8,12.9,27.4,24.1,1,43,4.5,82.1,0.4583,0.0417,13,0.3023,32.9,18.4,0.0909,1
DEMO-1530,Cybersecurity,Medium,2,4,33,30,3,0,90.9,82.8,66.7,74.4,0,23,4.1,86.8,0.9091,0.0,3,0.1304,8.1,24.2,0.0,1
DEMO-1531,Cloud Computing,Easy,2,2,20,10,9,1,50.0,33.1,45.9,33.1,2,67,3.9,76.9,0.5,0.05,10,0.1493,16.9,4.1,0.2,1
DEMO-1532,Web Development,Hard,2,6,16,4,9,3,25.0,12.2,0.0,21.4,2,82,4.7,59.2,0.25,0.1875,12,0.1463,12.8,25.0,0.5,0
DEMO-1533,Internet of Things (IoT),Easy,2,5,13,11,2,0,84.6,66.9,55.0,43.9,1,18,2.8,76.1,0.8462,0.0,2,0.1111,17.7,29.6,0.0909,1
DEMO-1534,Data Science & Analytics,Hard,3,3,36,17,10,9,47.2,38.0,38.4,44.9,5,70,4.6,92.5,0.4722,0.25,19,0.2714,9.2,8.8,0.2941,0
DEMO-1535,Web Development,Medium,2,6,33,10,17,6,30.3,17.2,7.9,19.4,7,88,3.1,77.6,0.303,0.1818,23,0.2614,13.1,22.4,0.7,0
DEMO-1536,Internet of Things (IoT),Easy,1,3,25,19,6,0,76.0,66.4,65.6,51.5,0,26,2.6,83.3,0.76,0.0,6,0.2308,9.6,10.4,0.0,1
DEMO-1537,Cybersecurity,Medium,1,4,18,15,3,0,83.3,48.4,61.4,43.4,1,18,2.5,80.3,0.8333,0.0,3,0.1667,34.9,21.9,0.0667,1
DEMO-1538,Mobile Applications,Hard,1,5,15,13,1,1,86.7,75.5,59.5,76.3,1,15,2.5,90.2,0.8667,0.0667,2,0.1333,11.2,27.2,0.0769,1
DEMO-1539,Cloud Computing,Medium,3,1,36,19,14,3,52.8,31.3,51.7,37.3,3,74,4.5,86.7,0.5278,0.0833,17,0.2297,21.5,1.1,0.1579,1
DEMO-1540,Mobile Applications,Medium,1,1,29,2,14,13,6.9,0.0,0.0,4.1,2,87,4.4,61.1,0.069,0.4483,27,0.3103,6.9,6.9,1.0,0
DEMO-1541,Blockchain,Easy,1,3,40,26,6,8,65.0,36.1,61.9,47.2,2,33,2.6,73.3,0.65,0.2,14,0.4242,28.9,3.1,0.0769,1
DEMO-1542,Data Science & Analytics,Easy,5,3,38,6,22,10,15.8,0.0,0.0,12.4,1,96,2.7,55.0,0.1579,0.2632,32,0.3333,15.8,15.8,0.1667,0
DEMO-1543,Cybersecurity,Medium,1,4,38,16,9,13,42.1,9.4,19.6,33.5,6,59,4.0,56.0,0.4211,0.3421,22,0.3729,32.7,22.5,0.375,0
DEMO-1544,Mobile Applications,Medium,1,4,28,18,10,0,64.3,53.3,51.8,62.0,2,35,4.6,86.4,0.6429,0.0,10,0.2857,11.0,12.5,0.1111,1
DEMO-1545,Internet of Things (IoT),Hard,2,1,41,41,0,0,100.0,81.6,79.4,79.0,0,13,3.5,81.4,1.0,0.0,0,0.0,18.4,20.6,0.0,1
DEMO-1546,Blockchain,Hard,3,1,17,5,9,3,29.4,21.3,21.7,18.8,2,53,2.5,57.9,0.2941,0.1765,12,0.2264,8.1,7.7,0.4,0
DEMO-1547,Web Development,Easy,1,2,41,26,14,1,63.4,39.2,43.9,34.4,1,43,4.0,67.7,0.6341,0.0244,15,0.3488,24.2,19.5,0.0385,1
DEMO-1548,Machine Learning & AI,Hard,1,5,31,18,4,9,58.1,44.2,52.5,52.2,5,75,2.8,73.4,0.5806,0.2903,13,0.1733,13.9,5.6,0.2778,1
DEMO-1549,Web Development,Medium,3,1,23,11,7,5,47.8,32.3,20.7,25.1,1,58,2.8,69.6,0.4783,0.2174,12,0.2069,15.5,27.1,0.0909,1
DEMO-1550,Blockchain,Medium,1,5,17,10,4,3,58.8,24.4,57.0,54.8,4,56,4.8,68.0,0.5882,0.1765,7,0.125,34.4,1.8,0.4,1
DEMO-1551,Cloud Computing,Easy,1,4,40,31,8,1,77.5,50.7,78.6,61.4,4,21,3.0,87.7,0.775,0.025,9,0.4286,26.8,0.0,0.129,1
DEMO-1552,Mobile Applications,Easy,2,5,23,5,13,5,21.7,0.0,0.0,12.8,3,121,2.9,74.4,0.2174,0.2174,18,0.1488,21.7,21.7,0.6,0
DEMO-1553,Data Science & Analytics,Medium,2,1,21,8,9,4,38.1,21.6,37.7,20.6,3,57,3.7,79.0,0.381,0.1905,13,0.2281,16.5,0.4,0.375,1
DEMO-1554,Web Development,Hard,2,3,38,21,8,9,55.3,23.8,30.1,29.8,5,54,3.0,86.8,0.5526,0.2368,17,0.3148,31.5,25.2,0.2381,1
DEMO-1555,Internet of Things (IoT),Medium,2,3,25,13,11,1,52.0,23.2,38.1,37.7,2,47,5.0,67.1,0.52,0.04,12,0.2553,28.8,13.9,0.1538,1
DEMO-1556,Internet of Things (IoT),Easy,1,5,34,34,0,0,100.0,78.4,98.1,96.1,1,20,4.8,89.6,1.0,0.0,0,0.0,21.6,1.9,0.0294,1
DEMO-1557,Mobile Applications,Easy,1,4,40,16,18,6,40.0,22.4,11.7,32.4,4,47,3.0,80.6,0.4,0.15,24,0.5106,17.6,28.3,0.25,0
DEMO-1558,Internet of Things (IoT),Medium,5,3,23,18,2,3,78.3,54.9,65.3,54.6,4,61,2.7,91.7,0.7826,0.1304,5,0.082,23.4,13.0,0.2222,1
DEMO-1559,Machine Learning & AI,Medium,2,3,30,12,17,1,40.0,14.1,35.7,29.8,1,44,4.4,78.5,0.4,0.0333,18,0.4091,25.9,4.3,0.0833,1
DEMO-1560,Cloud Computing,Medium,4,5,31,28,2,1,90.3,43.2,86.4,71.3,2,19,2.8,88.7,0.9032,0.0323,3,0.1579,47.1,3.9,0.0714,1
DEMO-1561,Cloud Computing,Medium,3,6,21,4,16,1,19.0,0.0,8.7,14.5,7,87,3.2,80.8,0.1905,0.0476,17,0.1954,19.0,10.3,1.75,0
DEMO-1562,Blockchain,Medium,3,1,18,13,4,1,72.2,51.7,60.8,42.3,2,29,4.3,88.0,0.7222,0.0556,5,0.1724,20.5,11.4,0.1538,1
DEMO-1563,Machine Learning & AI,Easy,3,1,16,12,3,1,75.0,53.1,63.8,63.9,1,44,4.0,81.9,0.75,0.0625,4,0.0909,21.9,11.2,0.0833,1
DEMO-1564,Machine Learning & AI,Medium,1,1,20,15,5,0,75.0,58.5,66.4,73.5,0,21,3.5,75.4,0.75,0.0,5,0.2381,16.5,8.6,0.0,1
DEMO-1565,Machine Learning & AI,Medium,4,5,17,3,11,3,17.6,0.0,0.0,17.3,3,55,4.5,52.9,0.1765,0.1765,14,0.2545,17.6,17.6,1.0,0
DEMO-1566,Web Development,Hard,1,1,43,11,27,5,25.6,15.1,7.6,13.0,4,45,2.9,65.8,0.2558,0.1163,32,0.7111,10.5,18.0,0.3636,0
DEMO-1567,Cloud Computing,Medium,4,4,15,11,2,2,73.3,56.7,71.4,43.9,3,49,4.8,95.4,0.7333,0.1333,4,0.0816,16.6,1.9,0.2727,1
DEMO-1568,Data Science & Analytics,Medium,4,4,35,25,9,1,71.4,52.7,56.4,47.8,3,12,4.6,87.1,0.7143,0.0286,10,0.8333,18.7,15.0,0.12,1
DEMO-1569,Internet of Things (IoT),Medium,4,3,14,1,11,2,7.1,0.0,0.0,3.8,2,121,5.0,64.9,0.0714,0.1429,13,0.1074,7.1,7.1,2.0,0
DEMO-1570,Machine Learning & AI,Medium,3,6,24,14,9,1,58.3,38.4,46.8,40.3,3,32,4.9,67.8,0.5833,0.0417,10,0.3125,19.9,11.5,0.2143,1
DEMO-1571,Data Science & Analytics,Medium,2,1,40,34,6,0,85.0,55.4,71.3,67.1,2,10,4.6,84.1,0.85,0.0,6,0.6,29.6,13.7,0.0588,1
DEMO-1572,Machine Learning & AI,Medium,3,3,25,6,17,2,24.0,0.0,13.1,21.3,2,59,3.9,61.2,0.24,0.08,19,0.322,24.0,10.9,0.3333,0
DEMO-1573,Blockchain,Easy,2,4,42,23,19,0,54.8,25.7,46.2,47.9,1,41,4.8,83.9,0.5476,0.0,19,0.4634,29.1,8.6,0.0435,1
DEMO-1574,Internet of Things (IoT),Hard,3,6,12,8,2,2,66.7,35.1,54.5,63.9,3,16,4.0,72.7,0.6667,0.1667,4,0.25,31.6,12.2,0.375,1
DEMO-1575,Internet of Things (IoT),Hard,3,4,24,9,12,3,37.5,16.8,13.5,36.8,4,34,5.0,62.5,0.375,0.125,15,0.4412,20.7,24.0,0.4444,0
DEMO-1576,Machine Learning & AI,Easy,3,1,18,15,3,0,83.3,55.4,53.4,54.4,1,51,4.4,89.2,0.8333,0.0,3,0.0588,27.9,29.9,0.0667,1
DEMO-1577,Machine Learning & AI,Hard,1,2,38,33,2,3,86.8,73.9,57.8,66.6,3,28,2.9,86.9,0.8684,0.0789,5,0.1786,12.9,29.0,0.0909,1
DEMO-1578,Cybersecurity,Hard,2,3,11,4,3,4,36.4,6.6,26.7,30.5,2,54,2.8,64.1,0.3636,0.3636,7,0.1296,29.8,9.7,0.5,0
DEMO-1579,Cloud Computing,Easy,1,1,18,11,5,2,61.1,50.0,37.0,45.2,4,27,3.0,89.0,0.6111,0.1111,7,0.2593,11.1,24.1,0.3636,1
DEMO-1580,Internet of Things (IoT),Medium,3,3,23,17,4,2,73.9,44.2,58.1,39.4,2,38,3.2,84.0,0.7391,0.087,6,0.1579,29.7,15.8,0.1176,1
DEMO-1581,Cybersecurity,Medium,3,5,29,6,22,1,20.7,3.5,11.9,17.7,1,101,4.7,75.9,0.2069,0.0345,23,0.2277,17.2,8.8,0.1667,1
DEMO-1582,Data Science & Analytics,Medium,4,4,41,18,15,8,43.9,36.5,33.9,34.5,2,71,3.6,70.1,0.439,0.1951,23,0.3239,7.4,10.0,0.1111,1
DEMO-1583,Cloud Computing,Medium,1,3,33,8,21,4,24.2,2.0,5.4,12.5,4,101,4.1,63.2,0.2424,0.1212,25,0.2475,22.2,18.8,0.5,0
DEMO-1584,Web Development,Easy,2,1,32,21,6,5,65.6,41.8,66.4,44.7,3,14,4.6,68.7,0.6562,0.1562,11,0.7857,23.8,0.0,0.1429,1
DEMO-1585,Machine Learning & AI,Medium,3,3,26,1,4,21,3.8,0.0,0.0,2.8,5,119,3.2,64.5,0.0385,0.8077,25,0.2101,3.8,3.8,5.0,0
DEMO-1586,Cybersecurity,Medium,2,3,24,19,5,0,79.2,39.4,66.1,58.1,2,39,4.7,69.8,0.7917,0.0,5,0.1282,39.8,13.1,0.1053,1
DEMO-1587,Machine Learning & AI,Medium,4,2,16,13,2,1,81.2,61.6,60.8,52.6,3,18,4.2,83.2,0.8125,0.0625,3,0.1667,19.6,20.4,0.2308,1
DEMO-1588,Web Development,Hard,2,1,29,20,7,2,69.0,51.7,63.5,67.2,1,50,2.6,80.1,0.6897,0.069,9,0.18,17.3,5.5,0.05,1
DEMO-1589,Data Science & Analytics,Easy,3,1,42,23,16,3,54.8,37.4,34.9,35.8,2,52,4.1,77.5,0.5476,0.0714,19,0.3654,17.4,19.9,0.087,1
DEMO-1590,Data Science & Analytics,Medium,2,6,13,8,4,1,61.5,38.6,66.2,45.1,1,24,4.6,91.8,0.6154,0.0769,5,0.2083,22.9,0.0,0.125,1
DEMO-1591,Internet of Things (IoT),Easy,2,3,25,9,14,2,36.0,29.2,13.2,26.5,1,46,3.1,61.2,0.36,0.08,16,0.3478,6.8,22.8,0.1111,1
DEMO-1592,Cloud Computing,Easy,3,3,34,34,0,0,100.0,75.0,99.9,82.5,1,16,3.0,96.5,1.0,0.0,0,0.0,25.0,0.1,0.0294,1
DEMO-1593,Mobile Applications,Medium,1,1,18,4,7,7,22.2,6.6,25.0,14.0,5,118,4.7,72.1,0.2222,0.3889,14,0.1186,15.6,0.0,1.25,0
DEMO-1594,Internet of Things (IoT),Medium,2,2,45,11,31,3,24.4,13.2,0.0,20.9,3,63,3.2,76.2,0.2444,0.0667,34,0.5397,11.2,24.4,0.2727,0
DEMO-1595,Mobile Applications,Medium,4,3,30,11,17,2,36.7,0.0,21.8,29.6,4,98,3.3,69.7,0.3667,0.0667,19,0.1939,36.7,14.9,0.3636,0
DEMO-1596,Machine Learning & AI,Easy,2,5,24,20,3,1,83.3,68.7,55.0,62.3,1,12,4.7,83.0,0.8333,0.0417,4,0.3333,14.6,28.3,0.05,1
DEMO-1597,Data Science & Analytics,Hard,2,3,18,7,7,4,38.9,24.6,29.8,27.8,3,37,2.6,70.6,0.3889,0.2222,11,0.2973,14.3,9.1,0.4286,0
DEMO-1598,Machine Learning & AI,Medium,2,2,39,18,18,3,46.2,19.3,26.6,29.8,3,60,2.6,77.1,0.4615,0.0769,21,0.35,26.9,19.6,0.1667,1
DEMO-1599,Cloud Computing,Easy,1,3,26,19,6,1,73.1,41.0,48.6,59.7,2,19,3.7,77.9,0.7308,0.0385,7,0.3684,32.1,24.5,0.1053,1
DEMO-1600,Machine Learning & AI,Medium,4,1,40,16,21,3,40.0,37.0,3.2,35.5,1,60,3.1,65.7,0.4,0.075,24,0.4,3.0,36.8,0.0625,1
DEMO-1601,Cloud Computing,Hard,4,4,45,34,8,3,75.6,62.9,49.2,60.6,4,41,4.3,95.0,0.7556,0.0667,11,0.2683,12.7,26.4,0.1176,1
DEMO-1602,Mobile Applications,Easy,3,6,16,10,5,1,62.5,29.3,57.2,61.4,1,50,4.7,86.6,0.625,0.0625,6,0.12,33.2,5.3,0.1,1
DEMO-1603,Mobile Applications,Medium,4,3,11,8,2,1,72.7,64.2,48.8,71.4,0,25,2.5,81.2,0.7273,0.0909,3,0.12,8.5,23.9,0.0,1
DEMO-1604,Machine Learning & AI,Medium,2,1,40,38,2,0,95.0,53.8,89.7,84.5,0,26,3.7,89.9,0.95,0.0,2,0.0769,41.2,5.3,0.0,1
DEMO-1605,Internet of Things (IoT),Medium,2,2,39,14,19,6,35.9,17.6,10.3,20.4,4,42,3.7,72.7,0.359,0.1538,25,0.5952,18.3,25.6,0.2857,0
DEMO-1606,Internet of Things (IoT),Hard,2,6,43,18,20,5,41.9,26.3,44.4,21.0,3,72,3.9,80.6,0.4186,0.1163,25,0.3472,15.6,0.0,0.1667,0
DEMO-1607,Web Development,Medium,2,3,13,7,5,1,53.8,34.0,27.2,29.2,3,46,3.8,72.0,0.5385,0.0769,6,0.1304,19.8,26.6,0.4286,0
DEMO-1608,Machine Learning & AI,Medium,2,3,11,7,3,1,63.6,28.9,36.7,35.7,2,58,4.6,86.4,0.6364,0.0909,4,0.069,34.7,26.9,0.2857,1
DEMO-1609,Internet of Things (IoT),Medium,2,3,36,30,4,2,83.3,65.3,66.1,60.2,5,32,2.6,92.2,0.8333,0.0556,6,0.1875,18.0,17.2,0.1667,1
DEMO-1610,Web Development,Hard,4,5,28,26,1,1,92.9,80.6,82.6,76.6,2,12,4.3,80.6,0.9286,0.0357,2,0.1667,12.3,10.3,0.0769,1
DEMO-1611,Cybersecurity,Hard,1,3,16,9,6,1,56.2,39.7,43.4,53.7,4,58,4.4,75.8,0.5625,0.0625,7,0.1207,16.5,12.8,0.4444,1
DEMO-1612,Internet of Things (IoT),Medium,2,6,30,29,1,0,96.7,78.0,87.7,76.1,0,11,2.8,92.8,0.9667,0.0,1,0.0909,18.7,9.0,0.0,1
DEMO-1613,Blockchain,Medium,5,4,45,29,14,2,64.4,28.7,30.7,52.2,4,10,2.6,77.5,0.6444,0.0444,16,1.6,35.7,33.7,0.1379,0
DEMO-1614,Data Science & Analytics,Medium,5,3,15,5,7,3,33.3,17.2,4.8,21.3,4,39,4.7,80.1,0.3333,0.2,10,0.2564,16.1,28.5,0.8,0
DEMO-1615,Cybersecurity,Medium,2,2,26,26,0,0,100.0,76.9,93.8,72.4,1,7,4.5,94.0,1.0,0.0,0,0.0,23.1,6.2,0.0385,1
DEMO-1616,Machine Learning & AI,Hard,3,2,20,13,6,1,65.0,45.1,63.2,60.2,4,28,2.6,81.2,0.65,0.05,7,0.25,19.9,1.8,0.3077,1
DEMO-1617,Cybersecurity,Hard,1,2,19,15,1,3,78.9,54.3,56.2,41.3,3,25,2.6,95.0,0.7895,0.1579,4,0.16,24.6,22.7,0.2,1
DEMO-1618,Internet of Things (IoT),Hard,2,6,22,4,15,3,18.2,0.0,0.0,9.4,2,92,4.5,63.9,0.1818,0.1364,18,0.1957,18.2,18.2,0.5,0
DEMO-1619,Cloud Computing,Hard,1,3,25,1,7,17,4.0,0.0,0.0,3.1,6,46,4.2,59.6,0.04,0.68,24,0.5217,4.0,4.0,6.0,0
DEMO-1620,Blockchain,Easy,4,4,37,5,31,1,13.5,3.9,0.0,12.4,5,81,3.6,57.5,0.1351,0.027,32,0.3951,9.6,13.5,1.0,0
DEMO-1621,Data Science & Analytics,Medium,2,4,42,19,22,1,45.2,29.5,22.7,36.9,2,43,3.0,69.0,0.4524,0.0238,23,0.5349,15.7,22.5,0.1053,1
DEMO-1622,Machine Learning & AI,Easy,2,1,10,8,2,0,80.0,42.6,55.7,50.6,3,57,4.1,83.3,0.8,0.0,2,0.0351,37.4,24.3,0.375,1
DEMO-1623,Cybersecurity,Medium,2,2,15,10,4,1,66.7,42.5,38.4,45.8,2,16,4.3,71.9,0.6667,0.0667,5,0.3125,24.2,28.3,0.2,1
DEMO-1624,Data Science & Analytics,Hard,1,3,18,6,7,5,33.3,21.0,36.8,26.2,4,108,3.8,59.4,0.3333,0.2778,12,0.1111,12.3,0.0,0.6667,0
DEMO-1625,Data Science & Analytics,Hard,2,3,27,8,6,13,29.6,19.6,0.0,24.4,2,85,4.5,71.3,0.2963,0.4815,19,0.2235,10.0,29.6,0.25,0
DEMO-1626,Data Science & Analytics,Easy,2,4,22,15,6,1,68.2,54.3,50.3,64.7,2,34,4.6,83.5,0.6818,0.0455,7,0.2059,13.9,17.9,0.1333,1
DEMO-1627,Mobile Applications,Hard,2,6,11,5,5,1,45.5,36.0,30.0,27.1,1,73,3.6,75.6,0.4545,0.0909,6,0.0822,9.5,15.5,0.2,1
DEMO-1628,Internet of Things (IoT),Medium,4,5,44,19,16,9,43.2,23.5,27.8,42.6,3,63,4.1,77.4,0.4318,0.2045,25,0.3968,19.7,15.4,0.1579,0
DEMO-1629,Cybersecurity,Medium,3,4,26,1,24,1,3.8,0.0,0.0,3.6,1,91,2.8,60.5,0.0385,0.0385,25,0.2747,3.8,3.8,1.0,0
DEMO-1630,Cloud Computing,Medium,2,2,22,5,6,11,22.7,0.0,0.1,13.5,5,65,3.9,75.6,0.2273,0.5,17,0.2615,22.7,22.6,1.0,0
DEMO-1631,Web Development,Easy,4,2,41,31,7,3,75.6,43.6,55.2,55.0,1,14,4.8,98.0,0.7561,0.0732,10,0.7143,32.0,20.4,0.0323,1
DEMO-1632,Cybersecurity,Medium,2,6,27,27,0,0,100.0,70.6,100.0,69.5,0,15,3.5,86.0,1.0,0.0,0,0.0,29.4,0.0,0.0,1
DEMO-1633,Internet of Things (IoT),Hard,2,5,19,7,8,4,36.8,19.9,12.8,29.4,5,79,4.6,88.7,0.3684,0.2105,12,0.1519,16.9,24.0,0.7143,0
DEMO-1634,Machine Learning & AI,Easy,4,5,29,10,15,4,34.5,28.7,7.1,20.7,6,44,4.8,79.5,0.3448,0.1379,19,0.4318,5.8,27.4,0.6,0
DEMO-1635,Machine Learning & AI,Easy,2,6,25,25,0,0,100.0,94.6,83.1,73.8,0,9,3.3,93.3,1.0,0.0,0,0.0,5.4,16.9,0.0,1
DEMO-1636,Cloud Computing,Medium,1,4,36,27,8,1,75.0,57.4,64.6,64.0,2,39,4.9,72.0,0.75,0.0278,9,0.2308,17.6,10.4,0.0741,1
DEMO-1637,Mobile Applications,Easy,2,2,25,12,10,3,48.0,20.8,36.1,37.6,2,30,4.0,90.6,0.48,0.12,13,0.4333,27.2,11.9,0.1667,1
DEMO-1638,Data Science & Analytics,Hard,3,1,19,17,2,0,89.5,81.3,59.6,48.5,1,4,3.6,76.3,0.8947,0.0,2,0.5,8.2,29.9,0.0588,1
DEMO-1639,Web Development,Hard,3,6,30,24,5,1,80.0,52.5,49.3,63.5,2,34,2.9,78.5,0.8,0.0333,6,0.1765,27.5,30.7,0.0833,1
DEMO-1640,Web Development,Medium,2,2,20,11,7,2,55.0,40.4,20.9,36.3,2,14,2.8,72.0,0.55,0.1,9,0.6429,14.6,34.1,0.1818,1
DEMO-1641,Cybersecurity,Easy,1,5,12,10,2,0,83.3,48.8,71.3,61.6,0,17,4.1,91.0,0.8333,0.0,2,0.1176,34.5,12.0,0.0,1
DEMO-1642,Internet of Things (IoT),Medium,3,6,23,7,10,6,30.4,0.0,27.0,27.7,5,46,3.3,69.0,0.3043,0.2609,16,0.3478,30.4,3.4,0.7143,0
DEMO-1643,Cybersecurity,Easy,2,2,30,28,2,0,93.3,67.2,67.2,63.5,0,10,3.5,98.0,0.9333,0.0,2,0.2,26.1,26.1,0.0,1
DEMO-1644,Internet of Things (IoT),Medium,2,3,19,5,9,5,26.3,19.2,1.4,17.6,4,85,4.8,57.7,0.2632,0.2632,14,0.1647,7.1,24.9,0.8,0
DEMO-1645,Internet of Things (IoT),Medium,1,4,35,16,19,0,45.7,38.1,33.9,25.6,3,72,4.4,83.0,0.4571,0.0,19,0.2639,7.6,11.8,0.1875,1
DEMO-1646,Cloud Computing,Hard,3,5,19,8,6,5,42.1,24.1,24.0,33.5,4,73,3.0,82.1,0.4211,0.2632,11,0.1507,18.0,18.1,0.5,0
DEMO-1647,Internet of Things (IoT),Medium,3,4,35,17,16,2,48.6,29.5,41.2,39.7,2,42,3.8,75.2,0.4857,0.0571,18,0.4286,19.1,7.4,0.1176,1
DEMO-1648,Cybersecurity,Hard,1,3,31,19,8,4,61.3,44.7,62.6,55.4,5,30,3.3,77.9,0.6129,0.129,12,0.4,16.6,0.0,0.2632,1
DEMO-1649,Internet of Things (IoT),Medium,2,4,44,33,10,1,75.0,60.5,71.3,52.4,1,13,3.4,76.6,0.75,0.0227,11,0.8462,14.5,3.7,0.0303,1
DEMO-1650,Blockchain,Easy,1,4,42,18,21,3,42.9,28.5,21.1,25.1,1,49,4.0,89.6,0.4286,0.0714,24,0.4898,14.4,21.8,0.0556,1
DEMO-1651,Internet of Things (IoT),Medium,3,6,33,12,18,3,36.4,28.1,12.1,22.5,1,56,3.9,67.8,0.3636,0.0909,21,0.375,8.3,24.3,0.0833,1
DEMO-1652,Internet of Things (IoT),Medium,2,1,18,12,4,2,66.7,57.6,36.2,34.3,2,36,3.0,72.4,0.6667,0.1111,6,0.1667,9.1,30.5,0.1667,1
DEMO-1653,Web Development,Easy,1,5,16,8,7,1,50.0,35.9,47.6,27.0,1,68,2.6,75.3,0.5,0.0625,8,0.1176,14.1,2.4,0.125,1
DEMO-1654,Blockchain,Medium,1,1,21,17,3,1,81.0,72.8,76.2,68.8,0,52,2.8,60.0,0.8095,0.0476,4,0.0769,8.2,4.8,0.0,1
DEMO-1655,Mobile Applications,Hard,2,3,23,20,2,1,87.0,82.3,56.6,56.7,0,27,2.8,97.9,0.8696,0.0435,3,0.1111,4.7,30.4,0.0,1
DEMO-1656,Data Science & Analytics,Easy,2,5,21,19,2,0,90.5,51.9,79.7,77.5,0,18,2.8,89.7,0.9048,0.0,2,0.1111,38.6,10.8,0.0,1
DEMO-1657,Blockchain,Medium,1,3,23,6,16,1,26.1,3.6,14.4,15.2,7,62,2.8,65.9,0.2609,0.0435,17,0.2742,22.5,11.7,1.1667,0
DEMO-1658,Cloud Computing,Easy,5,6,23,8,11,4,34.8,15.3,21.7,33.5,1,92,3.5,77.5,0.3478,0.1739,15,0.163,19.5,13.1,0.125,0
DEMO-1659,Machine Learning & AI,Medium,2,5,35,30,5,0,85.7,51.2,59.9,55.0,5,22,2.5,98.0,0.8571,0.0,5,0.2273,34.5,25.8,0.1667,1
DEMO-1660,Cloud Computing,Hard,1,3,11,5,5,1,45.5,33.9,33.7,32.7,7,68,3.7,72.6,0.4545,0.0909,6,0.0882,11.6,11.8,1.4,0
DEMO-1661,Internet of Things (IoT),Hard,3,4,27,20,5,2,74.1,60.1,58.6,63.9,4,42,3.0,81.6,0.7407,0.0741,7,0.1667,14.0,15.5,0.2,1
DEMO-1662,Internet of Things (IoT),Easy,2,1,20,5,12,3,25.0,17.5,27.9,20.9,5,113,4.3,64.7,0.25,0.15,15,0.1327,7.5,0.0,1.0,0
DEMO-1663,Mobile Applications,Medium,2,6,35,8,23,4,22.9,19.4,9.6,20.5,3,42,3.6,83.9,0.2286,0.1143,27,0.6429,3.5,13.3,0.375,0
DEMO-1664,Cloud Computing,Medium,1,2,44,40,3,1,90.9,58.7,71.4,63.7,2,7,3.5,98.0,0.9091,0.0227,4,0.5714,32.2,19.5,0.05,1
DEMO-1665,Machine Learning & AI,Medium,2,1,16,6,7,3,37.5,2.7,24.3,21.6,3,40,3.9,67.2,0.375,0.1875,10,0.25,34.8,13.2,0.5,0
DEMO-1666,Internet of Things (IoT),Medium,2,2,38,33,5,0,86.8,64.1,73.5,64.0,1,43,3.4,81.1,0.8684,0.0,5,0.1163,22.7,13.3,0.0303,1
DEMO-1667,Data Science & Analytics,Hard,2,2,23,13,8,2,56.5,39.0,37.5,50.8,2,34,4.4,82.8,0.5652,0.087,10,0.2941,17.5,19.0,0.1538,1
DEMO-1668,Machine Learning & AI,Medium,1,5,24,12,7,5,50.0,20.9,28.1,35.1,3,47,3.7,63.7,0.5,0.2083,12,0.2553,29.1,21.9,0.25,0
DEMO-1669,Internet of Things (IoT),Hard,4,1,34,24,8,2,70.6,55.2,49.6,47.4,0,39,3.0,93.4,0.7059,0.0588,10,0.2564,15.4,21.0,0.0,1
DEMO-1670,Blockchain,Easy,1,3,39,15,23,1,38.5,23.8,38.2,20.7,4,98,3.3,76.4,0.3846,0.0256,24,0.2449,14.7,0.3,0.2667,1
DEMO-1671,Cybersecurity,Medium,2,1,45,23,14,8,51.1,51.8,23.0,41.1,1,39,4.2,84.5,0.5111,0.1778,22,0.5641,0.0,28.1,0.0435,1
DEMO-1672,Data Science & Analytics,Easy,2,2,30,14,11,5,46.7,38.8,37.9,45.4,4,47,4.5,75.2,0.4667,0.1667,16,0.3404,7.9,8.8,0.2857,1
DEMO-1673,Machine Learning & AI,Hard,4,1,31,30,1,0,96.8,73.8,95.6,74.3,2,12,4.6,85.0,0.9677,0.0,1,0.0833,23.0,1.2,0.0667,1
DEMO-1674,Internet of Things (IoT),Medium,5,6,14,13,1,0,92.9,81.2,80.4,67.2,0,11,4.0,91.2,0.9286,0.0,1,0.0909,11.7,12.5,0.0,1
DEMO-1675,Mobile Applications,Medium,2,6,12,6,6,0,50.0,45.1,52.8,37.0,0,71,4.8,80.7,0.5,0.0,6,0.0845,4.9,0.0,0.0,1
DEMO-1676,Internet of Things (IoT),Medium,1,2,13,7,3,3,53.8,31.1,38.7,44.0,2,48,3.8,76.0,0.5385,0.2308,6,0.125,22.7,15.1,0.2857,1
DEMO-1677,Web Development,Medium,2,3,27,3,21,3,11.1,0.0,15.6,6.5,2,111,4.8,62.0,0.1111,0.1111,24,0.2162,11.1,0.0,0.6667,0
DEMO-1678,Cloud Computing,Medium,2,4,37,17,14,6,45.9,27.4,32.3,33.7,2,92,4.1,77.0,0.4595,0.1622,20,0.2174,18.5,13.6,0.1176,1
DEMO-1679,Data Science & Analytics,Medium,2,6,16,1,9,6,6.2,0.0,2.8,6.1,3,94,4.4,63.9,0.0625,0.375,15,0.1596,6.2,3.4,3.0,0
DEMO-1680,Blockchain,Medium,5,4,10,7,3,0,70.0,56.9,65.1,41.0,0,11,2.7,79.0,0.7,0.0,3,0.2727,13.1,4.9,0.0,1
DEMO-1681,Machine Learning & AI,Medium,3,3,16,10,5,1,62.5,32.1,41.4,41.8,1,41,4.1,85.7,0.625,0.0625,6,0.1463,30.4,21.1,0.1,1
DEMO-1682,Cybersecurity,Easy,2,4,33,26,6,1,78.8,57.0,48.9,68.9,3,24,2.7,87.1,0.7879,0.0303,7,0.2917,21.8,29.9,0.1154,1
DEMO-1683,Cloud Computing,Medium,3,6,13,1,11,1,7.7,0.0,0.0,7.7,4,79,4.7,57.1,0.0769,0.0769,12,0.1519,7.7,7.7,4.0,0
DEMO-1684,Data Science & Analytics,Medium,4,5,13,6,3,4,46.2,33.3,32.8,39.6,0,56,3.2,62.6,0.4615,0.3077,7,0.125,12.9,13.4,0.0,1
DEMO-1685,Data Science & Analytics,Hard,1,6,44,18,17,9,40.9,30.6,34.2,26.0,6,72,3.4,74.2,0.4091,0.2045,26,0.3611,10.3,6.7,0.3333,0
DEMO-1686,Internet of Things (IoT),Medium,2,1,43,28,10,5,65.1,44.7,45.7,54.0,3,55,3.8,76.6,0.6512,0.1163,15,0.2727,20.4,19.4,0.1071,1
DEMO-1687,Mobile Applications,Medium,3,4,13,13,0,0,100.0,94.9,89.2,83.2,0,8,2.5,82.0,1.0,0.0,0,0.0,5.1,10.8,0.0,1
DEMO-1688,Internet of Things (IoT),Medium,2,1,20,13,7,0,65.0,46.4,47.2,47.3,1,30,3.4,76.2,0.65,0.0,7,0.2333,18.6,17.8,0.0769,1
DEMO-1689,Web Development,Easy,4,5,17,12,5,0,70.6,56.8,60.4,42.6,0,24,3.8,87.9,0.7059,0.0,5,0.2083,13.8,10.2,0.0,1
DEMO-1690,Internet of Things (IoT),Easy,4,1,23,9,12,2,39.1,18.4,30.1,27.1,0,54,4.3,59.0,0.3913,0.087,14,0.2593,20.7,9.0,0.0,0
DEMO-1691,Cloud Computing,Medium,2,4,20,11,8,1,55.0,18.2,26.7,43.5,2,50,3.6,77.3,0.55,0.05,9,0.18,36.8,28.3,0.1818,1
DEMO-1692,Machine Learning & AI,Medium,3,2,24,21,2,1,87.5,60.1,63.1,70.1,1,18,4.0,96.1,0.875,0.0417,3,0.1667,27.4,24.4,0.0476,1
DEMO-1693,Cloud Computing,Hard,2,1,34,21,6,7,61.8,50.7,37.1,54.6,3,24,3.1,78.5,0.6176,0.2059,13,0.5417,11.1,24.7,0.1429,1
DEMO-1694,Mobile Applications,Hard,1,2,43,19,17,7,44.2,29.9,21.8,29.8,4,36,2.8,70.2,0.4419,0.1628,24,0.6667,14.3,22.4,0.2105,0
DEMO-1695,Web Development,Medium,2,2,37,21,16,0,56.8,12.4,53.4,48.3,0,52,2.6,72.6,0.5676,0.0,16,0.3077,44.4,3.4,0.0,1
DEMO-1696,Internet of Things (IoT),Medium,1,4,18,16,1,1,88.9,54.5,83.8,66.8,2,30,4.7,95.9,0.8889,0.0556,2,0.0667,34.4,5.1,0.125,1
DEMO-1697,Blockchain,Medium,4,3,15,13,2,0,86.7,67.2,60.7,61.6,0,11,5.0,83.1,0.8667,0.0,2,0.1818,19.5,26.0,0.0,1
DEMO-1698,Internet of Things (IoT),Medium,3,4,26,7,19,0,26.9,10.8,19.2,17.9,4,44,3.0,67.5,0.2692,0.0,19,0.4318,16.1,7.7,0.5714,0
DEMO-1699,Mobile Applications,Medium,2,5,35,14,15,6,40.0,17.1,23.9,31.6,3,103,3.3,55.6,0.4,0.1714,21,0.2039,22.9,16.1,0.2143,1
DEMO-1700,Blockchain,Medium,1,4,24,5,18,1,20.8,0.2,0.0,18.9,6,56,3.6,66.7,0.2083,0.0417,19,0.3393,20.6,20.8,1.2,0
DEMO-1701,Mobile Applications,Easy,2,5,10,0,4,6,0.0,0.0,0.0,0.0,3,46,3.6,65.6,0.0,0.6,10,0.2174,0.0,0.0,3.0,0
DEMO-1702,Blockchain,Easy,2,2,32,19,11,2,59.4,38.9,50.2,29.9,5,69,2.6,80.7,0.5938,0.0625,13,0.1884,20.5,9.2,0.2632,1
DEMO-1703,Internet of Things (IoT),Easy,3,3,43,3,27,13,7.0,0.9,0.0,5.9,4,81,4.6,53.5,0.0698,0.3023,40,0.4938,6.1,7.0,1.3333,0
DEMO-1704,Cybersecurity,Medium,5,2,14,6,8,0,42.9,33.1,17.6,31.5,3,55,2.6,83.4,0.4286,0.0,8,0.1455,9.8,25.3,0.5,1
DEMO-1705,Blockchain,Medium,1,6,29,10,18,1,34.5,19.1,34.5,18.1,4,38,4.2,69.0,0.3448,0.0345,19,0.5,15.4,0.0,0.4,1
DEMO-1706,Web Development,Hard,2,2,32,14,16,2,43.8,25.9,38.4,37.0,3,39,3.6,82.4,0.4375,0.0625,18,0.4615,17.9,5.4,0.2143,0
DEMO-1707,Web Development,Hard,3,6,25,2,21,2,8.0,0.0,7.5,7.2,6,110,2.7,53.3,0.08,0.08,23,0.2091,8.0,0.5,3.0,0
DEMO-1708,Internet of Things (IoT),Medium,4,1,14,8,5,1,57.1,47.7,32.6,41.1,1,61,2.8,81.1,0.5714,0.0714,6,0.0984,9.4,24.5,0.125,1
DEMO-1709,Machine Learning & AI,Medium,3,4,16,12,3,1,75.0,35.2,54.5,66.7,4,15,4.2,80.1,0.75,0.0625,4,0.2667,39.8,20.5,0.3333,1
DEMO-1710,Cybersecurity,Medium,3,4,35,4,14,17,11.4,0.0,0.0,5.9,3,106,4.6,59.9,0.1143,0.4857,31,0.2925,11.4,11.4,0.75,0
DEMO-1711,Blockchain,Medium,2,2,23,11,8,4,47.8,24.6,53.8,26.0,5,56,3.6,83.7,0.4783,0.1739,12,0.2143,23.2,0.0,0.4545,1
DEMO-1712,Cybersecurity,Medium,2,6,43,25,17,1,58.1,54.5,36.3,35.3,1,59,2.8,78.5,0.5814,0.0233,18,0.3051,3.6,21.8,0.04,1
DEMO-1713,Blockchain,Medium,2,2,38,17,19,2,44.7,29.2,39.2,35.3,4,107,2.5,73.5,0.4474,0.0526,21,0.1963,15.5,5.5,0.2353,1
DEMO-1714,Data Science & Analytics,Hard,3,2,36,24,11,1,66.7,52.0,37.3,42.4,1,52,4.7,74.7,0.6667,0.0278,12,0.2308,14.7,29.4,0.0417,1
DEMO-1715,Internet of Things (IoT),Medium,1,3,43,37,5,1,86.0,72.6,58.3,72.5,1,10,3.3,69.1,0.8605,0.0233,6,0.6,13.4,27.7,0.027,1
DEMO-1716,Mobile Applications,Hard,2,3,39,30,7,2,76.9,62.8,75.0,53.9,0,31,3.1,64.2,0.7692,0.0513,9,0.2903,14.1,1.9,0.0,1
DEMO-1717,Cloud Computing,Easy,1,5,30,26,4,0,86.7,61.7,77.9,82.5,3,13,2.6,87.4,0.8667,0.0,4,0.3077,25.0,8.8,0.1154,1
DEMO-1718,Web Development,Medium,1,5,28,1,26,1,3.6,0.0,0.0,2.2,0,103,4.3,50.9,0.0357,0.0357,27,0.2621,3.6,3.6,0.0,1
DEMO-1719,Blockchain,Hard,1,6,34,30,2,2,88.2,77.6,71.5,68.4,2,24,3.7,72.5,0.8824,0.0588,4,0.1667,10.6,16.7,0.0667,1
DEMO-1720,Internet of Things (IoT),Easy,1,2,36,19,10,7,52.8,26.7,41.5,36.5,3,82,2.9,79.9,0.5278,0.1944,17,0.2073,26.1,11.3,0.1579,1
DEMO-1721,Cloud Computing,Medium,2,1,24,9,12,3,37.5,18.8,26.4,32.0,3,97,3.9,73.1,0.375,0.125,15,0.1546,18.7,11.1,0.3333,1
DEMO-1722,Internet of Things (IoT),Easy,1,4,30,20,9,1,66.7,56.3,63.4,48.0,3,26,3.7,70.5,0.6667,0.0333,10,0.3846,10.4,3.3,0.15,1
DEMO-1723,Cloud Computing,Hard,2,2,34,14,18,2,41.2,2.2,27.1,27.1,8,69,3.4,79.8,0.4118,0.0588,20,0.2899,39.0,14.1,0.5714,0
DEMO-1724,Cloud Computing,Hard,2,5,44,17,22,5,38.6,14.3,31.1,37.2,4,54,3.3,56.1,0.3864,0.1136,27,0.5,24.3,7.5,0.2353,0
DEMO-1725,Internet of Things (IoT),Medium,2,3,39,19,20,0,48.7,12.5,38.9,36.6,2,44,5.0,72.8,0.4872,0.0,20,0.4545,36.2,9.8,0.1053,1
DEMO-1726,Blockchain,Medium,1,4,30,15,13,2,50.0,12.5,29.7,44.4,1,59,2.9,68.3,0.5,0.0667,15,0.2542,37.5,20.3,0.0667,0
DEMO-1727,Cybersecurity,Easy,3,4,13,4,8,1,30.8,31.2,16.1,18.5,1,47,4.9,65.2,0.3077,0.0769,9,0.1915,0.0,14.7,0.25,0
DEMO-1728,Machine Learning & AI,Medium,2,6,43,32,10,1,74.4,55.0,47.0,43.9,0,22,4.1,94.3,0.7442,0.0233,11,0.5,19.4,27.4,0.0,1
DEMO-1729,Cybersecurity,Medium,2,5,38,27,10,1,71.1,42.9,62.1,63.0,0,20,4.8,78.5,0.7105,0.0263,11,0.55,28.2,9.0,0.0,1
DEMO-1730,Web Development,Hard,3,4,21,8,9,4,38.1,20.1,16.2,30.7,4,57,3.8,53.7,0.381,0.1905,13,0.2281,18.0,21.9,0.5,0
DEMO-1731,Internet of Things (IoT),Easy,3,1,24,11,11,2,45.8,43.9,8.9,44.7,2,61,3.6,67.3,0.4583,0.0833,13,0.2131,1.9,36.9,0.1818,1
DEMO-1732,Blockchain,Medium,1,2,33,10,19,4,30.3,17.1,16.3,15.9,1,118,3.8,76.0,0.303,0.1212,23,0.1949,13.2,14.0,0.1,1
DEMO-1733,Internet of Things (IoT),Easy,1,3,44,13,21,10,29.5,17.3,24.3,16.3,3,40,4.4,66.2,0.2955,0.2273,31,0.775,12.2,5.2,0.2308,0
DEMO-1734,Web Development,Easy,1,4,29,18,9,2,62.1,50.6,38.9,38.5,1,52,4.3,86.2,0.6207,0.069,11,0.2115,11.5,23.2,0.0556,1
DEMO-1735,Internet of Things (IoT),Hard,1,6,16,8,6,2,50.0,24.7,40.7,40.9,5,64,4.0,75.6,0.5,0.125,8,0.125,25.3,9.3,0.625,0
DEMO-1736,Machine Learning & AI,Easy,2,1,16,8,5,3,50.0,14.2,31.0,26.5,6,37,4.7,71.9,0.5,0.1875,8,0.2162,35.8,19.0,0.75,0
DEMO-1737,Mobile Applications,Medium,2,3,22,11,5,6,50.0,30.7,27.3,49.7,2,39,4.6,73.1,0.5,0.2727,11,0.2821,19.3,22.7,0.1818,1
DEMO-1738,Cybersecurity,Easy,1,6,27,8,17,2,29.6,19.8,0.8,24.3,1,44,4.2,69.3,0.2963,0.0741,19,0.4318,9.8,28.8,0.125,1
DEMO-1739,Cybersecurity,Easy,1,6,11,9,2,0,81.8,64.5,78.5,64.4,3,6,3.4,78.4,0.8182,0.0,2,0.3333,17.3,3.3,0.3333,1
DEMO-1740,Machine Learning & AI,Medium,3,2,20,2,12,6,10.0,0.0,0.0,10.0,1,89,2.8,72.1,0.1,0.3,18,0.2022,10.0,10.0,0.5,0
DEMO-1741,Web Development,Easy,3,4,37,19,9,9,51.4,35.9,33.5,33.3,2,47,3.1,81.9,0.5135,0.2432,18,0.383,15.5,17.9,0.1053,0
DEMO-1742,Cybersecurity,Easy,3,4,26,15,5,6,57.7,21.5,37.8,56.9,1,54,4.6,69.4,0.5769,0.2308,11,0.2037,36.2,19.9,0.0667,1
DEMO-1743,Cloud Computing,Easy,2,3,19,14,4,1,73.7,58.3,61.4,60.8,2,22,3.3,86.3,0.7368,0.0526,5,0.2273,15.4,12.3,0.1429,1
DEMO-1744,Cloud Computing,Hard,2,4,16,7,9,0,43.8,25.6,43.8,27.4,4,54,3.7,69.4,0.4375,0.0,9,0.1667,18.2,0.0,0.5714,1
DEMO-1745,Mobile Applications,Medium,2,3,10,1,7,2,10.0,0.0,7.8,7.4,3,79,4.0,57.6,0.1,0.2,9,0.1139,10.0,2.2,3.0,0
DEMO-1746,Data Science & Analytics,Easy,2,6,13,12,1,0,92.3,78.1,72.8,62.6,0,18,4.5,83.1,0.9231,0.0,1,0.0556,14.2,19.5,0.0,1
DEMO-1747,Cloud Computing,Easy,1,2,33,12,15,6,36.4,3.9,29.6,25.5,3,95,2.7,62.5,0.3636,0.1818,21,0.2211,32.5,6.8,0.25,0
DEMO-1748,Mobile Applications,Easy,1,4,27,10,7,10,37.0,39.8,24.0,29.6,5,56,4.4,77.1,0.3704,0.3704,17,0.3036,0.0,13.0,0.5,1
DEMO-1749,Cybersecurity,Easy,2,5,39,31,8,0,79.5,62.6,62.0,47.8,2,21,3.6,95.2,0.7949,0.0,8,0.381,16.9,17.5,0.0645,1
DEMO-1750,Web Development,Medium,2,5,14,9,4,1,64.3,50.6,50.8,57.0,3,34,2.6,62.1,0.6429,0.0714,5,0.1471,13.7,13.5,0.3333,1
DEMO-1751,Blockchain,Medium,3,5,16,11,5,0,68.8,53.4,49.4,50.7,1,9,4.5,86.1,0.6875,0.0,5,0.5556,15.4,19.4,0.0909,1
DEMO-1752,Data Science & Analytics,Medium,3,6,37,31,4,2,83.8,72.0,88.7,52.9,1,9,3.6,73.3,0.8378,0.0541,6,0.6667,11.8,0.0,0.0323,1
DEMO-1753,Data Science & Analytics,Hard,1,2,34,12,20,2,35.3,11.5,14.4,22.2,4,86,4.0,79.2,0.3529,0.0588,22,0.2558,23.8,20.9,0.3333,0
DEMO-1754,Cloud Computing,Easy,3,6,45,31,11,3,68.9,55.1,49.7,43.2,2,34,4.8,91.7,0.6889,0.0667,14,0.4118,13.8,19.2,0.0645,1
DEMO-1755,Web Development,Easy,3,3,12,9,3,0,75.0,61.7,37.2,55.7,1,30,3.5,91.0,0.75,0.0,3,0.1,13.3,37.8,0.1111,1
DEMO-1756,Cybersecurity,Medium,2,4,23,15,7,1,65.2,46.1,38.3,53.5,0,35,3.7,82.4,0.6522,0.0435,8,0.2286,19.1,26.9,0.0,1
DEMO-1757,Cybersecurity,Hard,2,3,42,30,7,5,71.4,66.1,52.9,60.5,2,14,4.1,91.2,0.7143,0.119,12,0.8571,5.3,18.5,0.0667,1
DEMO-1758,Data Science & Analytics,Medium,2,2,35,2,28,5,5.7,0.0,0.0,5.1,4,55,3.2,62.8,0.0571,0.1429,33,0.6,5.7,5.7,2.0,0
DEMO-1759,Blockchain,Hard,2,2,40,33,6,1,82.5,71.1,63.9,72.6,1,19,5.0,85.7,0.825,0.025,7,0.3684,11.4,18.6,0.0303,1
DEMO-1760,Web Development,Medium,1,5,16,9,4,3,56.2,23.2,46.8,35.0,3,32,3.5,82.6,0.5625,0.1875,7,0.2188,33.0,9.4,0.3333,1
DEMO-1761,Mobile Applications,Medium,2,4,27,26,1,0,96.3,74.5,90.8,53.3,1,21,4.5,90.5,0.963,0.0,1,0.0476,21.8,5.5,0.0385,1
DEMO-1762,Machine Learning & AI,Medium,1,3,11,9,1,1,81.8,53.1,78.4,41.1,1,26,4.3,86.6,0.8182,0.0909,2,0.0769,28.7,3.4,0.1111,1
DEMO-1763,Mobile Applications,Medium,2,5,27,9,12,6,33.3,27.8,25.4,29.3,2,96,3.9,55.2,0.3333,0.2222,18,0.1875,5.5,7.9,0.2222,1
DEMO-1764,Cybersecurity,Easy,1,1,11,7,3,1,63.6,35.4,52.2,60.1,3,47,3.2,82.7,0.6364,0.0909,4,0.0851,28.2,11.4,0.4286,1
DEMO-1765,Blockchain,Medium,4,3,45,24,19,2,53.3,49.8,39.0,38.6,3,56,2.7,71.1,0.5333,0.0444,21,0.375,3.5,14.3,0.125,1
DEMO-1766,Cloud Computing,Medium,1,2,39,28,10,1,71.8,44.0,50.9,60.6,1,15,3.0,79.9,0.7179,0.0256,11,0.7333,27.8,20.9,0.0357,1
DEMO-1767,Blockchain,Medium,2,3,19,18,1,0,94.7,61.0,67.8,79.4,0,7,5.0,86.2,0.9474,0.0,1,0.1429,33.7,26.9,0.0,1
DEMO-1768,Mobile Applications,Easy,3,1,45,26,19,0,57.8,36.9,51.6,48.1,3,60,4.3,76.9,0.5778,0.0,19,0.3167,20.9,6.2,0.1154,1
DEMO-1769,Machine Learning & AI,Hard,2,4,25,10,13,2,40.0,26.0,21.8,22.4,6,52,3.0,71.8,0.4,0.08,15,0.2885,14.0,18.2,0.6,0
DEMO-1770,Cybersecurity,Hard,2,6,17,16,1,0,94.1,63.6,87.8,52.0,1,26,5.0,98.0,0.9412,0.0,1,0.0385,30.5,6.3,0.0625,1
DEMO-1771,Cloud Computing,Medium,4,6,14,5,7,2,35.7,14.4,28.0,28.0,1,61,3.5,58.9,0.3571,0.1429,9,0.1475,21.3,7.7,0.2,0
DEMO-1772,Cloud Computing,Medium,3,3,30,22,7,1,73.3,42.4,53.6,68.2,4,46,4.1,83.6,0.7333,0.0333,8,0.1739,30.9,19.7,0.1818,1
DEMO-1773,Cybersecurity,Hard,2,5,35,16,19,0,45.7,26.1,36.7,25.8,2,54,2.6,69.6,0.4571,0.0,19,0.3519,19.6,9.0,0.125,0
DEMO-1774,Data Science & Analytics,Medium,1,2,36,8,26,2,22.2,0.0,10.6,16.7,3,47,4.2,69.9,0.2222,0.0556,28,0.5957,22.2,11.6,0.375,0
DEMO-1775,Internet of Things (IoT),Medium,5,5,24,6,15,3,25.0,7.8,15.4,17.3,2,47,2.9,70.7,0.25,0.125,18,0.383,17.2,9.6,0.3333,0
DEMO-1776,Machine Learning & AI,Hard,2,2,18,4,8,6,22.2,0.0,2.4,18.9,7,68,4.9,60.7,0.2222,0.3333,14,0.2059,22.2,19.8,1.75,0
DEMO-1777,Web Development,Easy,5,2,42,11,30,1,26.2,0.0,19.0,15.9,6,60,5.0,75.4,0.2619,0.0238,31,0.5167,26.2,7.2,0.5455,0
DEMO-1778,Internet of Things (IoT),Medium,1,2,21,17,3,1,81.0,43.5,60.4,60.2,0,8,3.7,81.7,0.8095,0.0476,4,0.5,37.5,20.6,0.0,1
DEMO-1779,Web Development,Medium,1,6,13,3,9,1,23.1,0.0,0.0,20.6,1,64,4.1,71.1,0.2308,0.0769,10,0.1562,23.1,23.1,0.3333,0
DEMO-1780,Cloud Computing,Easy,2,5,24,24,0,0,100.0,81.4,87.0,72.3,2,10,2.6,98.0,1.0,0.0,0,0.0,18.6,13.0,0.0833,1
DEMO-1781,Cybersecurity,Easy,1,3,43,21,19,3,48.8,20.7,39.1,28.7,2,37,4.4,60.5,0.4884,0.0698,22,0.5946,28.1,9.7,0.0952,1
DEMO-1782,Cybersecurity,Hard,2,5,45,11,19,15,24.4,11.9,7.9,15.2,4,88,2.9,65.0,0.2444,0.3333,34,0.3864,12.5,16.5,0.3636,0
DEMO-1783,Web Development,Easy,5,3,29,17,8,4,58.6,31.7,30.4,50.3,1,37,4.7,76.7,0.5862,0.1379,12,0.3243,26.9,28.2,0.0588,1
DEMO-1784,Cloud Computing,Hard,2,5,18,11,7,0,61.1,40.6,50.1,49.5,1,34,3.0,70.0,0.6111,0.0,7,0.2059,20.5,11.0,0.0909,1
DEMO-1785,Blockchain,Medium,2,5,34,25,7,2,73.5,72.7,57.1,68.5,1,11,2.6,78.7,0.7353,0.0588,9,0.8182,0.8,16.4,0.04,1
DEMO-1786,Web Development,Hard,1,3,21,11,5,5,52.4,38.2,49.7,48.9,4,29,3.9,72.8,0.5238,0.2381,10,0.3448,14.2,2.7,0.3636,0
DEMO-1787,Web Development,Medium,1,6,26,14,9,3,53.8,28.6,27.9,36.3,1,50,2.8,71.9,0.5385,0.1154,12,0.24,25.2,25.9,0.0714,1
DEMO-1788,Web Development,Hard,2,4,17,13,3,1,76.5,47.5,78.2,74.4,2,45,3.4,74.2,0.7647,0.0588,4,0.0889,29.0,0.0,0.1538,1
DEMO-1789,Data Science & Analytics,Easy,4,2,34,27,6,1,79.4,50.3,66.1,64.7,1,31,4.1,85.5,0.7941,0.0294,7,0.2258,29.1,13.3,0.037,1
DEMO-1790,Blockchain,Easy,3,5,12,6,6,0,50.0,19.4,35.9,44.8,3,33,3.6,75.0,0.5,0.0,6,0.1818,30.6,14.1,0.5,1
DEMO-1791,Internet of Things (IoT),Medium,2,6,25,19,6,0,76.0,50.3,57.9,54.9,0,24,3.7,78.1,0.76,0.0,6,0.25,25.7,18.1,0.0,1
DEMO-1792,Mobile Applications,Medium,3,2,43,31,8,4,72.1,32.2,47.7,42.7,5,32,2.7,72.8,0.7209,0.093,12,0.375,39.9,24.4,0.1613,1
DEMO-1793,Internet of Things (IoT),Medium,3,2,16,9,5,2,56.2,39.8,50.7,53.1,2,26,3.0,72.4,0.5625,0.125,7,0.2692,16.4,5.5,0.2222,1
DEMO-1794,Internet of Things (IoT),Medium,3,1,13,6,7,0,46.2,26.6,24.8,43.2,0,70,2.8,77.1,0.4615,0.0,7,0.1,19.6,21.4,0.0,1
DEMO-1795,Internet of Things (IoT),Hard,3,4,25,15,6,4,60.0,44.0,50.3,45.5,4,49,4.3,80.8,0.6,0.16,10,0.2041,16.0,9.7,0.2667,1
DEMO-1796,Machine Learning & AI,Medium,4,4,16,7,8,1,43.8,35.0,34.3,27.4,2,76,4.6,71.4,0.4375,0.0625,9,0.1184,8.8,9.5,0.2857,1
DEMO-1797,Data Science & Analytics,Easy,1,5,14,9,4,1,64.3,62.9,56.0,50.1,1,34,2.9,78.7,0.6429,0.0714,5,0.1471,1.4,8.3,0.1111,1
DEMO-1798,Machine Learning & AI,Medium,2,4,11,8,3,0,72.7,62.1,68.6,52.3,1,21,3.7,69.9,0.7273,0.0,3,0.1429,10.6,4.1,0.125,1
DEMO-1799,Cybersecurity,Hard,2,4,29,18,8,3,62.1,51.4,56.8,38.7,4,28,4.8,63.0,0.6207,0.1034,11,0.3929,10.7,5.3,0.2222,1
DEMO-1800,Cybersecurity,Medium,1,5,13,13,0,0,100.0,91.9,84.9,82.5,0,10,3.8,98.0,1.0,0.0,0,0.0,8.1,15.1,0.0,1
DEMO-1801,Blockchain,Medium,2,3,26,16,8,2,61.5,52.3,46.7,40.9,1,40,3.1,72.5,0.6154,0.0769,10,0.25,9.2,14.8,0.0625,1
DEMO-1802,Blockchain,Hard,1,4,19,3,14,2,15.8,0.0,10.9,10.2,4,73,2.6,68.6,0.1579,0.1053,16,0.2192,15.8,4.9,1.3333,0
DEMO-1803,Cloud Computing,Easy,4,1,26,14,10,2,53.8,45.4,38.5,53.2,1,53,3.4,71.6,0.5385,0.0769,12,0.2264,8.4,15.3,0.0714,1
DEMO-1804,Cybersecurity,Medium,2,1,38,25,10,3,65.8,38.6,45.2,59.4,5,31,4.4,76.7,0.6579,0.0789,13,0.4194,27.2,20.6,0.2,1
DEMO-1805,Cybersecurity,Medium,1,6,44,14,13,17,31.8,14.0,20.2,23.5,3,62,3.1,74.7,0.3182,0.3864,30,0.4839,17.8,11.6,0.2143,0
DEMO-1806,Internet of Things (IoT),Medium,2,4,33,14,11,8,42.4,19.0,21.4,32.6,4,48,2.8,76.8,0.4242,0.2424,19,0.3958,23.4,21.0,0.2857,0
DEMO-1807,Web Development,Hard,2,1,30,11,14,5,36.7,9.3,17.6,23.7,7,47,4.6,89.0,0.3667,0.1667,19,0.4043,27.4,19.1,0.6364,0
DEMO-1808,Machine Learning & AI,Easy,1,1,36,10,23,3,27.8,0.0,5.2,23.2,2,36,3.9,73.0,0.2778,0.0833,26,0.7222,27.8,22.6,0.2,0
DEMO-1809,Machine Learning & AI,Medium,1,4,10,4,5,1,40.0,8.5,22.0,38.8,0,39,2.6,71.1,0.4,0.1,6,0.1538,31.5,18.0,0.0,0
DEMO-1810,Internet of Things (IoT),Hard,3,4,11,6,3,2,54.5,49.7,53.6,44.8,5,37,5.0,71.8,0.5455,0.1818,5,0.1351,4.8,0.9,0.8333,1
DEMO-1811,Machine Learning & AI,Medium,1,5,11,9,2,0,81.8,67.0,77.2,68.3,0,31,3.6,85.6,0.8182,0.0,2,0.0645,14.8,4.6,0.0,1
DEMO-1812,Cybersecurity,Easy,2,6,38,14,23,1,36.8,23.8,23.0,18.5,4,73,4.3,72.2,0.3684,0.0263,24,0.3288,13.0,13.8,0.2857,1
DEMO-1813,Web Development,Medium,3,3,40,2,29,9,5.0,0.0,0.0,2.8,2,80,3.9,63.2,0.05,0.225,38,0.475,5.0,5.0,1.0,0
DEMO-1814,Machine Learning & AI,Medium,4,3,24,11,12,1,45.8,38.2,43.1,27.3,3,31,4.6,64.1,0.4583,0.0417,13,0.4194,7.6,2.7,0.2727,1
DEMO-1815,Web Development,Medium,2,5,23,16,5,2,69.6,58.0,49.5,51.3,2,7,5.0,90.5,0.6957,0.087,7,1.0,11.6,20.1,0.125,1
DEMO-1816,Internet of Things (IoT),Medium,3,3,28,9,19,0,32.1,16.0,1.2,20.8,3,63,3.3,75.7,0.3214,0.0,19,0.3016,16.1,30.9,0.3333,1
DEMO-1817,Mobile Applications,Easy,2,3,30,19,9,2,63.3,60.6,62.1,56.7,4,30,3.4,82.8,0.6333,0.0667,11,0.3667,2.7,1.2,0.2105,1
DEMO-1818,Cloud Computing,Medium,1,4,10,4,6,0,40.0,12.0,43.3,25.5,5,62,4.1,74.2,0.4,0.0,6,0.0968,28.0,0.0,1.25,0
DEMO-1819,Cloud Computing,Medium,2,6,45,32,11,2,71.1,50.7,63.5,47.4,2,54,3.4,70.5,0.7111,0.0444,13,0.2407,20.4,7.6,0.0625,1
DEMO-1820,Web Development,Hard,1,6,35,3,25,7,8.6,0.0,0.0,4.5,5,60,3.1,75.1,0.0857,0.2,32,0.5333,8.6,8.6,1.6667,0
DEMO-1821,Cloud Computing,Hard,3,3,27,21,2,4,77.8,50.1,45.5,76.7,4,43,4.7,81.4,0.7778,0.1481,6,0.1395,27.7,32.3,0.1905,1
DEMO-1822,Data Science & Analytics,Medium,3,1,29,3,19,7,10.3,0.0,0.0,10.1,4,104,4.9,79.2,0.1034,0.2414,26,0.25,10.3,10.3,1.3333,0
DEMO-1823,Mobile Applications,Easy,1,6,44,11,21,12,25.0,7.6,17.5,15.4,3,49,4.7,67.3,0.25,0.2727,33,0.6735,17.4,7.5,0.2727,0
DEMO-1824,Data Science & Analytics,Medium,2,4,21,17,4,0,81.0,57.0,83.7,42.9,2,31,4.1,77.8,0.8095,0.0,4,0.129,24.0,0.0,0.1176,1
DEMO-1825,Data Science & Analytics,Hard,3,1,31,27,3,1,87.1,72.5,85.2,59.7,2,27,3.2,98.0,0.871,0.0323,4,0.1481,14.6,1.9,0.0741,1
DEMO-1826,Machine Learning & AI,Medium,3,6,28,20,7,1,71.4,45.8,36.9,55.6,3,25,4.0,73.0,0.7143,0.0357,8,0.32,25.6,34.5,0.15,1
DEMO-1827,Web Development,Medium,3,2,38,10,27,1,26.3,24.0,0.8,17.2,1,61,4.6,79.7,0.2632,0.0263,28,0.459,2.3,25.5,0.1,1
DEMO-1828,Machine Learning & AI,Medium,1,3,22,8,11,3,36.4,4.3,35.0,27.9,3,47,4.7,68.9,0.3636,0.1364,14,0.2979,32.1,1.4,0.375,0
DEMO-1829,Web Development,Medium,2,2,33,28,4,1,84.8,49.3,62.4,43.0,0,19,3.7,84.7,0.8485,0.0303,5,0.2632,35.5,22.4,0.0,1
DEMO-1830,Cloud Computing,Easy,3,6,23,14,8,1,60.9,46.7,36.4,43.5,3,45,3.6,65.0,0.6087,0.0435,9,0.2,14.2,24.5,0.2143,1
DEMO-1831,Mobile Applications,Medium,3,4,44,37,6,1,84.1,72.6,65.7,48.7,1,8,3.5,98.0,0.8409,0.0227,7,0.875,11.5,18.4,0.027,1
DEMO-1832,Web Development,Hard,2,4,37,37,0,0,100.0,89.5,89.3,55.4,0,15,4.0,86.3,1.0,0.0,0,0.0,10.5,10.7,0.0,1
DEMO-1833,Internet of Things (IoT),Medium,2,2,22,2,16,4,9.1,15.9,2.8,5.1,2,105,3.1,64.8,0.0909,0.1818,20,0.1905,0.0,6.3,1.0,0
DEMO-1834,Cybersecurity,Hard,1,3,27,20,4,3,74.1,58.5,57.4,58.5,4,16,2.6,76.2,0.7407,0.1111,7,0.4375,15.6,16.7,0.2,1
DEMO-1835,Blockchain,Hard,1,4,32,2,20,10,6.2,0.0,0.0,6.0,4,83,2.8,58.6,0.0625,0.3125,30,0.3614,6.2,6.2,2.0,0
DEMO-1836,Machine Learning & AI,Hard,4,6,16,9,6,1,56.2,30.4,32.9,39.2,1,14,4.0,74.7,0.5625,0.0625,7,0.5,25.8,23.3,0.1111,1
DEMO-1837,Data Science & Analytics,Medium,1,4,43,22,13,8,51.2,17.6,33.1,36.9,7,47,3.7,81.0,0.5116,0.186,21,0.4468,33.6,18.1,0.3182,0
DEMO-1838,Data Science & Analytics,Easy,2,2,11,5,6,0,45.5,32.1,33.0,40.9,2,84,2.5,78.8,0.4545,0.0,6,0.0714,13.4,12.5,0.4,1
DEMO-1839,Cloud Computing,Medium,2,3,38,23,9,6,60.5,42.6,53.7,55.2,2,29,2.8,87.7,0.6053,0.1579,15,0.5172,17.9,6.8,0.087,1
DEMO-1840,Cybersecurity,Medium,1,5,25,16,7,2,64.0,40.3,48.5,46.5,1,27,2.6,85.1,0.64,0.08,9,0.3333,23.7,15.5,0.0625,1
DEMO-1841,Machine Learning & AI,Medium,2,4,23,16,6,1,69.6,52.9,71.3,43.3,2,65,3.4,74.6,0.6957,0.0435,7,0.1077,16.7,0.0,0.125,1
DEMO-1842,Data Science & Analytics,Hard,2,1,22,6,6,10,27.3,0.0,18.4,13.9,4,50,2.7,65.3,0.2727,0.4545,16,0.32,27.3,8.9,0.6667,0
DEMO-1843,Internet of Things (IoT),Hard,4,3,21,5,12,4,23.8,15.3,10.8,16.6,5,75,3.1,80.5,0.2381,0.1905,16,0.2133,8.5,13.0,1.0,0
DEMO-1844,Machine Learning & AI,Easy,1,4,15,12,3,0,80.0,61.0,64.3,65.5,0,31,2.6,98.0,0.8,0.0,3,0.0968,19.0,15.7,0.0,1
DEMO-1845,Web Development,Easy,3,3,36,29,6,1,80.6,59.2,69.4,78.4,2,18,4.3,90.1,0.8056,0.0278,7,0.3889,21.4,11.2,0.069,1
DEMO-1846,Blockchain,Medium,1,4,36,4,27,5,11.1,0.0,10.5,7.2,3,38,3.4,69.6,0.1111,0.1389,32,0.8421,11.1,0.6,0.75,0
DEMO-1847,Machine Learning & AI,Easy,2,6,41,27,12,2,65.9,41.1,48.2,59.5,4,22,3.5,71.7,0.6585,0.0488,14,0.6364,24.8,17.7,0.1481,1
DEMO-1848,Mobile Applications,Medium,1,1,15,1,13,1,6.7,0.0,0.0,4.8,6,55,4.8,70.0,0.0667,0.0667,14,0.2545,6.7,6.7,6.0,0
DEMO-1849,Data Science & Analytics,Hard,4,3,15,12,2,1,80.0,49.2,79.6,66.0,1,28,4.8,98.0,0.8,0.0667,3,0.1071,30.8,0.4,0.0833,1
DEMO-1850,Data Science & Analytics,Easy,1,6,12,5,5,2,41.7,7.5,37.8,24.2,5,69,4.9,64.8,0.4167,0.1667,7,0.1014,34.2,3.9,1.0,0
DEMO-1851,Blockchain,Medium,1,5,14,12,2,0,85.7,58.3,63.6,48.1,2,30,3.0,91.0,0.8571,0.0,2,0.0667,27.4,22.1,0.1667,1
DEMO-1852,Mobile Applications,Hard,2,4,30,23,3,4,76.7,64.5,83.7,54.7,1,14,2.8,85.9,0.7667,0.1333,7,0.5,12.2,0.0,0.0435,1
DEMO-1853,Cloud Computing,Medium,1,5,32,6,24,2,18.8,5.3,0.0,11.2,6,69,2.7,71.6,0.1875,0.0625,26,0.3768,13.5,18.8,1.0,0
DEMO-1854,Cybersecurity,Easy,1,3,28,9,10,9,32.1,1.6,2.0,26.2,2,113,2.5,58.8,0.3214,0.3214,19,0.1681,30.5,30.1,0.2222,0
DEMO-1855,Web Development,Medium,2,5,30,14,10,6,46.7,28.5,38.1,38.6,5,70,4.6,66.7,0.4667,0.2,16,0.2286,18.2,8.6,0.3571,1
DEMO-1856,Data Science & Analytics,Easy,3,5,33,10,23,0,30.3,15.7,13.8,22.3,5,51,4.8,74.4,0.303,0.0,23,0.451,14.6,16.5,0.5,0
DEMO-1857,Blockchain,Medium,3,3,11,7,3,1,63.6,59.0,60.7,44.2,0,32,2.6,92.0,0.6364,0.0909,4,0.125,4.6,2.9,0.0,1
DEMO-1858,Machine Learning & AI,Medium,2,6,16,3,12,1,18.8,0.0,0.0,16.4,2,97,4.1,67.1,0.1875,0.0625,13,0.134,18.8,18.8,0.6667,0
DEMO-1859,Web Development,Medium,3,1,17,4,13,0,23.5,10.0,0.0,17.6,1,76,2.5,74.4,0.2353,0.0,13,0.1711,13.5,23.5,0.25,1
DEMO-1860,Cybersecurity,Hard,4,1,37,3,23,11,8.1,0.0,0.0,6.0,6,106,3.7,61.9,0.0811,0.2973,34,0.3208,8.1,8.1,2.0,0
DEMO-1861,Mobile Applications,Medium,2,2,10,7,3,0,70.0,56.3,49.4,36.8,2,52,3.3,78.0,0.7,0.0,3,0.0577,13.7,20.6,0.2857,1
DEMO-1862,Cybersecurity,Easy,4,6,10,8,2,0,80.0,50.0,53.6,55.8,1,23,4.5,75.1,0.8,0.0,2,0.087,30.0,26.4,0.125,1
DEMO-1863,Cybersecurity,Medium,1,6,16,6,9,1,37.5,15.5,35.7,22.3,2,75,2.6,76.9,0.375,0.0625,10,0.1333,22.0,1.8,0.3333,1
DEMO-1864,Cloud Computing,Hard,3,3,16,3,11,2,18.8,0.0,0.0,12.4,6,107,4.7,46.8,0.1875,0.125,13,0.1215,18.8,18.8,2.0,0
DEMO-1865,Cloud Computing,Easy,3,1,25,21,3,1,84.0,72.6,82.5,81.7,1,61,3.0,84.5,0.84,0.04,4,0.0656,11.4,1.5,0.0476,1
DEMO-1866,Web Development,Medium,3,2,38,9,29,0,23.7,8.3,0.0,21.4,9,103,2.5,61.0,0.2368,0.0,29,0.2816,15.4,23.7,1.0,0
DEMO-1867,Data Science & Analytics,Hard,3,5,17,4,8,5,23.5,2.3,8.9,23.3,5,47,3.3,70.5,0.2353,0.2941,13,0.2766,21.2,14.6,1.25,0
DEMO-1868,Machine Learning & AI,Hard,4,5,16,13,2,1,81.2,57.2,63.4,62.3,1,39,3.7,97.8,0.8125,0.0625,3,0.0769,24.0,17.8,0.0769,1
DEMO-1869,Cybersecurity,Medium,3,2,39,3,35,1,7.7,0.0,0.0,6.5,5,98,2.7,63.1,0.0769,0.0256,36,0.3673,7.7,7.7,1.6667,0
DEMO-1870,Internet of Things (IoT),Hard,1,1,14,8,3,3,57.1,26.2,32.4,35.8,3,18,3.1,73.9,0.5714,0.2143,6,0.3333,30.9,24.7,0.375,0
DEMO-1871,Data Science & Analytics,Easy,4,4,23,7,16,0,30.4,14.7,0.0,22.0,1,123,3.2,78.6,0.3043,0.0,16,0.1301,15.7,30.4,0.1429,1
DEMO-1872,Data Science & Analytics,Easy,2,3,13,12,1,0,92.3,80.4,70.5,52.1,0,28,5.0,98.0,0.9231,0.0,1,0.0357,11.9,21.8,0.0,1
DEMO-1873,Web Development,Medium,2,6,11,8,3,0,72.7,57.6,52.7,65.5,1,16,3.2,73.7,0.7273,0.0,3,0.1875,15.1,20.0,0.125,1
DEMO-1874,Data Science & Analytics,Hard,3,6,44,39,5,0,88.6,62.5,72.6,79.6,0,21,2.5,87.2,0.8864,0.0,5,0.2381,26.1,16.0,0.0,1
DEMO-1875,Blockchain,Medium,3,5,25,6,18,1,24.0,17.2,7.0,15.1,1,77,4.9,67.6,0.24,0.04,19,0.2468,6.8,17.0,0.1667,1
DEMO-1876,Web Development,Hard,1,3,12,3,5,4,25.0,9.5,0.0,22.6,6,87,2.9,62.1,0.25,0.3333,9,0.1034,15.5,25.0,2.0,0
DEMO-1877,Machine Learning & AI,Hard,2,2,30,24,4,2,80.0,77.2,69.8,71.7,3,54,3.4,98.0,0.8,0.0667,6,0.1111,2.8,10.2,0.125,1
DEMO-1878,Mobile Applications,Medium,2,1,29,7,6,16,24.1,13.3,0.0,17.9,4,95,3.5,72.4,0.2414,0.5517,22,0.2316,10.8,24.1,0.5714,0
DEMO-1879,Mobile Applications,Medium,3,2,20,16,3,1,80.0,66.4,71.1,56.8,0,31,4.4,91.5,0.8,0.05,4,0.129,13.6,8.9,0.0,1
DEMO-1880,Machine Learning & AI,Medium,2,6,44,9,31,4,20.5,0.0,7.0,17.9,3,98,3.2,53.5,0.2045,0.0909,35,0.3571,20.5,13.5,0.3333,0
DEMO-1881,Machine Learning & AI,Hard,2,6,30,30,0,0,100.0,88.9,77.0,70.3,1,9,2.9,85.4,1.0,0.0,0,0.0,11.1,23.0,0.0333,1
DEMO-1882,Data Science & Analytics,Medium,2,4,25,9,11,5,36.0,2.1,20.7,23.8,6,44,4.6,64.7,0.36,0.2,16,0.3636,33.9,15.3,0.6667,0
DEMO-1883,Data Science & Analytics,Easy,1,5,38,10,25,3,26.3,21.0,24.4,18.2,1,56,2.8,75.0,0.2632,0.0789,28,0.5,5.3,1.9,0.1,1
DEMO-1884,Internet of Things (IoT),Easy,2,5,41,31,9,1,75.6,64.7,58.7,45.8,2,23,4.1,86.4,0.7561,0.0244,10,0.4348,10.9,16.9,0.0645,1
DEMO-1885,Web Development,Medium,4,4,40,40,0,0,100.0,58.6,100.0,87.5,1,12,2.7,84.9,1.0,0.0,0,0.0,41.4,0.0,0.025,1
DEMO-1886,Cloud Computing,Easy,3,5,44,21,20,3,47.7,34.6,33.6,31.9,4,86,4.1,62.6,0.4773,0.0682,23,0.2674,13.1,14.1,0.1905,1
DEMO-1887,Blockchain,Easy,3,6,27,27,0,0,100.0,71.8,85.5,73.5,1,9,4.1,98.0,1.0,0.0,0,0.0,28.2,14.5,0.037,1
DEMO-1888,Blockchain,Medium,3,5,41,6,20,15,14.6,15.3,0.0,7.5,2,90,4.8,68.1,0.1463,0.3659,35,0.3889,0.0,14.6,0.3333,0
DEMO-1889,Machine Learning & AI,Hard,2,3,26,12,9,5,46.2,16.4,38.0,34.1,2,50,4.2,78.4,0.4615,0.1923,14,0.28,29.8,8.2,0.1667,0
DEMO-1890,Mobile Applications,Medium,2,1,17,9,7,1,52.9,38.2,42.5,28.4,3,61,4.0,66.9,0.5294,0.0588,8,0.1311,14.7,10.4,0.3333,1
DEMO-1891,Machine Learning & AI,Easy,2,1,11,7,3,1,63.6,38.1,50.3,45.5,3,35,4.4,94.1,0.6364,0.0909,4,0.1143,25.5,13.3,0.4286,1
DEMO-1892,Web Development,Easy,2,5,32,31,1,0,96.9,84.0,94.0,53.6,0,10,3.9,98.0,0.9688,0.0,1,0.1,12.9,2.9,0.0,1
DEMO-1893,Cloud Computing,Medium,2,3,16,15,1,0,93.8,86.0,96.5,78.8,0,10,3.9,81.3,0.9375,0.0,1,0.1,7.8,0.0,0.0,1
DEMO-1894,Cloud Computing,Hard,2,2,40,23,7,10,57.5,44.5,35.0,46.9,2,57,2.6,77.8,0.575,0.25,17,0.2982,13.0,22.5,0.087,0
DEMO-1895,Machine Learning & AI,Hard,2,2,15,11,3,1,73.3,45.6,73.6,47.8,3,8,3.8,73.1,0.7333,0.0667,4,0.5,27.7,0.0,0.2727,1
DEMO-1896,Data Science & Analytics,Hard,2,2,42,33,5,4,78.6,63.4,75.9,70.3,0,16,4.8,89.4,0.7857,0.0952,9,0.5625,15.2,2.7,0.0,1
DEMO-1897,Data Science & Analytics,Medium,4,2,34,33,1,0,97.1,84.2,78.0,49.5,0,11,4.3,89.6,0.9706,0.0,1,0.0909,12.9,19.1,0.0,1
DEMO-1898,Mobile Applications,Easy,3,3,25,20,4,1,80.0,50.2,75.6,48.4,1,15,4.2,87.9,0.8,0.04,5,0.3333,29.8,4.4,0.05,1
DEMO-1899,Cybersecurity,Medium,2,4,24,24,0,0,100.0,68.4,97.8,99.9,2,5,3.0,85.7,1.0,0.0,0,0.0,31.6,2.2,0.0833,1
DEMO-1900,Data Science & Analytics,Easy,1,5,40,39,1,0,97.5,92.1,65.9,93.6,0,16,4.9,86.5,0.975,0.0,1,0.0625,5.4,31.6,0.0,1
DEMO-1901,Web Development,Medium,1,4,31,10,18,3,32.3,0.0,19.8,29.6,5,76,2.7,80.4,0.3226,0.0968,21,0.2763,32.3,12.5,0.5,0
DEMO-1902,Web Development,Hard,1,3,31,2,13,16,6.5,0.0,0.0,6.1,3,99,5.0,55.4,0.0645,0.5161,29,0.2929,6.5,6.5,1.5,0
DEMO-1903,Cybersecurity,Medium,2,3,34,9,22,3,26.5,19.9,8.1,19.9,3,54,4.5,81.2,0.2647,0.0882,25,0.463,6.6,18.4,0.3333,0
DEMO-1904,Cloud Computing,Hard,3,2,41,27,13,1,65.9,70.1,69.7,35.4,2,28,4.2,84.6,0.6585,0.0244,14,0.5,0.0,0.0,0.0741,1
DEMO-1905,Data Science & Analytics,Easy,1,4,45,31,12,2,68.9,31.6,38.4,60.8,1,60,3.7,67.9,0.6889,0.0444,14,0.2333,37.3,30.5,0.0323,1
DEMO-1906,Web Development,Medium,3,1,31,22,8,1,71.0,36.3,54.5,70.8,4,13,3.2,81.1,0.7097,0.0323,9,0.6923,34.7,16.5,0.1818,1
DEMO-1907,Mobile Applications,Medium,4,1,38,34,3,1,89.5,68.6,70.6,80.0,2,8,3.5,98.0,0.8947,0.0263,4,0.5,20.9,18.9,0.0588,1
DEMO-1908,Cloud Computing,Easy,2,1,30,6,23,1,20.0,11.2,9.5,14.5,3,98,3.9,68.8,0.2,0.0333,24,0.2449,8.8,10.5,0.5,0
DEMO-1909,Cybersecurity,Medium,2,5,37,31,4,2,83.8,55.0,78.8,78.1,2,11,3.0,78.4,0.8378,0.0541,6,0.5455,28.8,5.0,0.0645,1
DEMO-1910,Machine Learning & AI,Easy,1,2,33,20,8,5,60.6,42.4,57.8,48.0,0,33,4.5,73.9,0.6061,0.1515,13,0.3939,18.2,2.8,0.0,1
DEMO-1911,Blockchain,Medium,3,5,11,2,4,5,18.2,7.7,16.5,12.4,2,112,2.6,64.6,0.1818,0.4545,9,0.0804,10.5,1.7,1.0,0
DEMO-1912,Machine Learning & AI,Medium,3,4,25,14,10,1,56.0,26.5,44.4,38.6,3,33,3.6,57.3,0.56,0.04,11,0.3333,29.5,11.6,0.2143,1
DEMO-1913,Blockchain,Hard,5,5,35,31,3,1,88.6,50.9,62.0,83.0,4,12,2.6,83.2,0.8857,0.0286,4,0.3333,37.7,26.6,0.129,1
DEMO-1914,Web Development,Medium,2,5,38,19,13,6,50.0,48.0,21.6,32.2,4,30,4.4,86.4,0.5,0.1579,19,0.6333,2.0,28.4,0.2105,1
DEMO-1915,Blockchain,Medium,2,5,28,28,0,0,100.0,71.6,98.9,65.7,0,8,4.3,94.7,1.0,0.0,0,0.0,28.4,1.1,0.0,1
DEMO-1916,Data Science & Analytics,Hard,2,5,25,13,10,2,52.0,24.7,37.0,32.8,6,35,5.0,94.8,0.52,0.08,12,0.3429,27.3,15.0,0.4615,1
DEMO-1917,Web Development,Medium,2,1,17,10,6,1,58.8,41.9,47.2,34.2,4,14,4.5,78.4,0.5882,0.0588,7,0.5,16.9,11.6,0.4,1
DEMO-1918,Internet of Things (IoT),Easy,2,2,44,21,17,6,47.7,35.8,35.0,36.0,2,82,4.4,74.5,0.4773,0.1364,23,0.2805,11.9,12.7,0.0952,1
DEMO-1919,Cybersecurity,Easy,5,5,17,14,3,0,82.4,51.0,66.6,52.5,3,16,2.7,83.0,0.8235,0.0,3,0.1875,31.4,15.8,0.2143,1
DEMO-1920,Internet of Things (IoT),Easy,3,4,36,28,8,0,77.8,49.6,54.6,46.8,2,38,4.8,81.0,0.7778,0.0,8,0.2105,28.2,23.2,0.0714,1
DEMO-1921,Internet of Things (IoT),Medium,2,1,33,15,17,1,45.5,32.4,39.1,41.3,2,69,3.1,65.8,0.4545,0.0303,18,0.2609,13.1,6.4,0.1333,1
DEMO-1922,Internet of Things (IoT),Medium,1,4,32,24,8,0,75.0,41.9,58.8,53.3,1,23,3.4,82.8,0.75,0.0,8,0.3478,33.1,16.2,0.0417,1
DEMO-1923,Mobile Applications,Hard,2,2,16,7,6,3,43.8,25.9,21.8,37.0,4,54,4.1,87.3,0.4375,0.1875,9,0.1667,17.9,22.0,0.5714,0
DEMO-1924,Blockchain,Easy,1,1,19,14,4,1,73.7,51.7,48.8,60.9,3,49,2.6,85.8,0.7368,0.0526,5,0.102,22.0,24.9,0.2143,1
DEMO-1925,Blockchain,Hard,1,5,11,6,4,1,54.5,44.0,52.7,28.1,1,77,4.5,68.2,0.5455,0.0909,5,0.0649,10.5,1.8,0.1667,1
DEMO-1926,Data Science & Analytics,Medium,2,4,33,6,14,13,18.2,0.0,0.0,16.7,3,86,3.7,76.6,0.1818,0.3939,27,0.314,18.2,18.2,0.5,0
DEMO-1927,Mobile Applications,Hard,2,5,34,2,26,6,5.9,0.0,0.0,5.5,6,90,2.9,58.1,0.0588,0.1765,32,0.3556,5.9,5.9,3.0,0
DEMO-1928,Web Development,Medium,3,6,38,20,17,1,52.6,33.4,48.5,41.0,2,47,3.0,75.1,0.5263,0.0263,18,0.383,19.2,4.1,0.1,1
DEMO-1929,Cybersecurity,Hard,2,5,39,31,5,3,79.5,60.9,44.1,45.1,1,27,3.0,87.3,0.7949,0.0769,8,0.2963,18.6,35.4,0.0323,1
DEMO-1930,Web Development,Medium,2,6,36,20,15,1,55.6,30.3,41.7,43.3,2,91,3.0,58.8,0.5556,0.0278,16,0.1758,25.3,13.9,0.1,1
DEMO-1931,Cybersecurity,Medium,3,4,16,4,10,2,25.0,0.0,6.7,15.0,2,52,3.2,80.5,0.25,0.125,12,0.2308,25.0,18.3,0.5,0
DEMO-1932,Data Science & Analytics,Medium,2,2,27,22,3,2,81.5,76.1,74.3,73.6,2,49,4.1,78.4,0.8148,0.0741,5,0.102,5.4,7.2,0.0909,1
DEMO-1933,Machine Learning & AI,Easy,2,1,38,21,15,2,55.3,41.9,29.5,50.9,4,45,4.1,77.6,0.5526,0.0526,17,0.3778,13.4,25.8,0.1905,1
DEMO-1934,Cloud Computing,Easy,2,4,35,21,7,7,60.0,49.8,46.3,43.0,2,31,2.7,84.2,0.6,0.2,14,0.4516,10.2,13.7,0.0952,1
DEMO-1935,Internet of Things (IoT),Medium,2,2,45,18,24,3,40.0,11.7,27.3,37.6,5,60,4.1,77.7,0.4,0.0667,27,0.45,28.3,12.7,0.2778,1
DEMO-1936,Blockchain,Hard,5,1,24,9,12,3,37.5,11.7,17.0,34.4,6,75,2.9,74.8,0.375,0.125,15,0.2,25.8,20.5,0.6667,0
DEMO-1937,Cybersecurity,Easy,2,1,14,1,13,0,7.1,5.4,0.0,3.9,2,80,3.4,63.4,0.0714,0.0,13,0.1625,1.7,7.1,2.0,0
DEMO-1938,Cloud Computing,Medium,2,6,25,1,24,0,4.0,0.0,0.0,3.5,2,121,2.9,68.9,0.04,0.0,24,0.1983,4.0,4.0,2.0,0
DEMO-1939,Cybersecurity,Easy,3,3,45,33,8,4,73.3,54.2,53.9,40.5,3,46,2.6,75.9,0.7333,0.0889,12,0.2609,19.1,19.4,0.0909,1
DEMO-1940,Mobile Applications,Hard,3,1,23,15,7,1,65.2,54.2,47.8,62.2,1,29,3.1,85.2,0.6522,0.0435,8,0.2759,11.0,17.4,0.0667,1
DEMO-1941,Blockchain,Medium,4,6,32,5,22,5,15.6,0.0,15.5,12.1,5,99,3.4,50.0,0.1562,0.1562,27,0.2727,15.6,0.1,1.0,0
DEMO-1942,Data Science & Analytics,Hard,2,6,21,1,14,6,4.8,0.0,0.0,4.5,3,89,4.8,60.6,0.0476,0.2857,20,0.2247,4.8,4.8,3.0,0
DEMO-1943,Internet of Things (IoT),Medium,5,5,41,20,19,2,48.8,29.8,33.4,46.8,2,59,4.2,76.9,0.4878,0.0488,21,0.3559,19.0,15.4,0.1,1
DEMO-1944,Web Development,Medium,4,4,39,2,29,8,5.1,0.0,0.0,3.1,3,72,2.8,63.8,0.0513,0.2051,37,0.5139,5.1,5.1,1.5,0
DEMO-1945,Mobile Applications,Easy,2,4,45,25,17,3,55.6,46.0,55.0,37.5,2,84,3.7,82.0,0.5556,0.0667,20,0.2381,9.6,0.6,0.08,1
DEMO-1946,Machine Learning & AI,Medium,2,1,31,11,14,6,35.5,5.5,11.5,24.0,4,36,3.4,74.0,0.3548,0.1935,20,0.5556,30.0,24.0,0.3636,0
DEMO-1947,Internet of Things (IoT),Medium,4,3,13,9,3,1,69.2,54.8,55.7,43.9,0,28,4.0,69.1,0.6923,0.0769,4,0.1429,14.4,13.5,0.0,1
DEMO-1948,Mobile Applications,Easy,1,6,16,11,4,1,68.8,46.8,57.5,53.4,0,29,3.0,59.8,0.6875,0.0625,5,0.1724,22.0,11.3,0.0,1
DEMO-1949,Web Development,Medium,2,1,38,2,35,1,5.3,0.0,0.4,5.0,5,71,2.8,56.3,0.0526,0.0263,36,0.507,5.3,4.9,2.5,0
DEMO-1950,Data Science & Analytics,Medium,1,6,41,10,26,5,24.4,11.4,1.8,14.2,1,117,3.0,60.1,0.2439,0.122,31,0.265,13.0,22.6,0.1,0
DEMO-1951,Internet of Things (IoT),Medium,3,5,29,12,15,2,41.4,19.7,41.4,36.1,4,35,2.8,85.0,0.4138,0.069,17,0.4857,21.7,0.0,0.3333,0
DEMO-1952,Cybersecurity,Medium,2,2,40,31,8,1,77.5,40.9,74.2,76.0,2,7,4.9,65.3,0.775,0.025,9,1.2857,36.6,3.3,0.0645,1
DEMO-1953,Internet of Things (IoT),Easy,3,6,29,22,7,0,75.9,63.8,62.6,68.4,2,13,2.9,94.0,0.7586,0.0,7,0.5385,12.1,13.3,0.0909,1
DEMO-1954,Cybersecurity,Hard,3,6,39,7,29,3,17.9,0.0,0.0,9.0,5,70,4.7,69.4,0.1795,0.0769,32,0.4571,17.9,17.9,0.7143,0
DEMO-1955,Internet of Things (IoT),Easy,2,6,20,17,2,1,85.0,50.0,61.5,45.8,1,29,2.9,86.3,0.85,0.05,3,0.1034,35.0,23.5,0.0588,1
DEMO-1956,Data Science & Analytics,Easy,3,4,30,22,6,2,73.3,66.6,42.9,64.6,1,54,2.9,81.6,0.7333,0.0667,8,0.1481,6.7,30.4,0.0455,1
DEMO-1957,Cloud Computing,Easy,2,6,19,11,7,1,57.9,35.1,32.2,55.2,7,15,4.8,80.2,0.5789,0.0526,8,0.5333,22.8,25.7,0.6364,1
DEMO-1958,Data Science & Analytics,Easy,1,3,16,7,8,1,43.8,13.5,6.5,37.7,3,42,4.3,75.6,0.4375,0.0625,9,0.2143,30.3,37.3,0.4286,0
DEMO-1959,Mobile Applications,Easy,1,6,33,12,19,2,36.4,22.5,20.0,28.9,2,70,3.7,62.3,0.3636,0.0606,21,0.3,13.9,16.4,0.1667,1
DEMO-1960,Cybersecurity,Easy,2,5,11,11,0,0,100.0,73.9,89.4,51.2,1,24,4.6,98.0,1.0,0.0,0,0.0,26.1,10.6,0.0909,1
DEMO-1961,Cybersecurity,Easy,3,4,24,20,2,2,83.3,45.5,71.5,59.1,0,24,3.0,92.2,0.8333,0.0833,4,0.1667,37.8,11.8,0.0,1
DEMO-1962,Blockchain,Easy,4,4,17,13,4,0,76.5,59.7,58.0,48.5,0,12,3.7,89.1,0.7647,0.0,4,0.3333,16.8,18.5,0.0,1
DEMO-1963,Data Science & Analytics,Medium,2,2,16,12,4,0,75.0,55.5,61.2,43.1,1,47,3.0,68.4,0.75,0.0,4,0.0851,19.5,13.8,0.0833,1
DEMO-1964,Cloud Computing,Medium,2,5,44,24,15,5,54.5,32.5,32.9,54.4,3,52,5.0,80.9,0.5455,0.1136,20,0.3846,22.0,21.6,0.125,1
DEMO-1965,Internet of Things (IoT),Easy,3,1,38,5,22,11,13.2,7.5,0.0,12.3,2,115,2.7,61.1,0.1316,0.2895,33,0.287,5.7,13.2,0.4,0
DEMO-1966,Mobile Applications,Medium,2,5,21,17,3,1,81.0,72.6,59.3,42.8,0,9,4.2,91.5,0.8095,0.0476,4,0.4444,8.4,21.7,0.0,1
DEMO-1967,Internet of Things (IoT),Medium,2,5,36,19,11,6,52.8,46.8,48.7,27.1,2,39,4.0,62.3,0.5278,0.1667,17,0.4359,6.0,4.1,0.1053,1
DEMO-1968,Cloud Computing,Medium,1,3,44,17,26,1,38.6,16.7,11.8,31.4,5,55,4.1,68.2,0.3864,0.0227,27,0.4909,21.9,26.8,0.2941,1
DEMO-1969,Web Development,Easy,2,4,13,9,4,0,69.2,44.5,59.2,40.2,4,20,3.5,89.7,0.6923,0.0,4,0.2,24.7,10.0,0.4444,1
DEMO-1970,Web Development,Medium,2,3,45,11,27,7,24.4,0.0,0.0,12.6,4,49,3.0,58.5,0.2444,0.1556,34,0.6939,24.4,24.4,0.3636,0
DEMO-1971,Blockchain,Easy,2,5,37,13,21,3,35.1,30.6,31.5,26.4,3,62,3.0,68.9,0.3514,0.0811,24,0.3871,4.5,3.6,0.2308,1
DEMO-1972,Web Development,Easy,1,4,24,11,8,5,45.8,25.3,28.2,28.3,2,98,4.4,73.4,0.4583,0.2083,13,0.1327,20.5,17.6,0.1818,1
DEMO-1973,Cloud Computing,Medium,3,1,25,16,6,3,64.0,56.1,36.6,51.9,2,46,5.0,76.5,0.64,0.12,9,0.1957,7.9,27.4,0.125,1
DEMO-1974,Internet of Things (IoT),Medium,1,2,41,11,23,7,26.8,17.0,0.0,19.9,1,87,4.7,64.1,0.2683,0.1707,30,0.3448,9.8,26.8,0.0909,0
DEMO-1975,Web Development,Medium,4,3,11,1,9,1,9.1,0.0,0.0,6.7,4,123,3.9,58.4,0.0909,0.0909,10,0.0813,9.1,9.1,4.0,0
DEMO-1976,Cybersecurity,Medium,3,5,22,18,3,1,81.8,58.2,82.0,43.4,0,16,3.8,86.5,0.8182,0.0455,4,0.25,23.6,0.0,0.0,1
DEMO-1977,Machine Learning & AI,Hard,4,6,15,15,0,0,100.0,67.7,96.8,66.9,3,8,4.6,86.8,1.0,0.0,0,0.0,32.3,3.2,0.2,1
DEMO-1978,Blockchain,Easy,2,2,38,34,3,1,89.5,66.0,80.9,86.6,0,8,4.3,91.3,0.8947,0.0263,4,0.5,23.5,8.6,0.0,1
DEMO-1979,Machine Learning & AI,Medium,3,6,34,24,9,1,70.6,60.6,45.0,46.9,1,23,2.9,85.3,0.7059,0.0294,10,0.4348,10.0,25.6,0.0417,1
DEMO-1980,Internet of Things (IoT),Hard,3,3,27,22,5,0,81.5,54.9,57.1,56.1,3,24,3.9,86.0,0.8148,0.0,5,0.2083,26.6,24.4,0.1364,1
DEMO-1981,Cloud Computing,Medium,1,4,43,12,23,8,27.9,10.5,10.0,15.4,3,46,3.1,54.8,0.2791,0.186,31,0.6739,17.4,17.9,0.25,0
DEMO-1982,Cybersecurity,Medium,2,6,36,27,5,4,75.0,58.2,53.5,68.4,1,17,4.9,73.3,0.75,0.1111,9,0.5294,16.8,21.5,0.037,1
DEMO-1983,Blockchain,Hard,2,1,10,5,4,1,50.0,36.3,34.2,30.2,4,59,2.8,88.7,0.5,0.1,5,0.0847,13.7,15.8,0.8,0
DEMO-1984,Blockchain,Hard,3,4,41,36,4,1,87.8,53.3,80.6,83.1,3,25,3.1,89.4,0.878,0.0244,5,0.2,34.5,7.2,0.0833,1
DEMO-1985,Data Science & Analytics,Medium,3,5,26,4,16,6,15.4,5.5,0.0,8.9,2,77,3.4,62.2,0.1538,0.2308,22,0.2857,9.9,15.4,0.5,0
DEMO-1986,Web Development,Easy,1,2,16,3,9,4,18.8,13.4,0.0,17.6,2,95,3.3,66.3,0.1875,0.25,13,0.1368,5.4,18.8,0.6667,0
DEMO-1987,Internet of Things (IoT),Easy,2,4,32,2,28,2,6.2,0.0,0.0,3.3,4,102,4.1,63.9,0.0625,0.0625,30,0.2941,6.2,6.2,2.0,0
DEMO-1988,Internet of Things (IoT),Medium,2,2,22,15,4,3,68.2,38.2,48.9,34.3,1,39,3.5,68.3,0.6818,0.1364,7,0.1795,30.0,19.3,0.0667,1
DEMO-1989,Internet of Things (IoT),Hard,1,4,41,9,20,12,22.0,0.5,10.8,18.5,8,77,3.1,62.1,0.2195,0.2927,32,0.4156,21.5,11.2,0.8889,0
DEMO-1990,Mobile Applications,Hard,3,4,18,7,9,2,38.9,18.4,24.6,23.8,3,45,2.6,67.4,0.3889,0.1111,11,0.2444,20.5,14.3,0.4286,0
DEMO-1991,Machine Learning & AI,Medium,1,3,15,11,2,2,73.3,67.8,58.6,71.6,0,41,3.2,73.8,0.7333,0.1333,4,0.0976,5.5,14.7,0.0,1
DEMO-1992,Cybersecurity,Hard,1,1,11,9,2,0,81.8,74.3,69.4,45.9,1,24,3.4,98.0,0.8182,0.0,2,0.0833,7.5,12.4,0.1111,1
DEMO-1993,Internet of Things (IoT),Medium,3,3,33,16,15,2,48.5,33.5,41.2,27.7,0,36,2.5,66.0,0.4848,0.0606,17,0.4722,15.0,7.3,0.0,1
DEMO-1994,Web Development,Medium,1,5,17,15,2,0,88.2,58.7,78.6,51.1,0,13,4.2,95.9,0.8824,0.0,2,0.1538,29.5,9.6,0.0,1
DEMO-1995,Cloud Computing,Hard,3,6,37,9,19,9,24.3,12.4,29.7,23.6,6,70,2.7,67.6,0.2432,0.2432,28,0.4,11.9,0.0,0.6667,0
DEMO-1996,Cybersecurity,Easy,2,3,15,6,6,3,40.0,41.3,5.4,26.7,1,44,4.7,67.0,0.4,0.2,9,0.2045,0.0,34.6,0.1667,1
DEMO-1997,Web Development,Hard,5,1,19,18,1,0,94.7,68.6,70.8,53.9,3,32,3.0,95.0,0.9474,0.0,1,0.0312,26.1,23.9,0.1667,1
DEMO-1998,Web Development,Medium,4,3,30,5,19,6,16.7,13.1,0.0,9.3,1,54,4.5,69.9,0.1667,0.2,25,0.463,3.6,16.7,0.2,0
DEMO-1999,Machine Learning & AI,Medium,4,2,15,4,9,2,26.7,7.3,19.5,14.6,3,64,4.9,76.8,0.2667,0.1333,11,0.1719,19.4,7.2,0.75,0
DEMO-2000,Cloud Computing,Medium,2,4,22,14,8,0,63.6,42.5,42.5,62.1,3,29,4.5,68.7,0.6364,0.0,8,0.2759,21.1,21.1,0.2143,1
DEMO-2001,Cybersecurity,Medium,1,1,34,12,20,2,35.3,8.4,20.2,29.7,1,89,4.7,69.3,0.3529,0.0588,22,0.2472,26.9,15.1,0.0833,1
DEMO-2002,Machine Learning & AI,Medium,4,5,20,10,9,1,50.0,31.9,36.6,25.3,1,36,4.8,69.0,0.5,0.05,10,0.2778,18.1,13.4,0.1,1
DEMO-2003,Blockchain,Medium,2,5,17,11,6,0,64.7,37.8,44.3,38.7,3,19,3.7,83.6,0.6471,0.0,6,0.3158,26.9,20.4,0.2727,1
DEMO-2004,Internet of Things (IoT),Hard,1,5,28,1,15,12,3.6,0.0,0.0,2.0,5,52,3.3,70.3,0.0357,0.4286,27,0.5192,3.6,3.6,5.0,0
DEMO-2005,Data Science & Analytics,Easy,2,4,28,26,2,0,92.9,70.3,84.4,82.3,2,10,3.3,83.2,0.9286,0.0,2,0.2,22.6,8.5,0.0769,1
DEMO-2006,Blockchain,Medium,2,4,20,10,9,1,50.0,39.7,30.9,29.8,2,56,4.0,53.5,0.5,0.05,10,0.1786,10.3,19.1,0.2,1
DEMO-2007,Cybersecurity,Medium,3,6,16,14,2,0,87.5,78.5,72.7,62.6,1,12,4.5,92.1,0.875,0.0,2,0.1667,9.0,14.8,0.0714,1
DEMO-2008,Data Science & Analytics,Hard,1,3,21,15,4,2,71.4,50.7,41.9,54.5,1,15,3.0,88.0,0.7143,0.0952,6,0.4,20.7,29.5,0.0667,1
DEMO-2009,Data Science & Analytics,Medium,3,6,45,14,26,5,31.1,5.3,7.6,30.5,7,77,4.5,75.3,0.3111,0.1111,31,0.4026,25.8,23.5,0.5,0
DEMO-2010,Internet of Things (IoT),Easy,1,4,42,26,11,5,61.9,49.4,33.2,39.3,3,55,3.0,85.7,0.619,0.119,16,0.2909,12.5,28.7,0.1154,1
DEMO-2011,Cybersecurity,Medium,3,1,35,11,22,2,31.4,25.0,16.4,24.4,4,45,3.6,76.7,0.3143,0.0571,24,0.5333,6.4,15.0,0.3636,1
DEMO-2012,Blockchain,Easy,4,5,39,13,9,17,33.3,4.4,5.6,29.4,2,91,4.3,43.8,0.3333,0.4359,26,0.2857,28.9,27.7,0.1538,0
DEMO-2013,Cloud Computing,Medium,2,1,43,34,6,3,79.1,75.0,52.3,61.5,1,16,3.0,75.7,0.7907,0.0698,9,0.5625,4.1,26.8,0.0294,1
DEMO-2014,Machine Learning & AI,Hard,1,4,45,19,24,2,42.2,22.5,14.1,23.0,4,84,3.7,62.9,0.4222,0.0444,26,0.3095,19.7,28.1,0.2105,0
DEMO-2015,Internet of Things (IoT),Medium,1,6,40,30,8,2,75.0,62.7,67.4,46.8,4,17,3.5,82.8,0.75,0.05,10,0.5882,12.3,7.6,0.1333,1
DEMO-2016,Internet of Things (IoT),Medium,2,5,44,17,20,7,38.6,7.0,14.9,21.2,2,67,3.9,71.6,0.3864,0.1591,27,0.403,31.6,23.7,0.1176,0
DEMO-2017,Blockchain,Medium,3,2,21,5,13,3,23.8,0.0,5.6,14.7,1,54,4.5,54.2,0.2381,0.1429,16,0.2963,23.8,18.2,0.2,0
DEMO-2018,Mobile Applications,Medium,2,4,12,12,0,0,100.0,65.0,75.6,94.3,0,4,2.6,77.5,1.0,0.0,0,0.0,35.0,24.4,0.0,1
DEMO-2019,Machine Learning & AI,Medium,2,5,31,16,12,3,51.6,45.3,29.2,36.3,1,79,3.5,67.0,0.5161,0.0968,15,0.1899,6.3,22.4,0.0625,1
DEMO-2020,Cybersecurity,Medium,3,4,45,20,21,4,44.4,15.3,35.7,41.9,6,44,4.8,73.6,0.4444,0.0889,25,0.5682,29.1,8.7,0.3,0
DEMO-2021,Cybersecurity,Medium,1,5,27,10,10,7,37.0,18.3,2.9,28.4,3,83,4.8,70.8,0.3704,0.2593,17,0.2048,18.7,34.1,0.3,1
DEMO-2022,Data Science & Analytics,Medium,2,5,20,6,10,4,30.0,12.4,16.6,22.8,2,97,3.3,78.9,0.3,0.2,14,0.1443,17.6,13.4,0.3333,0
DEMO-2023,Mobile Applications,Hard,3,6,10,8,0,2,80.0,61.7,59.5,59.6,1,6,4.1,82.2,0.8,0.2,2,0.3333,18.3,20.5,0.125,1
DEMO-2024,Web Development,Medium,2,3,17,4,11,2,23.5,0.0,1.9,17.7,3,116,4.5,64.5,0.2353,0.1176,13,0.1121,23.5,21.6,0.75,0
DEMO-2025,Cloud Computing,Easy,3,3,28,9,16,3,32.1,7.0,22.9,26.7,3,102,4.4,67.5,0.3214,0.1071,19,0.1863,25.1,9.2,0.3333,0
DEMO-2026,Web Development,Hard,2,3,40,13,16,11,32.5,22.2,31.0,30.5,8,100,4.7,66.9,0.325,0.275,27,0.27,10.3,1.5,0.6154,0
DEMO-2027,Mobile Applications,Medium,2,6,20,7,11,2,35.0,18.5,17.9,28.3,2,72,3.3,65.0,0.35,0.1,13,0.1806,16.5,17.1,0.2857,1
DEMO-2028,Cloud Computing,Medium,1,5,22,12,9,1,54.5,25.4,37.3,38.2,3,42,3.9,80.0,0.5455,0.0455,10,0.2381,29.1,17.2,0.25,1
DEMO-2029,Mobile Applications,Medium,3,5,45,14,28,3,31.1,6.5,28.0,29.0,4,113,2.6,60.3,0.3111,0.0667,31,0.2743,24.6,3.1,0.2857,0
DEMO-2030,Internet of Things (IoT),Hard,2,6,28,15,11,2,53.6,42.2,29.7,51.4,4,74,3.0,64.7,0.5357,0.0714,13,0.1757,11.4,23.9,0.2667,0
DEMO-2031,Data Science & Analytics,Easy,1,4,23,18,5,0,78.3,72.9,65.5,54.0,1,12,4.0,84.3,0.7826,0.0,5,0.4167,5.4,12.8,0.0556,1
DEMO-2032,Internet of Things (IoT),Medium,3,2,27,18,7,2,66.7,53.5,56.7,37.8,1,21,3.3,79.9,0.6667,0.0741,9,0.4286,13.2,10.0,0.0556,1
DEMO-2033,Machine Learning & AI,Medium,2,6,27,26,1,0,96.3,93.9,90.4,61.1,0,17,3.8,81.8,0.963,0.0,1,0.0588,2.4,5.9,0.0,1
DEMO-2034,Blockchain,Medium,1,4,43,15,23,5,34.9,27.7,9.7,29.4,5,50,3.2,68.9,0.3488,0.1163,28,0.56,7.2,25.2,0.3333,0
DEMO-2035,Data Science & Analytics,Easy,2,3,19,9,9,1,47.4,35.0,44.9,38.2,1,64,2.8,77.4,0.4737,0.0526,10,0.1562,12.4,2.5,0.1111,1
DEMO-2036,Internet of Things (IoT),Medium,1,5,11,6,4,1,54.5,15.7,35.8,40.3,7,40,4.7,74.4,0.5455,0.0909,5,0.125,38.8,18.7,1.1667,1
DEMO-2037,Internet of Things (IoT),Medium,3,2,21,15,4,2,71.4,49.6,58.9,63.5,1,4,3.8,93.8,0.7143,0.0952,6,1.5,21.8,12.5,0.0667,1
DEMO-2038,Data Science & Analytics,Medium,4,4,14,8,6,0,57.1,36.7,64.6,51.4,1,40,3.3,81.2,0.5714,0.0,6,0.15,20.4,0.0,0.125,1
DEMO-2039,Cloud Computing,Easy,2,4,33,26,7,0,78.8,50.8,71.1,52.7,1,15,2.8,93.9,0.7879,0.0,7,0.4667,28.0,7.7,0.0385,1
DEMO-2040,Web Development,Hard,3,1,21,16,4,1,76.2,70.8,80.4,62.2,2,18,3.8,74.9,0.7619,0.0476,5,0.2778,5.4,0.0,0.125,1
DEMO-2041,Web Development,Hard,2,2,22,6,13,3,27.3,5.4,21.1,20.7,6,55,4.1,59.7,0.2727,0.1364,16,0.2909,21.9,6.2,1.0,0
DEMO-2042,Internet of Things (IoT),Hard,1,3,37,37,0,0,100.0,85.2,93.2,70.7,1,14,4.9,98.0,1.0,0.0,0,0.0,14.8,6.8,0.027,1
DEMO-2043,Cybersecurity,Easy,2,1,10,3,5,2,30.0,19.2,19.4,24.5,2,77,3.4,64.1,0.3,0.2,7,0.0909,10.8,10.6,0.6667,0
DEMO-2044,Blockchain,Medium,1,6,13,3,10,0,23.1,2.7,12.5,22.9,3,92,2.8,65.2,0.2308,0.0,10,0.1087,20.4,10.6,1.0,0
DEMO-2045,Cybersecurity,Hard,2,6,26,18,2,6,69.2,55.5,44.3,52.1,0,22,4.5,98.0,0.6923,0.2308,8,0.3636,13.7,24.9,0.0,1
DEMO-2046,Cloud Computing,Hard,2,3,15,7,3,5,46.7,14.3,31.0,26.4,6,50,4.0,68.0,0.4667,0.3333,8,0.16,32.4,15.7,0.8571,0
DEMO-2047,Mobile Applications,Easy,4,6,32,19,12,1,59.4,49.6,37.3,54.5,2,18,3.9,71.6,0.5938,0.0312,13,0.7222,9.8,22.1,0.1053,1
DEMO-2048,Web Development,Easy,5,6,23,3,17,3,13.0,0.0,12.9,11.4,4,108,4.3,50.9,0.1304,0.1304,20,0.1852,13.0,0.1,1.3333,0
DEMO-2049,Machine Learning & AI,Hard,1,3,33,23,4,6,69.7,59.1,51.3,67.1,0,30,4.2,85.8,0.697,0.1818,10,0.3333,10.6,18.4,0.0,1
DEMO-2050,Internet of Things (IoT),Medium,3,2,14,1,11,2,7.1,0.0,0.0,3.6,5,109,3.4,69.0,0.0714,0.1429,13,0.1193,7.1,7.1,5.0,0
DEMO-2051,Internet of Things (IoT),Medium,2,1,14,6,6,2,42.9,22.3,18.8,31.1,4,39,3.4,71.5,0.4286,0.1429,8,0.2051,20.6,24.1,0.6667,1
DEMO-2052,Blockchain,Medium,1,2,20,12,6,2,60.0,30.0,55.6,44.6,3,71,4.8,85.8,0.6,0.1,8,0.1127,30.0,4.4,0.25,1
DEMO-2053,Web Development,Hard,5,2,11,9,2,0,81.8,62.4,62.6,51.9,3,51,3.7,98.0,0.8182,0.0,2,0.0392,19.4,19.2,0.3333,1
DEMO-2054,Mobile Applications,Hard,3,6,10,1,8,1,10.0,0.0,0.0,8.1,4,105,3.1,69.0,0.1,0.1,9,0.0857,10.0,10.0,4.0,0
DEMO-2055,Blockchain,Medium,2,4,14,11,3,0,78.6,53.0,78.0,74.7,2,5,2.5,98.0,0.7857,0.0,3,0.6,25.6,0.6,0.1818,1
DEMO-2056,Mobile Applications,Medium,2,2,15,6,9,0,40.0,18.0,39.0,20.8,5,63,2.6,69.0,0.4,0.0,9,0.1429,22.0,1.0,0.8333,0
DEMO-2057,Internet of Things (IoT),Easy,2,2,18,14,3,1,77.8,58.1,69.1,58.0,1,20,3.8,86.6,0.7778,0.0556,4,0.2,19.7,8.7,0.0714,1
DEMO-2058,Cloud Computing,Easy,1,1,39,9,20,10,23.1,0.0,19.6,12.6,5,48,4.3,67.6,0.2308,0.2564,30,0.625,23.1,3.5,0.5556,0
DEMO-2059,Blockchain,Medium,2,3,39,29,9,1,74.4,47.9,55.4,65.8,3,34,4.9,64.3,0.7436,0.0256,10,0.2941,26.5,19.0,0.1034,1
DEMO-2060,Internet of Things (IoT),Medium,4,5,28,16,12,0,57.1,44.9,61.1,51.0,4,27,2.5,88.4,0.5714,0.0,12,0.4444,12.2,0.0,0.25,1
DEMO-2061,Data Science & Analytics,Medium,2,3,22,18,3,1,81.8,57.4,60.3,43.1,1,21,3.8,74.3,0.8182,0.0455,4,0.1905,24.4,21.5,0.0556,1
DEMO-2062,Machine Learning & AI,Hard,5,6,25,24,1,0,96.0,92.0,73.0,78.6,0,20,4.7,80.4,0.96,0.0,1,0.05,4.0,23.0,0.0,1
DEMO-2063,Mobile Applications,Easy,3,5,11,4,6,1,36.4,13.4,35.2,25.6,5,44,2.5,73.8,0.3636,0.0909,7,0.1591,23.0,1.2,1.25,0
DEMO-2064,Data Science & Analytics,Hard,4,2,33,8,20,5,24.2,10.6,26.4,16.9,6,84,3.8,59.6,0.2424,0.1515,25,0.2976,13.6,0.0,0.75,0
DEMO-2065,Cloud Computing,Easy,2,2,32,29,2,1,90.6,70.9,76.5,71.7,1,20,4.1,89.9,0.9062,0.0312,3,0.15,19.7,14.1,0.0345,1
DEMO-2066,Internet of Things (IoT),Medium,2,1,34,22,9,3,64.7,42.9,62.9,54.2,3,22,4.7,72.5,0.6471,0.0882,12,0.5455,21.8,1.8,0.1364,1
DEMO-2067,Web Development,Medium,3,1,32,22,6,4,68.8,42.2,50.6,37.0,1,24,3.4,89.8,0.6875,0.125,10,0.4167,26.6,18.2,0.0455,1
DEMO-2068,Cybersecurity,Medium,2,2,24,18,5,1,75.0,43.4,40.8,66.5,3,24,3.0,81.6,0.75,0.0417,6,0.25,31.6,34.2,0.1667,1
DEMO-2069,Cybersecurity,Medium,3,4,13,9,4,0,69.2,33.1,56.3,45.7,4,41,2.7,77.4,0.6923,0.0,4,0.0976,36.1,12.9,0.4444,1
DEMO-2070,Data Science & Analytics,Medium,4,2,28,15,10,3,53.6,42.1,34.7,33.3,3,64,3.5,71.8,0.5357,0.1071,13,0.2031,11.5,18.9,0.2,1
DEMO-2071,Internet of Things (IoT),Easy,2,6,29,22,5,2,75.9,67.0,58.8,48.0,2,34,3.4,84.5,0.7586,0.069,7,0.2059,8.9,17.1,0.0909,1
DEMO-2072,Internet of Things (IoT),Easy,4,3,43,14,21,8,32.6,0.0,9.3,26.5,5,71,3.2,78.2,0.3256,0.186,29,0.4085,32.6,23.3,0.3571,0
DEMO-2073,Machine Learning & AI,Hard,1,4,35,16,15,4,45.7,45.0,30.7,29.6,2,41,4.1,64.3,0.4571,0.1143,19,0.4634,0.7,15.0,0.125,0
DEMO-2074,Cybersecurity,Easy,1,4,26,19,5,2,73.1,49.6,56.5,45.7,1,25,3.6,91.4,0.7308,0.0769,7,0.28,23.5,16.6,0.0526,1
DEMO-2075,Internet of Things (IoT),Easy,2,5,21,15,6,0,71.4,48.3,73.0,67.1,2,31,3.3,73.0,0.7143,0.0,6,0.1935,23.1,0.0,0.1333,1
DEMO-2076,Cybersecurity,Medium,1,3,16,4,8,4,25.0,8.5,16.8,14.6,2,102,3.8,56.5,0.25,0.25,12,0.1176,16.5,8.2,0.5,1
DEMO-2077,Cybersecurity,Medium,2,6,10,8,2,0,80.0,69.6,63.9,73.4,0,19,4.6,83.9,0.8,0.0,2,0.1053,10.4,16.1,0.0,1
DEMO-2078,Cloud Computing,Medium,4,3,10,10,0,0,100.0,88.8,87.3,91.4,0,16,4.0,82.2,1.0,0.0,0,0.0,11.2,12.7,0.0,1
DEMO-2079,Cloud Computing,Easy,3,2,39,15,15,9,38.5,12.2,17.7,32.1,6,39,4.7,79.1,0.3846,0.2308,24,0.6154,26.3,20.8,0.4,0
DEMO-2080,Web Development,Medium,1,3,22,8,14,0,36.4,14.1,10.5,19.1,4,41,2.5,91.9,0.3636,0.0,14,0.3415,22.3,25.9,0.5,0
DEMO-2081,Mobile Applications,Hard,2,6,20,19,1,0,95.0,89.5,86.4,75.0,1,13,2.6,88.1,0.95,0.0,1,0.0769,5.5,8.6,0.0526,1
DEMO-2082,Machine Learning & AI,Medium,1,6,20,16,3,1,80.0,61.4,71.5,75.3,0,16,3.9,85.5,0.8,0.05,4,0.25,18.6,8.5,0.0,1
DEMO-2083,Data Science & Analytics,Medium,2,3,32,22,9,1,68.8,39.3,60.8,48.2,1,32,4.1,80.1,0.6875,0.0312,10,0.3125,29.5,8.0,0.0455,1
DEMO-2084,Blockchain,Easy,2,3,30,26,2,2,86.7,70.9,72.8,76.2,1,12,4.6,92.2,0.8667,0.0667,4,0.3333,15.8,13.9,0.0385,1
DEMO-2085,Blockchain,Medium,2,6,20,15,4,1,75.0,59.3,61.6,56.7,3,34,4.5,90.2,0.75,0.05,5,0.1471,15.7,13.4,0.2,1
DEMO-2086,Cloud Computing,Medium,1,1,21,14,6,1,66.7,27.0,29.5,51.9,3,74,2.6,78.4,0.6667,0.0476,7,0.0946,39.7,37.2,0.2143,1
DEMO-2087,Data Science & Analytics,Medium,1,6,30,13,14,3,43.3,18.9,41.1,39.4,2,30,2.5,67.1,0.4333,0.1,17,0.5667,24.4,2.2,0.1538,1
DEMO-2088,Mobile Applications,Easy,1,2,27,23,4,0,85.2,73.3,75.2,67.0,2,19,3.5,75.5,0.8519,0.0,4,0.2105,11.9,10.0,0.087,1
DEMO-2089,Cloud Computing,Medium,3,1,33,22,10,1,66.7,51.1,49.7,51.1,3,21,3.6,74.9,0.6667,0.0303,11,0.5238,15.6,17.0,0.1364,1
DEMO-2090,Mobile Applications,Hard,3,1,36,7,14,15,19.4,8.8,4.9,12.1,3,75,5.0,67.9,0.1944,0.4167,29,0.3867,10.6,14.5,0.4286,0
DEMO-2091,Data Science & Analytics,Medium,5,3,32,12,18,2,37.5,8.3,13.2,27.7,1,46,4.1,92.1,0.375,0.0625,20,0.4348,29.2,24.3,0.0833,1
DEMO-2092,Data Science & Analytics,Easy,1,1,21,15,5,1,71.4,54.5,50.6,58.4,1,72,3.2,75.1,0.7143,0.0476,6,0.0833,16.9,20.8,0.0667,1
DEMO-2093,Mobile Applications,Medium,2,1,31,16,14,1,51.6,26.6,29.8,30.9,2,45,3.6,69.2,0.5161,0.0323,15,0.3333,25.0,21.8,0.125,1
DEMO-2094,Cybersecurity,Medium,2,2,43,33,5,5,76.7,63.3,72.8,58.3,1,7,4.3,74.1,0.7674,0.1163,10,1.4286,13.4,3.9,0.0303,1
DEMO-2095,Data Science & Analytics,Medium,3,4,13,7,4,2,53.8,30.9,25.8,47.8,1,20,4.2,87.1,0.5385,0.1538,6,0.3,22.9,28.0,0.1429,1
DEMO-2096,Blockchain,Easy,2,1,43,29,8,6,67.4,46.6,47.6,48.8,2,42,4.3,79.0,0.6744,0.1395,14,0.3333,20.8,19.8,0.069,1
DEMO-2097,Cybersecurity,Easy,1,4,11,4,7,0,36.4,7.3,25.6,28.6,2,59,3.9,69.2,0.3636,0.0,7,0.1186,29.1,10.8,0.5,0
DEMO-2098,Blockchain,Medium,1,4,43,9,26,8,20.9,11.9,0.0,13.9,3,54,3.0,70.9,0.2093,0.186,34,0.6296,9.0,20.9,0.3333,0
DEMO-2099,Web Development,Hard,1,3,30,26,3,1,86.7,76.6,85.0,65.6,2,20,3.0,75.5,0.8667,0.0333,4,0.2,10.1,1.7,0.0769,1
DEMO-2100,Internet of Things (IoT),Easy,2,1,18,10,7,1,55.6,36.5,53.5,35.6,0,49,2.5,64.4,0.5556,0.0556,8,0.1633,19.1,2.1,0.0,1
DEMO-2101,Blockchain,Hard,1,6,33,19,13,1,57.6,30.5,54.3,54.0,2,50,4.2,84.4,0.5758,0.0303,14,0.28,27.1,3.3,0.1053,1
DEMO-2102,Cybersecurity,Hard,1,2,22,15,6,1,68.2,68.0,67.2,58.7,2,29,3.3,77.9,0.6818,0.0455,7,0.2414,0.2,1.0,0.1333,1
DEMO-2103,Machine Learning & AI,Medium,4,6,33,27,4,2,81.8,75.4,67.7,46.4,3,22,4.6,69.9,0.8182,0.0606,6,0.2727,6.4,14.1,0.1111,1
DEMO-2104,Data Science & Analytics,Easy,2,5,24,10,11,3,41.7,17.2,33.4,25.2,1,89,4.4,68.4,0.4167,0.125,14,0.1573,24.5,8.3,0.1,0
DEMO-2105,Web Development,Easy,2,3,41,32,8,1,78.0,53.6,60.8,50.3,0,28,3.1,90.2,0.7805,0.0244,9,0.3214,24.4,17.2,0.0,1
DEMO-2106,Mobile Applications,Medium,2,3,36,22,12,2,61.1,37.0,44.2,59.1,2,41,3.7,81.4,0.6111,0.0556,14,0.3415,24.1,16.9,0.0909,1
DEMO-2107,Machine Learning & AI,Easy,1,2,12,6,5,1,50.0,20.0,40.6,31.2,2,58,3.3,64.2,0.5,0.0833,6,0.1034,30.0,9.4,0.3333,1
DEMO-2108,Mobile Applications,Hard,5,2,13,13,0,0,100.0,81.9,76.1,56.0,1,4,4.3,94.5,1.0,0.0,0,0.0,18.1,23.9,0.0769,1
DEMO-2109,Cybersecurity,Medium,1,6,19,6,7,6,31.6,1.3,24.9,26.3,3,73,2.7,65.5,0.3158,0.3158,13,0.1781,30.3,6.7,0.5,0
DEMO-2110,Mobile Applications,Medium,1,2,20,11,9,0,55.0,32.9,53.7,48.6,2,50,4.7,58.5,0.55,0.0,9,0.18,22.1,1.3,0.1818,1
DEMO-2111,Internet of Things (IoT),Medium,4,1,45,13,31,1,28.9,0.0,4.4,24.9,4,79,2.7,76.4,0.2889,0.0222,32,0.4051,28.9,24.5,0.3077,0
DEMO-2112,Internet of Things (IoT),Medium,2,3,30,16,11,3,53.3,42.0,41.1,51.9,1,16,2.7,66.2,0.5333,0.1,14,0.875,11.3,12.2,0.0625,0
DEMO-2113,Machine Learning & AI,Easy,1,5,24,7,12,5,29.2,12.0,0.0,15.0,4,93,4.7,74.9,0.2917,0.2083,17,0.1828,17.2,29.2,0.5714,0
DEMO-2114,Web Development,Hard,3,3,29,16,9,4,55.2,39.0,58.4,46.0,2,112,3.9,71.5,0.5517,0.1379,13,0.1161,16.2,0.0,0.125,1
DEMO-2115,Cybersecurity,Easy,2,2,22,9,11,2,40.9,12.9,13.8,29.6,1,98,4.9,84.9,0.4091,0.0909,13,0.1327,28.0,27.1,0.1111,1
DEMO-2116,Web Development,Medium,3,5,27,15,8,4,55.6,47.1,43.5,48.4,1,85,3.0,77.4,0.5556,0.1481,12,0.1412,8.5,12.1,0.0667,1
DEMO-2117,Blockchain,Hard,1,4,29,14,13,2,48.3,31.9,40.2,39.8,5,47,2.6,82.1,0.4828,0.069,15,0.3191,16.4,8.1,0.3571,1
DEMO-2118,Machine Learning & AI,Medium,1,6,10,7,3,0,70.0,43.1,56.7,38.9,1,37,2.7,81.0,0.7,0.0,3,0.0811,26.9,13.3,0.1429,1
DEMO-2119,Blockchain,Easy,2,1,19,7,8,4,36.8,25.3,21.0,26.2,4,48,2.9,71.7,0.3684,0.2105,12,0.25,11.5,15.8,0.5714,0
DEMO-2120,Internet of Things (IoT),Hard,1,4,30,17,6,7,56.7,22.0,21.2,56.6,5,54,3.7,67.5,0.5667,0.2333,13,0.2407,34.7,35.5,0.2941,0
DEMO-2121,Cloud Computing,Easy,1,5,14,7,6,1,50.0,29.8,36.1,29.7,3,62,2.9,70.8,0.5,0.0714,7,0.1129,20.2,13.9,0.4286,1
DEMO-2122,Data Science & Analytics,Medium,2,1,37,15,15,7,40.5,17.6,10.0,35.2,2,59,3.8,70.9,0.4054,0.1892,22,0.3729,22.9,30.5,0.1333,1
DEMO-2123,Web Development,Easy,2,3,43,28,12,3,65.1,55.8,51.5,51.6,3,15,4.1,80.3,0.6512,0.0698,15,1.0,9.3,13.6,0.1071,1
DEMO-2124,Machine Learning & AI,Medium,3,6,28,24,3,1,85.7,78.8,86.6,44.6,2,11,4.2,86.2,0.8571,0.0357,4,0.3636,6.9,0.0,0.0833,1
DEMO-2125,Cybersecurity,Medium,1,1,33,19,14,0,57.6,27.8,37.8,35.4,4,18,3.3,83.5,0.5758,0.0,14,0.7778,29.8,19.8,0.2105,0
DEMO-2126,Cloud Computing,Medium,4,4,13,9,4,0,69.2,36.7,49.3,40.6,2,36,4.6,80.3,0.6923,0.0,4,0.1111,32.5,19.9,0.2222,1
DEMO-2127,Internet of Things (IoT),Medium,1,1,36,36,0,0,100.0,80.3,87.5,71.9,1,8,4.3,92.0,1.0,0.0,0,0.0,19.7,12.5,0.0278,1
DEMO-2128,Cybersecurity,Hard,3,3,11,5,5,1,45.5,17.7,32.1,32.0,2,30,4.2,83.0,0.4545,0.0909,6,0.2,27.8,13.4,0.4,1
DEMO-2129,Internet of Things (IoT),Hard,3,5,16,14,2,0,87.5,73.8,57.5,48.6,0,13,2.8,72.8,0.875,0.0,2,0.1538,13.7,30.0,0.0,1
DEMO-2130,Machine Learning & AI,Medium,2,3,14,3,9,2,21.4,11.3,4.1,12.3,3,66,3.2,69.2,0.2143,0.1429,11,0.1667,10.1,17.3,1.0,0
DEMO-2131,Blockchain,Medium,4,4,27,17,10,0,63.0,36.1,50.3,54.7,1,51,3.7,74.2,0.6296,0.0,10,0.1961,26.9,12.7,0.0588,1
DEMO-2132,Blockchain,Medium,2,1,41,4,14,23,9.8,0.0,0.0,7.1,4,70,2.6,65.5,0.0976,0.561,37,0.5286,9.8,9.8,1.0,0
DEMO-2133,Blockchain,Medium,3,4,20,1,18,1,5.0,0.3,0.0,4.2,4,95,4.9,59.5,0.05,0.05,19,0.2,4.7,5.0,4.0,0
DEMO-2134,Mobile Applications,Hard,1,3,10,7,2,1,70.0,26.0,65.0,49.4,3,40,3.5,85.2,0.7,0.1,3,0.075,44.0,5.0,0.4286,1
DEMO-2135,Cybersecurity,Easy,2,4,41,21,20,0,51.2,14.2,34.1,36.3,3,71,3.0,77.2,0.5122,0.0,20,0.2817,37.0,17.1,0.1429,1
DEMO-2136,Web Development,Medium,5,3,37,35,2,0,94.6,90.0,95.1,49.6,0,7,4.2,77.4,0.9459,0.0,2,0.2857,4.6,0.0,0.0,1
DEMO-2137,Web Development,Medium,1,1,42,13,22,7,31.0,2.6,2.3,20.7,4,47,4.9,60.8,0.3095,0.1667,29,0.617,28.4,28.7,0.3077,0
DEMO-2138,Cloud Computing,Easy,2,6,22,16,6,0,72.7,47.4,66.8,55.9,2,34,3.5,98.0,0.7273,0.0,6,0.1765,25.3,5.9,0.125,1
DEMO-2139,Web Development,Easy,2,5,37,16,20,1,43.2,12.7,32.5,21.6,3,36,2.9,70.4,0.4324,0.027,21,0.5833,30.5,10.7,0.1875,1
DEMO-2140,Web Development,Easy,2,1,17,3,9,5,17.6,0.0,3.0,13.9,4,88,3.7,50.9,0.1765,0.2941,14,0.1591,17.6,14.6,1.3333,0
DEMO-2141,Cybersecurity,Easy,2,1,11,5,6,0,45.5,16.5,17.4,25.6,2,37,5.0,78.3,0.4545,0.0,6,0.1622,29.0,28.1,0.4,1
DEMO-2142,Machine Learning & AI,Medium,1,3,12,1,9,2,8.3,0.0,0.0,7.9,4,107,3.8,58.4,0.0833,0.1667,11,0.1028,8.3,8.3,4.0,0
DEMO-2143,Blockchain,Hard,4,5,23,18,4,1,78.3,67.3,69.8,42.4,0,24,3.3,91.8,0.7826,0.0435,5,0.2083,11.0,8.5,0.0,1
DEMO-2144,Internet of Things (IoT),Medium,3,2,34,33,1,0,97.1,80.3,87.1,70.0,0,20,2.8,86.6,0.9706,0.0,1,0.05,16.8,10.0,0.0,1
DEMO-2145,Machine Learning & AI,Medium,1,2,28,27,1,0,96.4,69.5,91.8,67.6,2,6,4.6,80.5,0.9643,0.0,1,0.1667,26.9,4.6,0.0741,1
DEMO-2146,Mobile Applications,Easy,4,4,30,15,9,6,50.0,25.7,42.2,39.4,2,58,4.5,75.0,0.5,0.2,15,0.2586,24.3,7.8,0.1333,1
DEMO-2147,Web Development,Medium,2,3,31,6,23,2,19.4,9.6,0.0,14.8,0,77,3.2,74.4,0.1935,0.0645,25,0.3247,9.8,19.4,0.0,1
DEMO-2148,Machine Learning & AI,Medium,2,3,24,5,9,10,20.8,0.0,13.0,15.9,3,87,3.8,69.2,0.2083,0.4167,19,0.2184,20.8,7.8,0.6,0
DEMO-2149,Web Development,Medium,3,2,25,22,3,0,88.0,79.8,82.7,78.3,0,14,3.8,89.2,0.88,0.0,3,0.2143,8.2,5.3,0.0,1
DEMO-2150,Cloud Computing,Easy,2,4,29,13,15,1,44.8,10.8,33.2,29.9,2,40,2.6,64.2,0.4483,0.0345,16,0.4,34.0,11.6,0.1538,0
DEMO-2151,Cybersecurity,Medium,4,6,34,22,10,2,64.7,26.5,54.6,59.1,4,32,4.3,83.2,0.6471,0.0588,12,0.375,38.2,10.1,0.1818,1
DEMO-2152,Blockchain,Medium,2,5,20,20,0,0,100.0,84.6,93.8,74.8,1,7,2.7,85.3,1.0,0.0,0,0.0,15.4,6.2,0.05,1
DEMO-2153,Blockchain,Easy,2,3,15,8,7,0,53.3,38.0,35.8,51.4,2,53,4.8,69.2,0.5333,0.0,7,0.1321,15.3,17.5,0.25,1
DEMO-2154,Internet of Things (IoT),Medium,5,4,40,17,21,2,42.5,31.3,19.1,21.4,5,36,3.8,74.4,0.425,0.05,23,0.6389,11.2,23.4,0.2941,1
DEMO-2155,Cybersecurity,Hard,2,4,31,10,15,6,32.3,24.4,16.2,25.6,4,88,4.4,70.9,0.3226,0.1935,21,0.2386,7.9,16.1,0.4,0
DEMO-2156,Data Science & Analytics,Medium,2,2,35,23,9,3,65.7,56.6,58.7,61.3,1,34,3.8,78.3,0.6571,0.0857,12,0.3529,9.1,7.0,0.0435,1
DEMO-2157,Web Development,Easy,2,6,39,16,21,2,41.0,27.7,15.5,26.1,5,77,4.4,62.7,0.4103,0.0513,23,0.2987,13.3,25.5,0.3125,1
DEMO-2158,Data Science & Analytics,Hard,1,3,29,12,4,13,41.4,5.9,28.9,26.9,5,72,3.8,62.8,0.4138,0.4483,17,0.2361,35.5,12.5,0.4167,0
DEMO-2159,Web Development,Medium,2,2,26,24,1,1,92.3,76.3,79.9,87.2,1,7,4.6,86.5,0.9231,0.0385,2,0.2857,16.0,12.4,0.0417,1
DEMO-2160,Data Science & Analytics,Easy,4,1,25,19,5,1,76.0,51.6,76.8,44.4,1,37,4.2,75.4,0.76,0.04,6,0.1622,24.4,0.0,0.0526,1
DEMO-2161,Blockchain,Medium,4,2,14,9,5,0,64.3,47.8,56.6,44.8,2,52,2.7,78.6,0.6429,0.0,5,0.0962,16.5,7.7,0.2222,1
DEMO-2162,Cybersecurity,Medium,1,4,44,27,15,2,61.4,36.0,62.5,44.3,5,51,3.4,83.0,0.6136,0.0455,17,0.3333,25.4,0.0,0.1852,1
DEMO-2163,Mobile Applications,Hard,2,3,43,43,0,0,100.0,62.0,69.9,72.8,1,8,3.6,90.6,1.0,0.0,0,0.0,38.0,30.1,0.0233,1
DEMO-2164,Mobile Applications,Easy,3,4,29,10,14,5,34.5,20.4,9.8,30.1,2,49,4.5,73.5,0.3448,0.1724,19,0.3878,14.1,24.7,0.2,0
DEMO-2165,Cybersecurity,Hard,3,4,30,20,8,2,66.7,36.6,53.4,49.4,2,25,3.6,92.4,0.6667,0.0667,10,0.4,30.1,13.3,0.1,1
DEMO-2166,Internet of Things (IoT),Easy,1,3,23,8,14,1,34.8,0.0,6.7,34.3,4,67,3.8,71.5,0.3478,0.0435,15,0.2239,34.8,28.1,0.5,0
DEMO-2167,Cloud Computing,Hard,2,3,42,41,1,0,97.6,74.6,86.0,55.7,2,20,3.2,87.6,0.9762,0.0,1,0.05,23.0,11.6,0.0488,1
DEMO-2168,Mobile Applications,Easy,3,3,38,8,28,2,21.1,0.0,20.4,16.7,5,55,3.8,69.0,0.2105,0.0526,30,0.5455,21.1,0.7,0.625,0
DEMO-2169,Machine Learning & AI,Hard,1,2,42,13,7,22,31.0,0.0,0.4,20.9,4,68,3.7,62.4,0.3095,0.5238,29,0.4265,31.0,30.6,0.3077,0
DEMO-2170,Web Development,Medium,5,5,12,12,0,0,100.0,86.2,97.7,91.0,1,9,3.0,90.0,1.0,0.0,0,0.0,13.8,2.3,0.0833,1
DEMO-2171,Cybersecurity,Medium,1,1,16,5,10,1,31.2,8.5,0.4,17.3,4,81,4.6,71.5,0.3125,0.0625,11,0.1358,22.7,30.8,0.8,0
DEMO-2172,Web Development,Medium,1,4,28,5,18,5,17.9,0.0,0.0,14.6,5,88,2.6,63.7,0.1786,0.1786,23,0.2614,17.9,17.9,1.0,0
DEMO-2173,Mobile Applications,Medium,2,1,15,9,5,1,60.0,28.8,53.4,36.2,1,39,2.5,88.9,0.6,0.0667,6,0.1538,31.2,6.6,0.1111,1
DEMO-2174,Mobile Applications,Medium,2,6,11,5,6,0,45.5,1.1,23.2,38.4,6,73,2.5,81.5,0.4545,0.0,6,0.0822,44.4,22.3,1.2,1
DEMO-2175,Data Science & Analytics,Easy,2,5,31,14,13,4,45.2,14.6,14.9,40.5,1,57,2.7,66.9,0.4516,0.129,17,0.2982,30.6,30.3,0.0714,0
DEMO-2176,Cybersecurity,Easy,1,1,25,12,11,2,48.0,22.2,41.6,36.2,3,45,4.2,79.0,0.48,0.08,13,0.2889,25.8,6.4,0.25,1
DEMO-2177,Web Development,Medium,5,5,26,17,7,2,65.4,38.7,43.9,49.5,3,62,4.0,73.4,0.6538,0.0769,9,0.1452,26.7,21.5,0.1765,1
DEMO-2178,Internet of Things (IoT),Medium,1,4,23,14,9,0,60.9,36.6,49.1,32.3,4,23,3.8,81.3,0.6087,0.0,9,0.3913,24.3,11.8,0.2857,1
DEMO-2179,Internet of Things (IoT),Medium,1,5,32,25,6,1,78.1,50.5,65.2,40.5,1,28,3.8,83.5,0.7812,0.0312,7,0.25,27.6,12.9,0.04,1
DEMO-2180,Mobile Applications,Medium,3,6,18,15,2,1,83.3,59.5,70.8,52.0,2,40,3.5,81.6,0.8333,0.0556,3,0.075,23.8,12.5,0.1333,1
DEMO-2181,Mobile Applications,Medium,1,2,44,32,7,5,72.7,63.7,55.6,68.5,2,49,3.8,83.4,0.7273,0.1136,12,0.2449,9.0,17.1,0.0625,1
DEMO-2182,Web Development,Medium,3,2,36,32,4,0,88.9,55.9,62.4,47.1,4,14,2.7,85.3,0.8889,0.0,4,0.2857,33.0,26.5,0.125,1
DEMO-2183,Web Development,Easy,2,4,31,26,4,1,83.9,51.4,51.1,54.3,1,6,3.2,89.6,0.8387,0.0323,5,0.8333,32.5,32.8,0.0385,1
DEMO-2184,Web Development,Medium,2,5,13,5,8,0,38.5,10.5,44.0,33.9,2,56,2.9,66.1,0.3846,0.0,8,0.1429,28.0,0.0,0.4,1
DEMO-2185,Internet of Things (IoT),Medium,2,4,41,18,22,1,43.9,14.9,43.7,29.6,1,83,4.8,82.8,0.439,0.0244,23,0.2771,29.0,0.2,0.0556,1
DEMO-2186,Mobile Applications,Medium,2,5,29,16,7,6,55.2,41.7,43.2,31.1,1,37,2.9,78.1,0.5517,0.2069,13,0.3514,13.5,12.0,0.0625,1
DEMO-2187,Machine Learning & AI,Medium,1,2,11,8,2,1,72.7,43.4,53.8,48.5,4,17,3.8,87.3,0.7273,0.0909,3,0.1765,29.3,18.9,0.5,1
DEMO-2188,Mobile Applications,Medium,5,4,18,17,1,0,94.4,79.6,95.9,58.9,0,39,3.7,83.1,0.9444,0.0,1,0.0256,14.8,0.0,0.0,1
DEMO-2189,Cybersecurity,Medium,4,2,18,16,2,0,88.9,71.7,54.3,87.4,0,16,4.2,88.5,0.8889,0.0,2,0.125,17.2,34.6,0.0,1
DEMO-2190,Blockchain,Medium,2,1,23,13,5,5,56.5,35.2,46.2,29.0,4,37,3.6,86.3,0.5652,0.2174,10,0.2703,21.3,10.3,0.3077,1
DEMO-2191,Cloud Computing,Medium,1,3,21,6,9,6,28.6,3.2,28.9,22.4,1,66,3.1,66.5,0.2857,0.2857,15,0.2273,25.4,0.0,0.1667,0
DEMO-2192,Mobile Applications,Hard,1,1,36,29,6,1,80.6,59.6,63.3,60.0,3,10,4.0,71.6,0.8056,0.0278,7,0.7,21.0,17.3,0.1034,1
DEMO-2193,Cybersecurity,Hard,3,1,33,20,9,4,60.6,43.0,30.4,39.4,2,39,3.5,81.1,0.6061,0.1212,13,0.3333,17.6,30.2,0.1,1
DEMO-2194,Cybersecurity,Hard,2,3,34,32,1,1,94.1,76.0,85.5,92.9,1,32,3.8,83.9,0.9412,0.0294,2,0.0625,18.1,8.6,0.0312,1
DEMO-2195,Web Development,Easy,2,3,42,29,11,2,69.0,39.0,55.5,68.9,1,43,2.8,78.8,0.6905,0.0476,13,0.3023,30.0,13.5,0.0345,1
DEMO-2196,Mobile Applications,Medium,3,6,38,25,11,2,65.8,31.4,57.2,62.4,4,49,5.0,72.6,0.6579,0.0526,13,0.2653,34.4,8.6,0.16,1
DEMO-2197,Mobile Applications,Medium,2,3,17,14,2,1,82.4,59.8,57.1,70.8,1,23,4.7,74.0,0.8235,0.0588,3,0.1304,22.6,25.3,0.0714,1
DEMO-2198,Cybersecurity,Medium,1,1,14,5,8,1,35.7,0.0,28.9,29.0,2,49,3.5,68.5,0.3571,0.0714,9,0.1837,35.7,6.8,0.4,1
DEMO-2199,Cybersecurity,Medium,3,6,20,10,9,1,50.0,20.5,46.5,31.7,3,68,3.3,88.6,0.5,0.05,10,0.1471,29.5,3.5,0.3,1
DEMO-2200,Machine Learning & AI,Easy,1,3,14,2,9,3,14.3,0.0,0.0,7.9,6,80,3.8,54.5,0.1429,0.2143,12,0.15,14.3,14.3,3.0,0
DEMO-2201,Data Science & Analytics,Hard,2,3,12,2,9,1,16.7,0.0,0.6,11.9,11,84,2.6,69.7,0.1667,0.0833,10,0.119,16.7,16.1,5.5,0
DEMO-2202,Mobile Applications,Medium,3,3,44,22,19,3,50.0,27.6,53.9,25.8,0,63,2.9,67.5,0.5,0.0682,22,0.3492,22.4,0.0,0.0,1
DEMO-2203,Blockchain,Medium,2,4,19,8,11,0,42.1,34.6,27.2,21.6,2,82,3.6,82.1,0.4211,0.0,11,0.1341,7.5,14.9,0.25,1
DEMO-2204,Internet of Things (IoT),Medium,1,1,41,41,0,0,100.0,86.1,69.5,78.3,0,21,3.7,87.3,1.0,0.0,0,0.0,13.9,30.5,0.0,1
DEMO-2205,Blockchain,Easy,2,4,40,16,15,9,40.0,13.1,37.5,24.2,3,28,3.4,70.2,0.4,0.225,24,0.8571,26.9,2.5,0.1875,0
DEMO-2206,Data Science & Analytics,Medium,1,3,43,33,8,2,76.7,48.2,77.9,70.7,1,17,3.5,72.5,0.7674,0.0465,10,0.5882,28.5,0.0,0.0303,1
DEMO-2207,Cybersecurity,Medium,1,5,25,5,19,1,20.0,0.0,1.6,14.7,3,75,2.7,63.9,0.2,0.04,20,0.2667,20.0,18.4,0.6,0
DEMO-2208,Blockchain,Medium,2,3,26,13,11,2,50.0,37.8,39.0,48.1,0,39,3.3,77.3,0.5,0.0769,13,0.3333,12.2,11.0,0.0,1
DEMO-2209,Machine Learning & AI,Easy,2,2,27,12,14,1,44.4,41.3,30.3,30.9,1,48,2.9,69.6,0.4444,0.037,15,0.3125,3.1,14.1,0.0833,1
DEMO-2210,Mobile Applications,Hard,1,4,42,22,16,4,52.4,19.1,41.2,29.9,7,45,2.8,78.3,0.5238,0.0952,20,0.4444,33.3,11.2,0.3182,0
DEMO-2211,Cybersecurity,Easy,2,5,38,23,13,2,60.5,40.7,56.8,46.0,3,74,4.9,74.2,0.6053,0.0526,15,0.2027,19.8,3.7,0.1304,1
DEMO-2212,Web Development,Medium,2,2,28,3,22,3,10.7,0.0,0.0,6.3,5,88,3.5,53.7,0.1071,0.1071,25,0.2841,10.7,10.7,1.6667,0
DEMO-2213,Web Development,Medium,1,5,33,16,15,2,48.5,20.2,44.9,37.8,5,46,4.7,66.6,0.4848,0.0606,17,0.3696,28.3,3.6,0.3125,1
DEMO-2214,Machine Learning & AI,Medium,1,4,28,15,12,1,53.6,37.6,42.9,34.3,1,65,3.3,84.2,0.5357,0.0357,13,0.2,16.0,10.7,0.0667,1
DEMO-2215,Machine Learning & AI,Medium,3,2,35,29,6,0,82.9,46.1,89.7,66.8,0,19,4.1,84.1,0.8286,0.0,6,0.3158,36.8,0.0,0.0,1
DEMO-2216,Web Development,Medium,2,1,44,16,25,3,36.4,20.3,39.7,24.7,4,37,2.8,56.7,0.3636,0.0682,28,0.7568,16.1,0.0,0.25,0
DEMO-2217,Data Science & Analytics,Easy,4,1,30,29,1,0,96.7,66.4,67.7,56.7,2,5,4.6,93.7,0.9667,0.0,1,0.2,30.3,29.0,0.069,1
DEMO-2218,Internet of Things (IoT),Easy,2,6,10,7,3,0,70.0,57.6,49.1,52.9,2,8,4.8,81.5,0.7,0.0,3,0.375,12.4,20.9,0.2857,1
DEMO-2219,Machine Learning & AI,Easy,2,5,15,10,4,1,66.7,43.5,29.8,59.6,2,45,3.6,78.5,0.6667,0.0667,5,0.1111,23.2,36.9,0.2,1
DEMO-2220,Cybersecurity,Medium,2,5,14,11,2,1,78.6,73.1,73.4,51.3,2,15,3.9,87.2,0.7857,0.0714,3,0.2,5.5,5.2,0.1818,1
DEMO-2221,Cloud Computing,Easy,3,6,27,5,19,3,18.5,0.0,5.1,11.8,6,57,2.9,53.0,0.1852,0.1111,22,0.386,18.5,13.4,1.2,0
DEMO-2222,Machine Learning & AI,Hard,1,6,40,6,29,5,15.0,9.7,17.3,9.9,1,45,4.2,58.1,0.15,0.125,34,0.7556,5.3,0.0,0.1667,0
DEMO-2223,Internet of Things (IoT),Medium,2,5,23,7,14,2,30.4,16.0,19.8,19.7,4,58,2.7,80.5,0.3043,0.087,16,0.2759,14.4,10.6,0.5714,0
DEMO-2224,Mobile Applications,Hard,2,2,32,12,16,4,37.5,32.7,6.4,21.9,3,63,2.8,74.4,0.375,0.125,20,0.3175,4.8,31.1,0.25,0
DEMO-2225,Machine Learning & AI,Medium,1,4,44,18,17,9,40.9,5.8,11.5,31.8,7,99,4.9,75.6,0.4091,0.2045,26,0.2626,35.1,29.4,0.3889,0
DEMO-2226,Mobile Applications,Medium,1,3,22,5,15,2,22.7,5.9,0.0,16.1,3,113,3.2,60.4,0.2273,0.0909,17,0.1504,16.8,22.7,0.6,0
DEMO-2227,Blockchain,Hard,2,2,24,17,3,4,70.8,51.9,69.8,67.8,4,52,4.9,81.5,0.7083,0.1667,7,0.1346,18.9,1.0,0.2353,1
DEMO-2228,Data Science & Analytics,Hard,3,5,29,22,5,2,75.9,50.5,75.2,41.3,0,19,2.9,86.5,0.7586,0.069,7,0.3684,25.4,0.7,0.0,1
DEMO-2229,Mobile Applications,Medium,4,5,38,13,15,10,34.2,0.0,18.9,21.3,4,45,3.6,76.2,0.3421,0.2632,25,0.5556,34.2,15.3,0.3077,0
DEMO-2230,Cloud Computing,Medium,1,1,28,25,2,1,89.3,54.9,76.7,81.2,1,40,2.6,85.1,0.8929,0.0357,3,0.075,34.4,12.6,0.04,1
DEMO-2231,Cybersecurity,Hard,3,5,32,10,18,4,31.2,14.9,28.1,25.3,4,61,3.7,67.7,0.3125,0.125,22,0.3607,16.3,3.1,0.4,0
DEMO-2232,Cloud Computing,Easy,2,6,33,28,5,0,84.8,64.9,72.5,70.3,1,28,2.9,82.6,0.8485,0.0,5,0.1786,19.9,12.3,0.0357,1
DEMO-2233,Cloud Computing,Easy,3,2,36,15,19,2,41.7,30.3,18.9,41.2,3,72,3.2,68.4,0.4167,0.0556,21,0.2917,11.4,22.8,0.2,1
DEMO-2234,Cybersecurity,Medium,3,5,26,16,9,1,61.5,31.0,42.1,34.5,1,56,3.0,84.0,0.6154,0.0385,10,0.1786,30.5,19.4,0.0625,1
DEMO-2235,Internet of Things (IoT),Easy,4,6,17,8,8,1,47.1,25.7,34.4,46.0,3,68,3.7,78.2,0.4706,0.0588,9,0.1324,21.4,12.7,0.375,1
DEMO-2236,Cybersecurity,Easy,3,4,39,37,2,0,94.9,70.7,67.7,89.3,2,8,4.5,85.3,0.9487,0.0,2,0.25,24.2,27.2,0.0541,1
DEMO-2237,Web Development,Medium,2,6,32,26,5,1,81.2,63.5,72.7,70.7,1,29,2.6,85.4,0.8125,0.0312,6,0.2069,17.7,8.5,0.0385,1
DEMO-2238,Web Development,Medium,3,1,23,16,7,0,69.6,41.2,53.0,64.2,3,29,4.0,87.8,0.6957,0.0,7,0.2414,28.4,16.6,0.1875,1
DEMO-2239,Cybersecurity,Medium,1,5,22,19,2,1,86.4,74.1,62.0,84.0,0,42,3.9,91.4,0.8636,0.0455,3,0.0714,12.3,24.4,0.0,1
DEMO-2240,Blockchain,Medium,2,1,23,13,8,2,56.5,51.8,50.3,50.0,1,26,4.2,76.0,0.5652,0.087,10,0.3846,4.7,6.2,0.0769,1
DEMO-2241,Web Development,Easy,2,5,25,19,3,3,76.0,61.6,69.0,74.4,2,23,4.6,71.5,0.76,0.12,6,0.2609,14.4,7.0,0.1053,1
DEMO-2242,Machine Learning & AI,Hard,1,5,20,4,10,6,20.0,0.0,10.8,11.1,3,54,4.2,70.5,0.2,0.3,16,0.2963,20.0,9.2,0.75,0
DEMO-2243,Web Development,Easy,4,5,45,10,30,5,22.2,1.0,8.1,19.8,5,75,3.3,62.3,0.2222,0.1111,35,0.4667,21.2,14.1,0.5,0
DEMO-2244,Internet of Things (IoT),Medium,4,4,21,7,13,1,33.3,2.2,9.1,32.8,1,34,2.6,80.2,0.3333,0.0476,14,0.4118,31.1,24.2,0.1429,0
DEMO-2245,Mobile Applications,Medium,1,1,11,7,3,1,63.6,45.1,38.7,58.3,3,21,3.5,64.5,0.6364,0.0909,4,0.1905,18.5,24.9,0.4286,1
DEMO-2246,Internet of Things (IoT),Hard,1,4,30,22,5,3,73.3,50.7,61.0,57.1,0,25,3.4,79.5,0.7333,0.1,8,0.32,22.6,12.3,0.0,1
DEMO-2247,Mobile Applications,Easy,4,6,33,22,10,1,66.7,43.9,49.4,65.8,2,45,2.8,72.9,0.6667,0.0303,11,0.2444,22.8,17.3,0.0909,1
DEMO-2248,Data Science & Analytics,Medium,2,2,32,28,3,1,87.5,56.4,91.2,46.0,2,32,3.7,83.3,0.875,0.0312,4,0.125,31.1,0.0,0.0714,1
DEMO-2249,Machine Learning & AI,Hard,4,4,21,14,6,1,66.7,41.9,49.9,58.2,0,32,4.3,61.6,0.6667,0.0476,7,0.2188,24.8,16.8,0.0,1
DEMO-2250,Mobile Applications,Medium,2,5,21,4,15,2,19.0,0.7,16.5,11.2,3,105,4.9,84.0,0.1905,0.0952,17,0.1619,18.3,2.5,0.75,0
DEMO-2251,Blockchain,Easy,2,2,30,30,0,0,100.0,86.2,84.8,87.8,0,23,4.8,95.8,1.0,0.0,0,0.0,13.8,15.2,0.0,1
DEMO-2252,Blockchain,Hard,3,3,44,21,19,4,47.7,20.2,42.4,26.7,3,57,4.7,76.8,0.4773,0.0909,23,0.4035,27.5,5.3,0.1429,1
DEMO-2253,Data Science & Analytics,Medium,3,4,27,26,1,0,96.3,83.3,91.4,68.6,0,17,4.9,89.2,0.963,0.0,1,0.0588,13.0,4.9,0.0,1
DEMO-2254,Web Development,Hard,2,4,36,30,3,3,83.3,55.7,66.2,45.9,3,14,4.4,77.3,0.8333,0.0833,6,0.4286,27.6,17.1,0.1,1
DEMO-2255,Machine Learning & AI,Easy,2,2,31,12,13,6,38.7,30.2,14.9,26.7,1,72,4.9,57.3,0.3871,0.1935,19,0.2639,8.5,23.8,0.0833,0
DEMO-2256,Data Science & Analytics,Medium,4,6,15,8,7,0,53.3,45.4,26.0,53.0,0,53,3.3,80.4,0.5333,0.0,7,0.1321,7.9,27.3,0.0,1
DEMO-2257,Mobile Applications,Medium,2,3,31,4,27,0,12.9,0.0,7.3,12.2,3,84,3.1,65.1,0.129,0.0,27,0.3214,12.9,5.6,0.75,0
DEMO-2258,Mobile Applications,Hard,1,6,10,4,2,4,40.0,9.7,14.2,27.2,8,76,3.4,65.8,0.4,0.4,6,0.0789,30.3,25.8,2.0,0
DEMO-2259,Cloud Computing,Medium,3,2,15,2,8,5,13.3,0.0,0.0,6.9,3,100,3.9,67.5,0.1333,0.3333,13,0.13,13.3,13.3,1.5,0
DEMO-2260,Cybersecurity,Medium,2,1,13,9,4,0,69.2,40.5,44.4,47.7,1,25,5.0,79.3,0.6923,0.0,4,0.16,28.7,24.8,0.1111,1
DEMO-2261,Blockchain,Medium,1,3,16,1,12,3,6.2,0.0,0.0,4.6,2,48,4.2,77.8,0.0625,0.1875,15,0.3125,6.2,6.2,2.0,0
DEMO-2262,Machine Learning & AI,Medium,3,1,33,11,16,6,33.3,24.6,20.1,17.0,4,44,4.3,68.0,0.3333,0.1818,22,0.5,8.7,13.2,0.3636,0
DEMO-2263,Machine Learning & AI,Easy,2,3,33,30,3,0,90.9,63.1,53.9,75.5,1,5,3.0,80.3,0.9091,0.0,3,0.6,27.8,37.0,0.0333,1
DEMO-2264,Cloud Computing,Medium,1,6,44,41,2,1,93.2,70.4,71.8,75.0,0,38,4.8,88.9,0.9318,0.0227,3,0.0789,22.8,21.4,0.0,1
DEMO-2265,Internet of Things (IoT),Easy,1,4,10,8,2,0,80.0,61.8,65.1,41.6,2,39,4.3,72.9,0.8,0.0,2,0.0513,18.2,14.9,0.25,1
DEMO-2266,Machine Learning & AI,Medium,3,2,21,21,0,0,100.0,73.6,80.5,88.9,2,11,3.5,89.7,1.0,0.0,0,0.0,26.4,19.5,0.0952,1
DEMO-2267,Mobile Applications,Hard,1,3,19,11,8,0,57.9,35.8,41.3,51.6,0,28,4.6,67.8,0.5789,0.0,8,0.2857,22.1,16.6,0.0,1
DEMO-2268,Data Science & Analytics,Medium,1,1,24,20,2,2,83.3,55.6,55.7,63.3,2,5,3.5,87.5,0.8333,0.0833,4,0.8,27.7,27.6,0.1,1
DEMO-2269,Mobile Applications,Medium,2,2,41,9,27,5,22.0,0.0,12.1,12.2,3,27,3.2,67.8,0.2195,0.122,32,1.1852,22.0,9.9,0.3333,0
DEMO-2270,Blockchain,Medium,3,6,31,23,7,1,74.2,51.8,52.3,40.8,1,28,3.2,89.2,0.7419,0.0323,8,0.2857,22.4,21.9,0.0435,1
DEMO-2271,Cybersecurity,Easy,1,5,15,10,4,1,66.7,39.1,56.1,43.2,1,14,4.1,77.6,0.6667,0.0667,5,0.3571,27.6,10.6,0.1,1
DEMO-2272,Cloud Computing,Hard,2,2,16,7,7,2,43.8,35.0,35.0,39.4,1,60,3.3,79.2,0.4375,0.125,9,0.15,8.8,8.8,0.1429,1
DEMO-2273,Cybersecurity,Easy,1,5,42,25,8,9,59.5,48.0,31.1,57.7,3,30,3.1,80.9,0.5952,0.2143,17,0.5667,11.5,28.4,0.12,1
DEMO-2274,Data Science & Analytics,Medium,2,5,23,14,8,1,60.9,37.6,56.3,38.3,2,37,5.0,98.0,0.6087,0.0435,9,0.2432,23.3,4.6,0.1429,1
DEMO-2275,Web Development,Medium,4,6,23,10,13,0,43.5,36.5,36.0,29.3,1,76,2.6,67.5,0.4348,0.0,13,0.1711,7.0,7.5,0.1,1
DEMO-2276,Internet of Things (IoT),Easy,2,5,45,21,18,6,46.7,30.7,36.6,35.7,5,45,3.7,62.6,0.4667,0.1333,24,0.5333,16.0,10.1,0.2381,0
DEMO-2277,Machine Learning & AI,Hard,4,2,15,8,4,3,53.3,52.5,36.3,52.6,1,62,2.7,65.9,0.5333,0.2,7,0.1129,0.8,17.0,0.125,1
DEMO-2278,Cloud Computing,Easy,1,6,45,17,27,1,37.8,6.8,4.5,25.3,1,66,3.0,68.8,0.3778,0.0222,28,0.4242,31.0,33.3,0.0588,0
DEMO-2279,Mobile Applications,Hard,2,6,10,5,3,2,50.0,30.2,32.5,46.6,4,87,4.1,59.6,0.5,0.2,5,0.0575,19.8,17.5,0.8,1
DEMO-2280,Data Science & Analytics,Easy,2,2,18,2,15,1,11.1,0.0,0.0,10.2,3,39,4.8,66.5,0.1111,0.0556,16,0.4103,11.1,11.1,1.5,0
DEMO-2281,Machine Learning & AI,Medium,2,5,37,35,2,0,94.6,84.6,83.4,94.6,0,12,3.5,82.2,0.9459,0.0,2,0.1667,10.0,11.2,0.0,1
DEMO-2282,Cybersecurity,Easy,4,2,15,2,8,5,13.3,0.0,0.0,12.5,6,51,2.6,60.5,0.1333,0.3333,13,0.2549,13.3,13.3,3.0,0
DEMO-2283,Machine Learning & AI,Medium,2,1,18,4,11,3,22.2,4.0,5.5,21.4,3,81,5.0,76.5,0.2222,0.1667,14,0.1728,18.2,16.7,0.75,0
DEMO-2284,Data Science & Analytics,Hard,3,1,44,20,22,2,45.5,25.6,23.0,44.9,3,65,4.6,82.6,0.4545,0.0455,24,0.3692,19.9,22.5,0.15,0
DEMO-2285,Web Development,Medium,1,6,15,2,8,5,13.3,0.0,15.0,8.8,6,89,3.3,63.7,0.1333,0.3333,13,0.1461,13.3,0.0,3.0,0
DEMO-2286,Cloud Computing,Medium,1,1,37,17,18,2,45.9,32.2,27.4,42.5,0,35,2.9,81.6,0.4595,0.0541,20,0.5714,13.7,18.5,0.0,1
DEMO-2287,Cloud Computing,Medium,2,4,18,7,11,0,38.9,6.7,7.5,22.2,2,58,4.2,75.8,0.3889,0.0,11,0.1897,32.2,31.4,0.2857,1
DEMO-2288,Cloud Computing,Hard,1,3,38,28,6,4,73.7,41.2,53.7,47.5,2,53,4.1,86.9,0.7368,0.1053,10,0.1887,32.5,20.0,0.0714,1
DEMO-2289,Mobile Applications,Medium,1,4,31,14,12,5,45.2,32.9,44.3,37.0,2,91,4.9,68.0,0.4516,0.1613,17,0.1868,12.3,0.9,0.1429,1
DEMO-2290,Web Development,Medium,2,3,43,34,8,1,79.1,67.1,66.1,54.3,1,38,3.6,71.3,0.7907,0.0233,9,0.2368,12.0,13.0,0.0294,1
DEMO-2291,Data Science & Analytics,Medium,2,3,20,13,6,1,65.0,50.9,40.2,34.5,3,51,4.7,73.1,0.65,0.05,7,0.1373,14.1,24.8,0.2308,1
DEMO-2292,Blockchain,Hard,2,2,30,12,12,6,40.0,20.7,25.7,22.2,5,91,4.8,65.2,0.4,0.2,18,0.1978,19.3,14.3,0.4167,1
DEMO-2293,Cloud Computing,Medium,1,6,19,11,8,0,57.9,38.9,39.0,34.5,2,33,4.5,69.0,0.5789,0.0,8,0.2424,19.0,18.9,0.1818,1
DEMO-2294,Data Science & Analytics,Easy,1,2,12,7,4,1,58.3,26.8,34.2,48.3,4,28,4.1,79.7,0.5833,0.0833,5,0.1786,31.5,24.1,0.5714,1
DEMO-2295,Web Development,Medium,3,2,19,14,5,0,73.7,39.6,66.9,52.0,1,33,4.0,84.6,0.7368,0.0,5,0.1515,34.1,6.8,0.0714,1
DEMO-2296,Internet of Things (IoT),Medium,5,1,36,27,6,3,75.0,75.7,46.3,68.1,2,25,3.2,94.7,0.75,0.0833,9,0.36,0.0,28.7,0.0741,1
DEMO-2297,Web Development,Easy,1,3,35,19,11,5,54.3,22.1,56.1,42.3,2,47,4.7,84.6,0.5429,0.1429,16,0.3404,32.2,0.0,0.1053,1
DEMO-2298,Mobile Applications,Hard,1,1,44,38,4,2,86.4,80.3,62.4,65.6,1,15,4.6,98.0,0.8636,0.0455,6,0.4,6.1,24.0,0.0263,1
DEMO-2299,Cloud Computing,Medium,1,4,24,15,7,2,62.5,25.4,41.4,35.0,4,21,2.9,88.7,0.625,0.0833,9,0.4286,37.1,21.1,0.2667,0
DEMO-2300,Web Development,Hard,1,3,26,24,1,1,92.3,81.3,73.4,50.0,0,21,4.2,92.4,0.9231,0.0385,2,0.0952,11.0,18.9,0.0,1
DEMO-2301,Cloud Computing,Medium,1,6,39,26,13,0,66.7,33.2,65.4,39.3,2,7,4.1,98.0,0.6667,0.0,13,1.8571,33.5,1.3,0.0769,0
DEMO-2302,Data Science & Analytics,Medium,1,6,22,4,17,1,18.2,0.0,2.7,13.2,2,87,3.2,60.7,0.1818,0.0455,18,0.2069,18.2,15.5,0.5,0
DEMO-2303,Data Science & Analytics,Medium,2,2,13,3,9,1,23.1,2.7,11.2,15.9,1,114,2.9,62.7,0.2308,0.0769,10,0.0877,20.4,11.9,0.3333,0
DEMO-2304,Blockchain,Hard,2,5,14,10,3,1,71.4,56.9,39.4,71.0,4,13,4.1,89.0,0.7143,0.0714,4,0.3077,14.5,32.0,0.4,1
DEMO-2305,Blockchain,Medium,2,1,25,20,4,1,80.0,65.4,45.1,70.8,2,23,4.8,81.9,0.8,0.04,5,0.2174,14.6,34.9,0.1,1
DEMO-2306,Blockchain,Medium,2,6,44,19,24,1,43.2,25.7,26.2,35.6,4,29,4.7,74.8,0.4318,0.0227,25,0.8621,17.5,17.0,0.2105,0
DEMO-2307,Mobile Applications,Hard,1,4,30,26,3,1,86.7,48.2,84.5,84.8,2,22,3.0,85.2,0.8667,0.0333,4,0.1818,38.5,2.2,0.0769,1
DEMO-2308,Machine Learning & AI,Hard,3,5,36,32,2,2,88.9,88.2,82.6,75.6,0,26,2.5,91.0,0.8889,0.0556,4,0.1538,0.7,6.3,0.0,1
DEMO-2309,Data Science & Analytics,Medium,1,5,14,11,3,0,78.6,52.7,61.3,53.2,4,18,3.2,78.9,0.7857,0.0,3,0.1667,25.9,17.3,0.3636,1
DEMO-2310,Data Science & Analytics,Hard,4,3,12,7,5,0,58.3,38.7,40.0,51.1,3,30,2.8,78.4,0.5833,0.0,5,0.1667,19.6,18.3,0.4286,1
DEMO-2311,Mobile Applications,Easy,2,3,28,13,14,1,46.4,25.7,37.6,36.0,1,95,3.8,65.1,0.4643,0.0357,15,0.1579,20.7,8.8,0.0769,1
DEMO-2312,Machine Learning & AI,Hard,3,4,24,18,5,1,75.0,63.6,44.8,69.8,1,21,3.2,80.3,0.75,0.0417,6,0.2857,11.4,30.2,0.0556,1
DEMO-2313,Machine Learning & AI,Medium,4,2,24,1,19,4,4.2,0.0,3.1,3.7,4,92,3.7,55.9,0.0417,0.1667,23,0.25,4.2,1.1,4.0,0
DEMO-2314,Cybersecurity,Hard,4,3,44,14,25,5,31.8,4.5,18.6,28.6,6,50,4.1,64.0,0.3182,0.1136,30,0.6,27.3,13.2,0.4286,0
DEMO-2315,Machine Learning & AI,Easy,3,3,32,28,4,0,87.5,80.4,56.6,78.8,1,32,3.0,87.9,0.875,0.0,4,0.125,7.1,30.9,0.0357,1
DEMO-2316,Cybersecurity,Medium,2,4,34,25,8,1,73.5,69.8,68.5,61.4,1,8,4.1,80.6,0.7353,0.0294,9,1.125,3.7,5.0,0.04,1
DEMO-2317,Cybersecurity,Hard,1,6,33,18,8,7,54.5,54.0,42.5,28.1,4,47,5.0,67.2,0.5455,0.2121,15,0.3191,0.5,12.0,0.2222,1
DEMO-2318,Data Science & Analytics,Medium,2,6,23,9,13,1,39.1,26.4,25.6,25.6,5,73,3.7,68.8,0.3913,0.0435,14,0.1918,12.7,13.5,0.5556,1
DEMO-2319,Mobile Applications,Easy,5,5,23,9,12,2,39.1,20.1,12.7,28.0,3,69,3.0,66.8,0.3913,0.087,14,0.2029,19.0,26.4,0.3333,1
DEMO-2320,Internet of Things (IoT),Hard,2,2,10,7,2,1,70.0,39.2,50.6,51.5,4,34,2.8,83.0,0.7,0.1,3,0.0882,30.8,19.4,0.5714,1
DEMO-2321,Machine Learning & AI,Easy,2,6,32,2,28,2,6.2,0.0,0.0,5.8,2,80,2.7,66.2,0.0625,0.0625,30,0.375,6.2,6.2,1.0,0
DEMO-2322,Internet of Things (IoT),Easy,4,1,30,18,8,4,60.0,44.7,56.9,51.5,4,78,4.5,75.2,0.6,0.1333,12,0.1538,15.3,3.1,0.2222,1
DEMO-2323,Blockchain,Easy,1,3,17,11,4,2,64.7,36.8,54.3,58.2,0,51,4.9,84.8,0.6471,0.1176,6,0.1176,27.9,10.4,0.0,1
DEMO-2324,Cloud Computing,Medium,5,3,22,6,13,3,27.3,0.0,1.5,15.3,3,80,4.7,74.0,0.2727,0.1364,16,0.2,27.3,25.8,0.5,1
DEMO-2325,Cybersecurity,Hard,2,1,35,13,21,1,37.1,15.8,26.6,27.9,2,71,3.5,62.2,0.3714,0.0286,22,0.3099,21.3,10.5,0.1538,0
DEMO-2326,Machine Learning & AI,Hard,4,1,39,35,3,1,89.7,68.5,60.7,77.8,0,21,3.5,96.2,0.8974,0.0256,4,0.1905,21.2,29.0,0.0,1
DEMO-2327,Mobile Applications,Medium,2,2,27,4,18,5,14.8,0.0,0.0,7.9,5,121,4.2,64.7,0.1481,0.1852,23,0.1901,14.8,14.8,1.25,0
DEMO-2328,Mobile Applications,Medium,1,5,17,11,4,2,64.7,36.2,57.8,59.6,2,27,4.9,63.5,0.6471,0.1176,6,0.2222,28.5,6.9,0.1818,1
DEMO-2329,Machine Learning & AI,Easy,2,1,43,35,6,2,81.4,52.2,60.8,65.0,1,6,3.3,87.4,0.814,0.0465,8,1.3333,29.2,20.6,0.0286,1
DEMO-2330,Machine Learning & AI,Medium,4,4,37,10,17,10,27.0,12.7,0.0,21.2,3,43,3.1,81.9,0.2703,0.2703,27,0.6279,14.3,27.0,0.3,0
DEMO-2331,Data Science & Analytics,Medium,2,2,32,14,7,11,43.8,31.9,23.3,24.3,2,47,3.7,76.7,0.4375,0.3438,18,0.383,11.9,20.5,0.1429,0
DEMO-2332,Internet of Things (IoT),Medium,2,6,22,6,14,2,27.3,6.7,17.4,22.3,6,77,3.6,57.3,0.2727,0.0909,16,0.2078,20.6,9.9,1.0,0
DEMO-2333,Cloud Computing,Medium,2,6,26,20,4,2,76.9,51.5,37.9,75.3,2,40,4.6,81.9,0.7692,0.0769,6,0.15,25.4,39.0,0.1,1
DEMO-2334,Internet of Things (IoT),Hard,2,2,29,20,8,1,69.0,35.0,40.6,42.1,2,29,4.5,76.2,0.6897,0.0345,9,0.3103,34.0,28.4,0.1,0
DEMO-2335,Mobile Applications,Easy,1,3,25,12,10,3,48.0,28.3,14.9,47.4,1,39,3.6,66.2,0.48,0.12,13,0.3333,19.7,33.1,0.0833,1
DEMO-2336,Machine Learning & AI,Hard,3,4,41,30,3,8,73.2,52.6,58.9,40.1,4,51,3.9,84.6,0.7317,0.1951,11,0.2157,20.6,14.3,0.1333,1
DEMO-2337,Mobile Applications,Medium,3,5,21,20,0,1,95.2,80.4,75.9,53.0,2,7,3.0,98.0,0.9524,0.0476,1,0.1429,14.8,19.3,0.1,1
DEMO-2338,Web Development,Easy,3,4,35,14,21,0,40.0,3.4,20.4,26.1,4,66,4.1,70.3,0.4,0.0,21,0.3182,36.6,19.6,0.2857,1
DEMO-2339,Cybersecurity,Medium,2,1,16,4,10,2,25.0,0.0,0.0,21.5,5,65,2.7,72.6,0.25,0.125,12,0.1846,25.0,25.0,1.25,0
DEMO-2340,Internet of Things (IoT),Hard,3,6,43,38,4,1,88.4,62.4,87.3,52.5,0,9,4.8,80.9,0.8837,0.0233,5,0.5556,26.0,1.1,0.0,1
DEMO-2341,Web Development,Hard,4,3,16,4,10,2,25.0,11.9,17.0,17.2,7,89,2.6,62.0,0.25,0.125,12,0.1348,13.1,8.0,1.75,0
DEMO-2342,Blockchain,Hard,1,1,44,9,25,10,20.5,0.0,16.3,14.3,6,49,4.2,58.7,0.2045,0.2273,35,0.7143,20.5,4.2,0.6667,0
DEMO-2343,Blockchain,Easy,4,2,31,9,17,5,29.0,11.0,23.0,27.1,3,65,3.1,58.4,0.2903,0.1613,22,0.3385,18.0,6.0,0.3333,0
DEMO-2344,Web Development,Easy,3,5,12,4,7,1,33.3,7.3,12.1,19.1,2,41,3.2,67.1,0.3333,0.0833,8,0.1951,26.0,21.2,0.5,0
DEMO-2345,Data Science & Analytics,Hard,2,1,40,22,9,9,55.0,48.8,55.8,31.2,3,33,3.4,70.2,0.55,0.225,18,0.5455,6.2,0.0,0.1364,0
DEMO-2346,Cybersecurity,Hard,3,4,36,15,15,6,41.7,0.8,18.3,29.6,6,94,4.9,67.9,0.4167,0.1667,21,0.2234,40.9,23.4,0.4,0
DEMO-2347,Blockchain,Easy,1,3,40,2,32,6,5.0,0.0,0.0,4.2,3,95,3.7,70.8,0.05,0.15,38,0.4,5.0,5.0,1.5,0
DEMO-2348,Mobile Applications,Easy,2,5,22,12,5,5,54.5,37.2,25.1,44.6,4,10,2.8,70.0,0.5455,0.2273,10,1.0,17.3,29.4,0.3333,0
DEMO-2349,Blockchain,Hard,3,3,31,2,23,6,6.5,0.0,1.6,5.1,6,96,2.7,57.6,0.0645,0.1935,29,0.3021,6.5,4.9,3.0,0
DEMO-2350,Cloud Computing,Medium,2,6,27,13,13,1,48.1,27.2,29.3,24.7,4,54,3.0,60.2,0.4815,0.037,14,0.2593,20.9,18.8,0.3077,0
DEMO-2351,Data Science & Analytics,Medium,3,3,30,15,14,1,50.0,13.0,48.8,49.5,3,50,2.5,78.6,0.5,0.0333,15,0.3,37.0,1.2,0.2,1
DEMO-2352,Blockchain,Medium,1,3,10,6,4,0,60.0,23.8,41.6,44.7,3,45,2.5,82.6,0.6,0.0,4,0.0889,36.2,18.4,0.5,1
DEMO-2353,Web Development,Medium,1,1,19,2,12,5,10.5,0.0,0.0,7.8,2,59,4.1,58.4,0.1053,0.2632,17,0.2881,10.5,10.5,1.0,0
DEMO-2354,Internet of Things (IoT),Hard,2,2,25,9,11,5,36.0,23.7,13.6,27.5,5,46,3.8,76.1,0.36,0.2,16,0.3478,12.3,22.4,0.5556,0
DEMO-2355,Blockchain,Hard,1,4,32,12,15,5,37.5,17.5,26.7,30.6,3,54,2.8,70.3,0.375,0.1562,20,0.3704,20.0,10.8,0.25,0
DEMO-2356,Cloud Computing,Hard,2,1,22,19,3,0,86.4,63.3,86.7,60.7,0,13,4.4,73.0,0.8636,0.0,3,0.2308,23.1,0.0,0.0,1
DEMO-2357,Blockchain,Hard,3,2,40,22,17,1,55.0,34.6,34.2,28.4,0,69,4.2,73.0,0.55,0.025,18,0.2609,20.4,20.8,0.0,1
DEMO-2358,Machine Learning & AI,Hard,1,1,13,12,1,0,92.3,78.1,89.0,74.1,0,39,3.8,81.0,0.9231,0.0,1,0.0256,14.2,3.3,0.0,1
DEMO-2359,Internet of Things (IoT),Easy,2,4,25,25,0,0,100.0,71.5,72.5,51.7,0,11,2.8,81.8,1.0,0.0,0,0.0,28.5,27.5,0.0,1
DEMO-2360,Internet of Things (IoT),Medium,3,3,43,30,10,3,69.8,43.3,46.1,44.2,2,23,4.2,83.6,0.6977,0.0698,13,0.5652,26.5,23.7,0.0667,1
DEMO-2361,Cloud Computing,Medium,2,4,24,8,15,1,33.3,13.8,22.4,17.7,3,71,4.3,68.5,0.3333,0.0417,16,0.2254,19.5,10.9,0.375,1
DEMO-2362,Data Science & Analytics,Easy,1,6,37,12,22,3,32.4,25.5,10.7,29.2,3,83,3.7,76.4,0.3243,0.0811,25,0.3012,6.9,21.7,0.25,1
DEMO-2363,Internet of Things (IoT),Hard,3,3,16,6,4,6,37.5,12.1,36.2,28.1,5,39,2.6,54.6,0.375,0.375,10,0.2564,25.4,1.3,0.8333,0
DEMO-2364,Mobile Applications,Hard,2,3,24,24,0,0,100.0,85.5,93.4,98.6,0,22,3.3,90.5,1.0,0.0,0,0.0,14.5,6.6,0.0,1
DEMO-2365,Cybersecurity,Medium,4,4,22,10,11,1,45.5,42.1,20.9,31.2,3,46,2.5,66.1,0.4545,0.0455,12,0.2609,3.4,24.6,0.3,1
DEMO-2366,Blockchain,Hard,3,1,18,12,5,1,66.7,66.4,33.6,52.6,1,59,3.1,77.0,0.6667,0.0556,6,0.1017,0.3,33.1,0.0833,1
DEMO-2367,Cybersecurity,Easy,2,5,35,2,33,0,5.7,0.0,0.0,3.0,1,62,4.4,64.0,0.0571,0.0,33,0.5323,5.7,5.7,0.5,0
DEMO-2368,Blockchain,Easy,3,5,32,23,7,2,71.9,68.8,70.8,67.4,0,33,4.9,85.2,0.7188,0.0625,9,0.2727,3.1,1.1,0.0,1
DEMO-2369,Cloud Computing,Medium,2,2,41,34,6,1,82.9,65.1,73.0,79.9,0,22,4.6,98.0,0.8293,0.0244,7,0.3182,17.8,9.9,0.0,1
DEMO-2370,Cloud Computing,Medium,2,1,33,6,27,0,18.2,0.0,5.5,12.5,1,91,3.6,87.3,0.1818,0.0,27,0.2967,18.2,12.7,0.1667,0
DEMO-2371,Cybersecurity,Easy,2,1,42,30,11,1,71.4,31.3,57.7,45.2,3,20,2.9,78.4,0.7143,0.0238,12,0.6,40.1,13.7,0.1,1
DEMO-2372,Internet of Things (IoT),Medium,1,6,34,25,9,0,73.5,41.7,61.7,60.7,1,16,2.7,92.2,0.7353,0.0,9,0.5625,31.8,11.8,0.04,1
DEMO-2373,Web Development,Easy,2,6,18,1,15,2,5.6,0.0,3.1,3.3,3,81,3.8,61.5,0.0556,0.1111,17,0.2099,5.6,2.5,3.0,0
DEMO-2374,Cloud Computing,Medium,3,6,21,11,9,1,52.4,22.6,26.8,27.1,3,63,4.9,77.7,0.5238,0.0476,10,0.1587,29.8,25.6,0.2727,1
DEMO-2375,Web Development,Medium,4,5,32,28,4,0,87.5,51.8,61.0,87.0,0,12,3.6,98.0,0.875,0.0,4,0.3333,35.7,26.5,0.0,1
DEMO-2376,Data Science & Analytics,Medium,5,6,27,20,6,1,74.1,59.0,43.4,41.3,2,34,3.2,68.3,0.7407,0.037,7,0.2059,15.1,30.7,0.1,1
DEMO-2377,Cybersecurity,Medium,2,1,10,7,1,2,70.0,56.8,42.5,62.2,2,22,4.2,87.6,0.7,0.2,3,0.1364,13.2,27.5,0.2857,1
DEMO-2378,Data Science & Analytics,Medium,2,5,32,29,3,0,90.6,62.6,96.5,64.7,0,29,3.5,96.6,0.9062,0.0,3,0.1034,28.0,0.0,0.0,1
DEMO-2379,Cloud Computing,Medium,1,6,35,6,24,5,17.1,12.3,6.5,11.6,4,108,3.0,68.4,0.1714,0.1429,29,0.2685,4.8,10.6,0.6667,0
DEMO-2380,Blockchain,Easy,1,4,10,2,6,2,20.0,0.0,0.0,12.3,2,100,4.7,65.8,0.2,0.2,8,0.08,20.0,20.0,1.0,0
DEMO-2381,Blockchain,Easy,3,4,45,16,24,5,35.6,29.5,11.5,26.6,3,44,3.8,81.8,0.3556,0.1111,29,0.6591,6.1,24.1,0.1875,0
DEMO-2382,Data Science & Analytics,Easy,2,5,36,12,19,5,33.3,6.4,7.2,29.0,5,71,2.9,76.7,0.3333,0.1389,24,0.338,26.9,26.1,0.4167,0
DEMO-2383,Cybersecurity,Medium,2,5,18,6,12,0,33.3,18.8,18.3,20.2,3,56,3.7,74.6,0.3333,0.0,12,0.2143,14.5,15.0,0.5,0
DEMO-2384,Web Development,Easy,2,5,16,5,5,6,31.2,8.9,17.3,15.7,3,87,2.7,68.1,0.3125,0.375,11,0.1264,22.3,13.9,0.6,0
DEMO-2385,Mobile Applications,Easy,1,1,33,26,5,2,78.8,70.5,65.0,47.8,0,60,2.6,92.2,0.7879,0.0606,7,0.1167,8.3,13.8,0.0,1
DEMO-2386,Blockchain,Medium,1,5,13,7,6,0,53.8,19.9,20.7,27.5,1,57,4.0,74.7,0.5385,0.0,6,0.1053,33.9,33.1,0.1429,1
DEMO-2387,Cloud Computing,Medium,2,3,31,5,20,6,16.1,0.0,19.9,9.9,1,56,2.6,69.6,0.1613,0.1935,26,0.4643,16.1,0.0,0.2,0
DEMO-2388,Internet of Things (IoT),Medium,1,4,21,6,10,5,28.6,13.0,10.2,15.0,4,85,3.1,72.3,0.2857,0.2381,15,0.1765,15.6,18.4,0.6667,0
DEMO-2389,Machine Learning & AI,Medium,3,3,26,21,4,1,80.8,53.4,75.9,65.2,0,43,3.2,77.6,0.8077,0.0385,5,0.1163,27.4,4.9,0.0,1
DEMO-2390,Web Development,Medium,2,5,39,14,23,2,35.9,3.1,26.2,33.3,2,108,3.0,66.1,0.359,0.0513,25,0.2315,32.8,9.7,0.1429,0
DEMO-2391,Web Development,Hard,5,2,33,31,2,0,93.9,67.1,85.5,86.9,2,15,4.8,87.5,0.9394,0.0,2,0.1333,26.8,8.4,0.0645,1
DEMO-2392,Cybersecurity,Hard,2,5,20,9,10,1,45.0,22.8,42.7,41.5,1,91,4.2,68.2,0.45,0.05,11,0.1209,22.2,2.3,0.1111,1
DEMO-2393,Blockchain,Easy,1,4,36,18,17,1,50.0,15.3,12.3,41.0,5,75,4.5,75.6,0.5,0.0278,18,0.24,34.7,37.7,0.2778,1
DEMO-2394,Internet of Things (IoT),Hard,2,6,31,26,4,1,83.9,70.3,58.3,47.3,1,19,3.4,84.7,0.8387,0.0323,5,0.2632,13.6,25.6,0.0385,1
DEMO-2395,Internet of Things (IoT),Hard,3,3,21,18,2,1,85.7,84.7,69.8,70.3,0,6,4.9,82.0,0.8571,0.0476,3,0.5,1.0,15.9,0.0,1
DEMO-2396,Cybersecurity,Medium,2,1,11,7,2,2,63.6,38.3,57.1,37.5,3,47,4.0,79.9,0.6364,0.1818,4,0.0851,25.3,6.5,0.4286,1
DEMO-2397,Cybersecurity,Hard,1,2,20,10,4,6,50.0,41.6,35.1,33.0,5,73,3.5,76.9,0.5,0.3,10,0.137,8.4,14.9,0.5,1
DEMO-2398,Web Development,Hard,5,6,17,11,5,1,64.7,35.0,43.7,45.8,4,50,2.6,82.2,0.6471,0.0588,6,0.12,29.7,21.0,0.3636,1
DEMO-2399,Internet of Things (IoT),Easy,4,3,38,5,29,4,13.2,0.0,0.0,9.1,1,65,4.7,60.3,0.1316,0.1053,33,0.5077,13.2,13.2,0.2,0
DEMO-2400,Internet of Things (IoT),Easy,2,5,44,26,14,4,59.1,32.4,40.5,36.0,1,64,4.9,98.0,0.5909,0.0909,18,0.2812,26.7,18.6,0.0385,1
DEMO-2401,Mobile Applications,Hard,2,3,45,45,0,0,100.0,82.0,90.3,69.8,1,6,4.7,85.0,1.0,0.0,0,0.0,18.0,9.7,0.0222,1
DEMO-2402,Internet of Things (IoT),Easy,4,1,18,9,8,1,50.0,32.7,33.2,26.7,2,49,2.9,86.5,0.5,0.0556,9,0.1837,17.3,16.8,0.2222,1
DEMO-2403,Blockchain,Medium,3,1,29,21,5,3,72.4,64.3,71.0,54.1,1,42,2.6,82.6,0.7241,0.1034,8,0.1905,8.1,1.4,0.0476,1
DEMO-2404,Machine Learning & AI,Medium,2,1,45,42,2,1,93.3,76.4,81.8,56.2,0,9,3.0,87.5,0.9333,0.0222,3,0.3333,16.9,11.5,0.0,1
DEMO-2405,Cybersecurity,Easy,1,3,45,15,11,19,33.3,12.0,5.6,27.0,4,37,3.3,57.3,0.3333,0.4222,30,0.8108,21.3,27.7,0.2667,0
DEMO-2406,Mobile Applications,Medium,2,1,45,15,22,8,33.3,23.7,27.0,20.3,2,65,3.1,73.8,0.3333,0.1778,30,0.4615,9.6,6.3,0.1333,1
DEMO-2407,Blockchain,Medium,1,6,27,17,9,1,63.0,49.8,54.2,34.1,0,29,4.3,88.8,0.6296,0.037,10,0.3448,13.2,8.8,0.0,1
DEMO-2408,Internet of Things (IoT),Hard,3,6,35,24,9,2,68.6,30.6,51.5,53.1,6,56,2.8,88.6,0.6857,0.0571,11,0.1964,38.0,17.1,0.25,1
DEMO-2409,Blockchain,Medium,4,2,44,8,36,0,18.2,0.0,0.0,16.7,6,120,3.3,79.3,0.1818,0.0,36,0.3,18.2,18.2,0.75,0
DEMO-2410,Internet of Things (IoT),Easy,2,2,32,30,2,0,93.8,70.2,80.6,82.9,3,11,3.7,86.0,0.9375,0.0,2,0.1818,23.6,13.2,0.1,1
DEMO-2411,Mobile Applications,Medium,1,1,10,4,5,1,40.0,24.1,16.9,21.4,4,50,3.4,88.2,0.4,0.1,6,0.12,15.9,23.1,1.0,1
DEMO-2412,Cloud Computing,Hard,3,6,29,6,13,10,20.7,1.4,14.6,12.5,6,103,4.9,64.8,0.2069,0.3448,23,0.2233,19.3,6.1,1.0,0
DEMO-2413,Mobile Applications,Medium,2,3,22,18,4,0,81.8,65.8,83.3,48.4,1,23,2.8,81.4,0.8182,0.0,4,0.1739,16.0,0.0,0.0556,1
DEMO-2414,Internet of Things (IoT),Hard,2,3,21,19,1,1,90.5,56.4,84.3,70.1,1,27,3.1,92.5,0.9048,0.0476,2,0.0741,34.1,6.2,0.0526,1
DEMO-2415,Data Science & Analytics,Easy,3,3,10,9,1,0,90.0,81.6,59.2,49.8,0,7,2.9,89.1,0.9,0.0,1,0.1429,8.4,30.8,0.0,1
DEMO-2416,Cloud Computing,Medium,2,1,32,2,29,1,6.2,4.1,0.0,4.1,2,72,3.0,52.3,0.0625,0.0312,30,0.4167,2.1,6.2,1.0,0
DEMO-2417,Data Science & Analytics,Medium,2,6,29,8,19,2,27.6,8.1,18.8,24.9,5,70,4.9,61.5,0.2759,0.069,21,0.3,19.5,8.8,0.625,0
DEMO-2418,Web Development,Easy,4,6,40,2,23,15,5.0,0.0,0.0,4.9,1,49,4.5,51.3,0.05,0.375,38,0.7755,5.0,5.0,0.5,0
DEMO-2419,Cybersecurity,Hard,1,1,36,21,12,3,58.3,32.6,31.2,31.2,5,47,4.0,74.4,0.5833,0.0833,15,0.3191,25.7,27.1,0.2381,1
DEMO-2420,Cybersecurity,Hard,2,5,12,10,1,1,83.3,76.6,67.2,72.3,0,15,4.3,93.4,0.8333,0.0833,2,0.1333,6.7,16.1,0.0,1
DEMO-2421,Mobile Applications,Easy,1,4,23,5,17,1,21.7,0.0,13.4,18.3,3,112,4.1,63.9,0.2174,0.0435,18,0.1607,21.7,8.3,0.6,0
DEMO-2422,Machine Learning & AI,Easy,1,2,25,11,11,3,44.0,30.2,38.3,38.8,3,77,4.0,73.9,0.44,0.12,14,0.1818,13.8,5.7,0.2727,1
DEMO-2423,Internet of Things (IoT),Medium,3,5,20,12,6,2,60.0,35.7,41.3,41.5,3,56,3.3,87.8,0.6,0.1,8,0.1429,24.3,18.7,0.25,1
DEMO-2424,Blockchain,Medium,2,1,35,16,19,0,45.7,9.4,20.4,25.7,3,90,4.3,76.8,0.4571,0.0,19,0.2111,36.3,25.3,0.1875,1
DEMO-2425,Mobile Applications,Easy,1,1,43,19,22,2,44.2,34.1,12.3,35.2,6,58,4.7,62.5,0.4419,0.0465,24,0.4138,10.1,31.9,0.3158,0
DEMO-2426,Web Development,Hard,3,3,31,6,23,2,19.4,0.0,0.0,19.1,5,63,4.3,62.0,0.1935,0.0645,25,0.3968,19.4,19.4,0.8333,0
DEMO-2427,Cloud Computing,Hard,1,4,15,6,8,1,40.0,0.0,42.2,24.7,6,28,3.8,64.7,0.4,0.0667,9,0.3214,40.0,0.0,1.0,0
DEMO-2428,Cybersecurity,Medium,3,1,12,4,7,1,33.3,13.5,25.6,31.3,1,84,3.0,61.5,0.3333,0.0833,8,0.0952,19.8,7.7,0.25,0
DEMO-2429,Internet of Things (IoT),Medium,2,1,36,15,16,5,41.7,10.3,19.3,24.6,4,85,4.1,74.2,0.4167,0.1389,21,0.2471,31.4,22.4,0.2667,0
DEMO-2430,Cybersecurity,Medium,3,5,33,17,15,1,51.5,24.1,32.5,50.8,1,54,2.9,72.4,0.5152,0.0303,16,0.2963,27.4,19.0,0.0588,1
DEMO-2431,Cloud Computing,Hard,2,2,25,11,7,7,44.0,29.1,16.2,34.2,0,55,4.7,77.1,0.44,0.28,14,0.2545,14.9,27.8,0.0,1
DEMO-2432,Data Science & Analytics,Hard,2,5,22,18,3,1,81.8,76.2,57.1,71.2,0,16,3.7,98.0,0.8182,0.0455,4,0.25,5.6,24.7,0.0,1
DEMO-2433,Web Development,Easy,2,1,23,8,13,2,34.8,31.2,9.6,26.7,1,102,3.2,80.1,0.3478,0.087,15,0.1471,3.6,25.2,0.125,1
DEMO-2434,Internet of Things (IoT),Medium,4,1,11,8,2,1,72.7,59.2,71.0,49.6,2,15,2.7,78.0,0.7273,0.0909,3,0.2,13.5,1.7,0.25,1
DEMO-2435,Data Science & Analytics,Hard,4,1,40,5,24,11,12.5,0.0,0.0,10.3,5,53,4.8,59.9,0.125,0.275,35,0.6604,12.5,12.5,1.0,0
DEMO-2436,Cloud Computing,Hard,4,1,42,9,21,12,21.4,8.6,12.6,19.8,2,76,3.7,63.2,0.2143,0.2857,33,0.4342,12.8,8.8,0.2222,0
DEMO-2437,Internet of Things (IoT),Hard,2,2,35,8,24,3,22.9,0.0,3.1,18.6,5,49,3.6,64.6,0.2286,0.0857,27,0.551,22.9,19.8,0.625,0
DEMO-2438,Blockchain,Easy,2,1,44,30,10,4,68.2,54.1,58.5,61.5,3,26,2.6,85.5,0.6818,0.0909,14,0.5385,14.1,9.7,0.1,1
DEMO-2439,Data Science & Analytics,Easy,4,2,36,19,11,6,52.8,36.6,42.1,48.1,2,46,2.6,68.6,0.5278,0.1667,17,0.3696,16.2,10.7,0.1053,1
DEMO-2440,Web Development,Medium,2,5,22,17,4,1,77.3,39.9,53.7,44.0,3,28,3.6,75.8,0.7727,0.0455,5,0.1786,37.4,23.6,0.1765,1
DEMO-2441,Internet of Things (IoT),Easy,4,5,42,19,20,3,45.2,19.0,23.2,28.3,6,32,4.9,74.6,0.4524,0.0714,23,0.7188,26.2,22.0,0.3158,0
DEMO-2442,Data Science & Analytics,Medium,1,1,10,3,6,1,30.0,25.3,22.6,29.0,4,90,3.4,64.3,0.3,0.1,7,0.0778,4.7,7.4,1.3333,0
DEMO-2443,Web Development,Easy,2,3,37,24,11,2,64.9,42.0,44.4,62.2,1,80,3.9,76.6,0.6486,0.0541,13,0.1625,22.9,20.5,0.0417,1
DEMO-2444,Mobile Applications,Hard,3,1,43,36,3,4,83.7,77.5,60.2,45.2,0,35,3.0,96.5,0.8372,0.093,7,0.2,6.2,23.5,0.0,1
DEMO-2445,Data Science & Analytics,Hard,2,6,39,10,23,6,25.6,0.0,4.4,19.7,5,82,3.7,72.7,0.2564,0.1538,29,0.3537,25.6,21.2,0.5,0
DEMO-2446,Cloud Computing,Easy,1,3,20,15,3,2,75.0,34.4,75.8,53.6,3,20,3.2,84.0,0.75,0.1,5,0.25,40.6,0.0,0.2,1
DEMO-2447,Blockchain,Medium,5,6,33,33,0,0,100.0,73.6,83.8,51.1,0,14,3.2,97.9,1.0,0.0,0,0.0,26.4,16.2,0.0,1
DEMO-2448,Cloud Computing,Easy,5,6,21,10,10,1,47.6,33.3,29.2,28.9,4,60,2.9,79.3,0.4762,0.0476,11,0.1833,14.3,18.4,0.4,1
DEMO-2449,Web Development,Easy,2,3,29,7,21,1,24.1,0.0,26.6,23.6,2,58,3.9,63.7,0.2414,0.0345,22,0.3793,24.1,0.0,0.2857,0
DEMO-2450,Internet of Things (IoT),Easy,4,5,10,7,3,0,70.0,30.3,47.1,63.0,2,37,3.5,73.2,0.7,0.0,3,0.0811,39.7,22.9,0.2857,1
DEMO-2451,Cybersecurity,Easy,3,2,32,18,14,0,56.2,34.6,46.3,55.5,4,54,3.4,61.0,0.5625,0.0,14,0.2593,21.6,9.9,0.2222,1
DEMO-2452,Cloud Computing,Medium,1,4,34,24,10,0,70.6,42.5,47.1,41.9,1,24,2.8,76.8,0.7059,0.0,10,0.4167,28.1,23.5,0.0417,1
DEMO-2453,Internet of Things (IoT),Medium,1,2,39,7,12,20,17.9,0.0,19.2,15.5,4,104,5.0,61.4,0.1795,0.5128,32,0.3077,17.9,0.0,0.5714,0
DEMO-2454,Internet of Things (IoT),Medium,4,4,33,22,9,2,66.7,62.4,57.2,38.6,1,73,4.9,63.0,0.6667,0.0606,11,0.1507,4.3,9.5,0.0455,1
DEMO-2455,Web Development,Hard,2,4,28,12,8,8,42.9,39.0,23.2,33.6,3,47,3.5,76.8,0.4286,0.2857,16,0.3404,3.9,19.7,0.25,0
DEMO-2456,Cybersecurity,Easy,2,2,43,14,28,1,32.6,1.5,7.2,27.1,4,53,3.3,82.7,0.3256,0.0233,29,0.5472,31.1,25.4,0.2857,0
DEMO-2457,Data Science & Analytics,Medium,1,1,22,1,20,1,4.5,0.0,0.0,3.8,6,92,4.2,57.9,0.0455,0.0455,21,0.2283,4.5,4.5,6.0,0
DEMO-2458,Machine Learning & AI,Hard,2,6,11,5,5,1,45.5,27.3,40.8,25.8,2,31,4.7,71.1,0.4545,0.0909,6,0.1935,18.2,4.7,0.4,1
DEMO-2459,Machine Learning & AI,Medium,2,4,13,8,3,2,61.5,38.8,57.5,45.9,5,44,3.9,83.1,0.6154,0.1538,5,0.1136,22.7,4.0,0.625,1
DEMO-2460,Mobile Applications,Hard,3,3,33,20,10,3,60.6,30.4,54.7,50.2,4,40,3.4,69.4,0.6061,0.0909,13,0.325,30.2,5.9,0.2,1
DEMO-2461,Internet of Things (IoT),Hard,1,5,25,8,6,11,32.0,23.4,35.6,25.6,8,49,2.6,80.0,0.32,0.44,17,0.3469,8.6,0.0,1.0,0
DEMO-2462,Data Science & Analytics,Hard,2,3,33,12,16,5,36.4,27.4,31.3,30.3,3,34,3.9,73.6,0.3636,0.1515,21,0.6176,9.0,5.1,0.25,0
DEMO-2463,Blockchain,Medium,3,3,43,9,27,7,20.9,6.0,5.7,15.8,3,66,3.6,49.7,0.2093,0.1628,34,0.5152,14.9,15.2,0.3333,0
DEMO-2464,Internet of Things (IoT),Medium,2,3,29,15,11,3,51.7,21.0,20.9,26.6,2,53,3.7,76.4,0.5172,0.1034,14,0.2642,30.7,30.8,0.1333,1
DEMO-2465,Blockchain,Easy,3,3,35,21,10,4,60.0,37.0,37.9,50.5,3,21,4.2,84.4,0.6,0.1143,14,0.6667,23.0,22.1,0.1429,0
DEMO-2466,Data Science & Analytics,Medium,1,5,12,8,4,0,66.7,63.7,61.9,40.4,3,47,3.2,73.1,0.6667,0.0,4,0.0851,3.0,4.8,0.375,1
DEMO-2467,Blockchain,Medium,1,2,41,7,22,12,17.1,0.0,0.1,16.0,5,105,4.4,66.1,0.1707,0.2927,34,0.3238,17.1,17.0,0.7143,0
DEMO-2468,Cloud Computing,Hard,2,3,24,8,15,1,33.3,29.6,5.2,20.7,4,91,4.9,67.3,0.3333,0.0417,16,0.1758,3.7,28.1,0.5,0
DEMO-2469,Cybersecurity,Medium,2,1,37,31,5,1,83.8,63.3,72.8,81.4,1,18,4.0,98.0,0.8378,0.027,6,0.3333,20.5,11.0,0.0323,1
DEMO-2470,Internet of Things (IoT),Easy,2,3,17,7,10,0,41.2,12.5,26.6,37.9,1,69,4.7,75.2,0.4118,0.0,10,0.1449,28.7,14.6,0.1429,1
DEMO-2471,Data Science & Analytics,Medium,2,4,14,4,7,3,28.6,13.2,10.4,25.8,3,77,4.0,72.0,0.2857,0.2143,10,0.1299,15.4,18.2,0.75,0
DEMO-2472,Cloud Computing,Hard,2,3,42,4,24,14,9.5,0.0,0.0,8.1,7,81,3.4,67.8,0.0952,0.3333,38,0.4691,9.5,9.5,1.75,0
DEMO-2473,Mobile Applications,Medium,2,2,17,14,3,0,82.4,66.6,63.0,71.6,2,36,3.3,88.0,0.8235,0.0,3,0.0833,15.8,19.4,0.1429,1
DEMO-2474,Cybersecurity,Medium,2,6,17,10,6,1,58.8,24.3,58.3,39.2,3,25,2.9,89.9,0.5882,0.0588,7,0.28,34.5,0.5,0.3,1
DEMO-2475,Data Science & Analytics,Easy,1,1,12,7,5,0,58.3,44.5,34.9,30.0,4,48,3.5,80.7,0.5833,0.0,5,0.1042,13.8,23.4,0.5714,1
DEMO-2476,Web Development,Hard,2,5,21,7,11,3,33.3,7.9,30.1,23.2,6,65,2.6,61.9,0.3333,0.1429,14,0.2154,25.4,3.2,0.8571,0
DEMO-2477,Cybersecurity,Medium,2,1,21,12,9,0,57.1,41.7,40.2,55.7,2,36,4.4,78.6,0.5714,0.0,9,0.25,15.4,16.9,0.1667,1
DEMO-2478,Cybersecurity,Easy,4,1,37,13,22,2,35.1,16.4,22.1,28.7,3,52,4.3,70.2,0.3514,0.0541,24,0.4615,18.7,13.0,0.2308,0
DEMO-2479,Mobile Applications,Medium,3,3,10,4,3,3,40.0,23.1,23.7,30.2,0,69,3.0,73.0,0.4,0.3,6,0.087,16.9,16.3,0.0,1
DEMO-2480,Internet of Things (IoT),Easy,2,2,19,18,1,0,94.7,76.4,81.8,94.7,0,18,2.7,87.6,0.9474,0.0,1,0.0556,18.3,12.9,0.0,1
DEMO-2481,Web Development,Hard,2,1,43,42,1,0,97.7,93.4,87.6,51.6,1,15,4.9,86.4,0.9767,0.0,1,0.0667,4.3,10.1,0.0238,1
DEMO-2482,Internet of Things (IoT),Easy,2,6,32,18,14,0,56.2,44.6,39.8,49.5,2,45,2.8,77.8,0.5625,0.0,14,0.3111,11.6,16.4,0.1111,1
DEMO-2483,Cloud Computing,Medium,2,6,30,2,27,1,6.7,0.0,6.3,4.1,4,93,4.3,60.2,0.0667,0.0333,28,0.3011,6.7,0.4,2.0,0
DEMO-2484,Mobile Applications,Medium,3,4,25,8,16,1,32.0,17.1,23.1,23.6,2,59,2.7,74.1,0.32,0.04,17,0.2881,14.9,8.9,0.25,0
DEMO-2485,Blockchain,Easy,2,4,30,15,10,5,50.0,18.5,34.7,35.1,4,37,2.7,70.2,0.5,0.1667,15,0.4054,31.5,15.3,0.2667,1
DEMO-2486,Machine Learning & AI,Hard,3,4,30,12,15,3,40.0,27.3,33.8,37.3,5,34,3.8,52.0,0.4,0.1,18,0.5294,12.7,6.2,0.4167,0
DEMO-2487,Mobile Applications,Medium,2,6,40,12,25,3,30.0,16.8,20.4,21.2,3,78,4.7,64.5,0.3,0.075,28,0.359,13.2,9.6,0.25,1
DEMO-2488,Cybersecurity,Medium,1,1,22,17,5,0,77.3,46.4,78.1,67.4,2,29,2.7,84.6,0.7727,0.0,5,0.1724,30.9,0.0,0.1176,1
DEMO-2489,Cybersecurity,Hard,2,5,44,21,15,8,47.7,28.7,28.1,46.7,3,46,4.8,70.3,0.4773,0.1818,23,0.5,19.0,19.6,0.1429,0
DEMO-2490,Mobile Applications,Hard,2,6,16,5,11,0,31.2,7.7,31.0,23.0,3,104,2.7,68.0,0.3125,0.0,11,0.1058,23.5,0.2,0.6,0
DEMO-2491,Web Development,Hard,1,1,15,8,4,3,53.3,51.2,32.9,50.6,3,95,3.9,82.2,0.5333,0.2,7,0.0737,2.1,20.4,0.375,0
DEMO-2492,Mobile Applications,Medium,2,4,19,9,9,1,47.4,19.9,19.7,31.1,4,83,3.9,88.3,0.4737,0.0526,10,0.1205,27.5,27.7,0.4444,1
DEMO-2493,Internet of Things (IoT),Easy,2,3,38,23,10,5,60.5,17.9,59.9,53.1,3,75,4.5,89.1,0.6053,0.1316,15,0.2,42.6,0.6,0.1304,1
DEMO-2494,Machine Learning & AI,Hard,2,4,17,13,3,1,76.5,65.7,61.6,42.8,1,53,4.6,91.9,0.7647,0.0588,4,0.0755,10.8,14.9,0.0769,1
DEMO-2495,Data Science & Analytics,Hard,3,6,42,26,14,2,61.9,38.9,46.3,60.5,1,27,4.8,73.6,0.619,0.0476,16,0.5926,23.0,15.6,0.0385,1
DEMO-2496,Internet of Things (IoT),Medium,3,6,42,8,17,17,19.0,0.0,13.8,11.8,3,100,4.4,59.1,0.1905,0.4048,34,0.34,19.0,5.2,0.375,0
DEMO-2497,Machine Learning & AI,Medium,2,4,31,11,14,6,35.5,10.5,20.4,35.4,0,42,2.8,88.5,0.3548,0.1935,20,0.4762,25.0,15.1,0.0,0
DEMO-2498,Cybersecurity,Medium,2,5,20,16,3,1,80.0,59.2,53.3,72.7,1,23,4.0,85.9,0.8,0.05,4,0.1739,20.8,26.7,0.0625,1
DEMO-2499,Internet of Things (IoT),Medium,3,4,14,10,3,1,71.4,35.5,70.8,46.8,3,22,2.5,88.5,0.7143,0.0714,4,0.1818,35.9,0.6,0.3,1
DEMO-2500,Blockchain,Medium,1,4,20,6,11,3,30.0,12.8,14.5,15.7,1,85,3.1,65.2,0.3,0.15,14,0.1647,17.2,15.5,0.1667,0
